feature,modality,feature_group,feature_type,aggregation,analysis_role,class_id,class_name,n_subjects_total,n_nonmissing,missing_subject_fraction,median,q25,q75,iqr,cn_reference_median,median_diff_vs_cn,robust_smd_vs_cn,cliffs_delta_vs_cn,abs_cliffs_delta_vs_cn,max_abs_cliffs_delta_non_cn
activity__activity_average_met__subject_day_iqr,activity,daily_scalar,scalar,subject_day_iqr,candidate,0,CN,85,85,0,0.15625,0.09375,0.1875,0.09375,0.15625,0,0,0,0,0.5111111111
activity__activity_average_met__subject_day_iqr,activity,daily_scalar,scalar,subject_day_iqr,candidate,1,MCI,47,47,0,0.15625,0.125,0.1875,0.0625,0.15625,0,0,0.07409261577,0.07409261577,0.5111111111
activity__activity_average_met__subject_day_iqr,activity,daily_scalar,scalar,subject_day_iqr,candidate,2,DEM,9,9,0,0.09375,0.0625,0.125,0.0625,0.15625,-0.0625,-1.058242665,-0.5111111111,0.5111111111,0.5111111111
activity__activity_average_met__subject_median,activity,daily_scalar,scalar,subject_median,candidate,0,CN,85,85,0,1.46875,1.375,1.5625,0.1875,1.46875,0,0,0,0,0.3790849673
activity__activity_average_met__subject_median,activity,daily_scalar,scalar,subject_median,candidate,1,MCI,47,47,0,1.46875,1.375,1.5625,0.1875,1.46875,0,0,0.005757196496,0.005757196496,0.3790849673
activity__activity_average_met__subject_median,activity,daily_scalar,scalar,subject_median,candidate,2,DEM,9,9,0,1.328125,1.3125,1.4375,0.125,1.46875,-0.140625,-1.190522998,-0.3790849673,0.3790849673,0.3790849673
activity__activity_average_met__subject_missing_fraction,activity,daily_scalar,scalar,subject_missing_fraction,negative_control,0,CN,85,85,0,0,0,0,0,0,0,,0,0,0
activity__activity_average_met__subject_missing_fraction,activity,daily_scalar,scalar,subject_missing_fraction,negative_control,1,MCI,47,47,0,0,0,0,0,0,0,,0,0,0
activity__activity_average_met__subject_missing_fraction,activity,daily_scalar,scalar,subject_missing_fraction,negative_control,2,DEM,9,9,0,0,0,0,0,0,0,,0,0,0
activity__activity_cal_active__subject_day_iqr,activity,daily_scalar,scalar,subject_day_iqr,candidate,0,CN,85,85,0,199,134,276,142,199,0,0,0,0,0.3307189542
activity__activity_cal_active__subject_day_iqr,activity,daily_scalar,scalar,subject_day_iqr,candidate,1,MCI,47,47,0,222,162.625,249.25,86.625,199,23,0.2637951208,0.08610763454,0.08610763454,0.3307189542
activity__activity_cal_active__subject_day_iqr,activity,daily_scalar,scalar,subject_day_iqr,candidate,2,DEM,9,9,0,131.75,84.5,187,102.5,199,-67.25,-0.7325893118,-0.3307189542,0.3307189542,0.3307189542
activity__activity_cal_active__subject_median,activity,daily_scalar,scalar,subject_median,candidate,0,CN,85,85,0,435,324,596,272,435,0,0,0,0,0.2366013072
activity__activity_cal_active__subject_median,activity,daily_scalar,scalar,subject_median,candidate,1,MCI,47,47,0,458.5,337.5,601.75,264.25,435,23.5,0.118221687,0.0002503128911,0.0002503128911,0.2366013072
activity__activity_cal_active__subject_median,activity,daily_scalar,scalar,subject_median,candidate,2,DEM,9,9,0,336,214,513,299,435,-99,-0.4672572524,-0.2366013072,0.2366013072,0.2366013072
activity__activity_cal_active__subject_missing_fraction,activity,daily_scalar,scalar,subject_missing_fraction,negative_control,0,CN,85,85,0,0,0,0,0,0,0,,0,0,0
activity__activity_cal_active__subject_missing_fraction,activity,daily_scalar,scalar,subject_missing_fraction,negative_control,1,MCI,47,47,0,0,0,0,0,0,0,,0,0,0
activity__activity_cal_active__subject_missing_fraction,activity,daily_scalar,scalar,subject_missing_fraction,negative_control,2,DEM,9,9,0,0,0,0,0,0,0,,0,0,0
activity__activity_cal_total__subject_day_iqr,activity,daily_scalar,scalar,subject_day_iqr,candidate,0,CN,85,85,0,261,191.5,329,137.5,261,0,0,0,0,0.4522875817
activity__activity_cal_total__subject_day_iqr,activity,daily_scalar,scalar,subject_day_iqr,candidate,1,MCI,47,47,0,261.25,202.25,307.75,105.5,261,0.25,0.002751961118,0.02202753442,0.02202753442,0.4522875817
activity__activity_cal_total__subject_day_iqr,activity,daily_scalar,scalar,subject_day_iqr,candidate,2,DEM,9,9,0,138.75,126.5,233,106.5,261,-122.25,-1.340984919,-0.4522875817,0.4522875817,0.4522875817
activity__activity_cal_total__subject_median,activity,daily_scalar,scalar,subject_median,candidate,0,CN,85,85,0,2515.5,2322,2698,376,2515.5,0,0,0,0,0.2287581699
activity__activity_cal_total__subject_median,activity,daily_scalar,scalar,subject_median,candidate,1,MCI,47,47,0,2506,2338.5,2688,349.5,2515.5,-9.5,-0.03530519477,0.008260325407,0.008260325407,0.2287581699
activity__activity_cal_total__subject_median,activity,daily_scalar,scalar,subject_median,candidate,2,DEM,9,9,0,2353.5,2290,2523,233,2515.5,-162,-0.6986913851,-0.2287581699,0.2287581699,0.2287581699
activity__activity_cal_total__subject_missing_fraction,activity,daily_scalar,scalar,subject_missing_fraction,negative_control,0,CN,85,85,0,0,0,0,0,0,0,,0,0,0
activity__activity_cal_total__subject_missing_fraction,activity,daily_scalar,scalar,subject_missing_fraction,negative_control,1,MCI,47,47,0,0,0,0,0,0,0,,0,0,0
activity__activity_cal_total__subject_missing_fraction,activity,daily_scalar,scalar,subject_missing_fraction,negative_control,2,DEM,9,9,0,0,0,0,0,0,0,,0,0,0
activity__activity_class_5min__active_ratio_first_half__subject_day_iqr,activity,activity_class_5min,parsed_intraday,subject_day_iqr,candidate,0,CN,85,85,0,0.1319444444,0.1041666667,0.1666666667,0.0625,0.1319444444,0,0,0,0,0.7176470588
activity__activity_class_5min__active_ratio_first_half__subject_day_iqr,activity,activity_class_5min,parsed_intraday,subject_day_iqr,candidate,1,MCI,47,47,0,0.1354166667,0.1119791667,0.1605902778,0.04861111111,0.1319444444,0.003472222222,0.08366142848,0.05231539424,0.05231539424,0.7176470588
activity__activity_class_5min__active_ratio_first_half__subject_day_iqr,activity,activity_class_5min,parsed_intraday,subject_day_iqr,candidate,2,DEM,9,9,0,0.08333333333,0.07465277778,0.09722222222,0.02256944444,0.1319444444,-0.04861111111,-1.395616729,-0.7176470588,0.7176470588,0.7176470588
activity__activity_class_5min__active_ratio_first_half__subject_median,activity,activity_class_5min,parsed_intraday,subject_median,candidate,0,CN,85,85,0,0.3611111111,0.2847222222,0.4166666667,0.1319444444,0.3611111111,0,0,0,0,0.3869281046
activity__activity_class_5min__active_ratio_first_half__subject_median,activity,activity_class_5min,parsed_intraday,subject_median,candidate,1,MCI,47,47,0,0.3819444444,0.2867063492,0.4895833333,0.2028769841,0.3611111111,0.02083333333,0.1642305714,0.1284105131,0.1284105131,0.3869281046
activity__activity_class_5min__active_ratio_first_half__subject_median,activity,activity_class_5min,parsed_intraday,subject_median,candidate,2,DEM,9,9,0,0.2777777778,0.1527777778,0.3402777778,0.1875,0.3611111111,-0.08333333333,-0.6934177342,-0.3869281046,0.3869281046,0.3869281046
activity__activity_class_5min__active_ratio_first_half__subject_missing_fraction,activity,activity_class_5min,parsed_intraday,subject_missing_fraction,negative_control,0,CN,85,85,0,0,0,0,0,0,0,,0,0,0
activity__activity_class_5min__active_ratio_first_half__subject_missing_fraction,activity,activity_class_5min,parsed_intraday,subject_missing_fraction,negative_control,1,MCI,47,47,0,0,0,0,0,0,0,,0,0,0
activity__activity_class_5min__active_ratio_first_half__subject_missing_fraction,activity,activity_class_5min,parsed_intraday,subject_missing_fraction,negative_control,2,DEM,9,9,0,0,0,0,0,0,0,,0,0,0
activity__activity_class_5min__active_ratio_second_half__subject_day_iqr,activity,activity_class_5min,parsed_intraday,subject_day_iqr,candidate,0,CN,85,85,0,0.07638888889,0.0625,0.1041666667,0.04166666667,0.07638888889,0,0,0,0,0.3137254902
activity__activity_class_5min__active_ratio_second_half__subject_day_iqr,activity,activity_class_5min,parsed_intraday,subject_day_iqr,candidate,1,MCI,47,47,0,0.08333333333,0.0625,0.09809027778,0.03559027778,0.07638888889,0.006944444444,0.241770201,0.03204005006,0.03204005006,0.3137254902
activity__activity_class_5min__active_ratio_second_half__subject_day_iqr,activity,activity_class_5min,parsed_intraday,subject_day_iqr,candidate,2,DEM,9,9,0,0.0625,0.05555555556,0.07638888889,0.02083333333,0.07638888889,-0.01388888889,-0.5687883418,-0.3137254902,0.3137254902,0.3137254902
activity__activity_class_5min__active_ratio_second_half__subject_median,activity,activity_class_5min,parsed_intraday,subject_median,candidate,0,CN,85,85,0,0.1493055556,0.1111111111,0.1944444444,0.08333333333,0.1493055556,0,0,0,0,0.1816993464
activity__activity_class_5min__active_ratio_second_half__subject_median,activity,activity_class_5min,parsed_intraday,subject_median,candidate,1,MCI,47,47,0,0.1458333333,0.1006944444,0.2100694444,0.109375,0.1493055556,-0.003472222222,-0.04817473112,0.03229036295,0.03229036295,0.1816993464
activity__activity_class_5min__active_ratio_second_half__subject_median,activity,activity_class_5min,parsed_intraday,subject_median,candidate,2,DEM,9,9,0,0.1458333333,0.06944444444,0.1736111111,0.1041666667,0.1493055556,-0.003472222222,-0.04965737622,-0.1816993464,0.1816993464,0.1816993464
activity__activity_class_5min__active_ratio_second_half__subject_missing_fraction,activity,activity_class_5min,parsed_intraday,subject_missing_fraction,negative_control,0,CN,85,85,0,0,0,0,0,0,0,,0,0,0
activity__activity_class_5min__active_ratio_second_half__subject_missing_fraction,activity,activity_class_5min,parsed_intraday,subject_missing_fraction,negative_control,1,MCI,47,47,0,0,0,0,0,0,0,,0,0,0
activity__activity_class_5min__active_ratio_second_half__subject_missing_fraction,activity,activity_class_5min,parsed_intraday,subject_missing_fraction,negative_control,2,DEM,9,9,0,0,0,0,0,0,0,,0,0,0
activity__activity_class_5min__active_time_centroid__subject_day_iqr,activity,activity_class_5min,parsed_intraday,subject_day_iqr,candidate,0,CN,85,85,0,0.05174536057,0.04430054732,0.06343680113,0.01913625382,0.05174536057,0,0,0,0,0.06633291615
activity__activity_class_5min__active_time_centroid__subject_day_iqr,activity,activity_class_5min,parsed_intraday,subject_day_iqr,candidate,1,MCI,47,47,0,0.05080660313,0.03995163624,0.06112862126,0.02117698503,0.05174536057,-0.0009387574441,-0.06274684644,-0.06633291615,0.06633291615,0.06633291615
activity__activity_class_5min__active_time_centroid__subject_day_iqr,activity,activity_class_5min,parsed_intraday,subject_day_iqr,candidate,2,DEM,9,9,0,0.05319693872,0.04350283862,0.06022407838,0.01672123976,0.05174536057,0.001451578145,0.1089731914,0.04836601307,0.04836601307,0.06633291615
activity__activity_class_5min__active_time_centroid__subject_median,activity,activity_class_5min,parsed_intraday,subject_median,candidate,0,CN,85,85,0,0.397274498,0.3692908476,0.4201050836,0.05081423596,0.397274498,0,0,0,0,0.3333333333
activity__activity_class_5min__active_time_centroid__subject_median,activity,activity_class_5min,parsed_intraday,subject_median,candidate,1,MCI,47,47,0,0.3899578761,0.3551758223,0.4171816375,0.06200581519,0.397274498,-0.00731662192,-0.1741164921,-0.1113892365,0.1113892365,0.3333333333
activity__activity_class_5min__active_time_centroid__subject_median,activity,activity_class_5min,parsed_intraday,subject_median,candidate,2,DEM,9,9,0,0.4287548139,0.4067708824,0.4405070798,0.03373619746,0.397274498,0.03148031582,0.9846499359,0.3333333333,0.3333333333,0.3333333333
activity__activity_class_5min__active_time_centroid__subject_missing_fraction,activity,activity_class_5min,parsed_intraday,subject_missing_fraction,negative_control,0,CN,85,85,0,0,0,0,0,0,0,0,0,0,0.02352941176
activity__activity_class_5min__active_time_centroid__subject_missing_fraction,activity,activity_class_5min,parsed_intraday,subject_missing_fraction,negative_control,1,MCI,47,47,0,0,0,0,0,0,0,0,-0.02352941176,0.02352941176,0.02352941176
activity__activity_class_5min__active_time_centroid__subject_missing_fraction,activity,activity_class_5min,parsed_intraday,subject_missing_fraction,negative_control,2,DEM,9,9,0,0,0,0,0,0,0,0,-0.02352941176,0.02352941176,0.02352941176
activity__activity_class_5min__bout_count__subject_day_iqr,activity,activity_class_5min,parsed_intraday,subject_day_iqr,candidate,0,CN,85,85,0,14,12,16,4,14,0,0,0,0,0.2470588235
activity__activity_class_5min__bout_count__subject_day_iqr,activity,activity_class_5min,parsed_intraday,subject_day_iqr,candidate,1,MCI,47,47,0,13.75,12,15.75,3.75,14,-0.25,-0.08698701124,-0.02403003755,0.02403003755,0.2470588235
activity__activity_class_5min__bout_count__subject_day_iqr,activity,activity_class_5min,parsed_intraday,subject_day_iqr,candidate,2,DEM,9,9,0,14,10,15.25,5.25,14,0,0,-0.2470588235,0.2470588235,0.2470588235
activity__activity_class_5min__bout_count__subject_median,activity,activity_class_5min,parsed_intraday,subject_median,candidate,0,CN,85,85,0,72.5,66.5,78,11.5,72.5,0,0,0,0,0.2888888889
activity__activity_class_5min__bout_count__subject_median,activity,activity_class_5min,parsed_intraday,subject_median,candidate,1,MCI,47,47,0,74,68.25,79,10.75,72.5,1.5,0.1817843962,0.08886107635,0.08886107635,0.2888888889
activity__activity_class_5min__bout_count__subject_median,activity,activity_class_5min,parsed_intraday,subject_median,candidate,2,DEM,9,9,0,70,55,73,18,72.5,-2.5,-0.2232880687,-0.2888888889,0.2888888889,0.2888888889
activity__activity_class_5min__bout_count__subject_missing_fraction,activity,activity_class_5min,parsed_intraday,subject_missing_fraction,negative_control,0,CN,85,85,0,0,0,0,0,0,0,,0,0,0
activity__activity_class_5min__bout_count__subject_missing_fraction,activity,activity_class_5min,parsed_intraday,subject_missing_fraction,negative_control,1,MCI,47,47,0,0,0,0,0,0,0,,0,0,0
activity__activity_class_5min__bout_count__subject_missing_fraction,activity,activity_class_5min,parsed_intraday,subject_missing_fraction,negative_control,2,DEM,9,9,0,0,0,0,0,0,0,,0,0,0
activity__activity_class_5min__class_0_ratio__subject_day_iqr,activity,activity_class_5min,parsed_intraday,subject_day_iqr,candidate,0,CN,85,85,0,0.04166666667,0.02777777778,0.05902777778,0.03125,0.04166666667,0,0,0,0,0.07320261438
activity__activity_class_5min__class_0_ratio__subject_day_iqr,activity,activity_class_5min,parsed_intraday,subject_day_iqr,candidate,1,MCI,47,47,0,0.04253472222,0.02387152778,0.05989583333,0.03602430556,0.04166666667,0.0008680555556,0.03472556678,0.02077596996,0.02077596996,0.07320261438
activity__activity_class_5min__class_0_ratio__subject_day_iqr,activity,activity_class_5min,parsed_intraday,subject_day_iqr,candidate,2,DEM,9,9,0,0.04513888889,0.006944444444,0.05034722222,0.04340277778,0.04166666667,0.003472222222,0.1238579355,-0.07320261438,0.07320261438,0.07320261438
activity__activity_class_5min__class_0_ratio__subject_median,activity,activity_class_5min,parsed_intraday,subject_median,candidate,0,CN,85,85,0,0,0,0.01736111111,0.01736111111,0,0,0,0,0,0.06274509804
activity__activity_class_5min__class_0_ratio__subject_median,activity,activity_class_5min,parsed_intraday,subject_median,candidate,1,MCI,47,47,0,0,0,0.01477206736,0.01477206736,0,0,0,-0.06157697121,0.06157697121,0.06274509804
activity__activity_class_5min__class_0_ratio__subject_median,activity,activity_class_5min,parsed_intraday,subject_median,candidate,2,DEM,9,9,0,0,0,0.01909722222,0.01909722222,0,0,0,-0.06274509804,0.06274509804,0.06274509804
activity__activity_class_5min__class_0_ratio__subject_missing_fraction,activity,activity_class_5min,parsed_intraday,subject_missing_fraction,negative_control,0,CN,85,85,0,0,0,0,0,0,0,,0,0,0
activity__activity_class_5min__class_0_ratio__subject_missing_fraction,activity,activity_class_5min,parsed_intraday,subject_missing_fraction,negative_control,1,MCI,47,47,0,0,0,0,0,0,0,,0,0,0
activity__activity_class_5min__class_0_ratio__subject_missing_fraction,activity,activity_class_5min,parsed_intraday,subject_missing_fraction,negative_control,2,DEM,9,9,0,0,0,0,0,0,0,,0,0,0
activity__activity_class_5min__class_1_ratio__subject_day_iqr,activity,activity_class_5min,parsed_intraday,subject_day_iqr,candidate,0,CN,85,85,0,0.07118055556,0.06076388889,0.08680555556,0.02604166667,0.07118055556,0,0,0,0,0.277124183
activity__activity_class_5min__class_1_ratio__subject_day_iqr,activity,activity_class_5min,parsed_intraday,subject_day_iqr,candidate,1,MCI,47,47,0,0.07291666667,0.05555555556,0.08506944444,0.02951388889,0.07118055556,0.001736111111,0.08414830802,-0.07484355444,0.07484355444,0.277124183
activity__activity_class_5min__class_1_ratio__subject_day_iqr,activity,activity_class_5min,parsed_intraday,subject_day_iqr,candidate,2,DEM,9,9,0,0.09201388889,0.0625,0.1041666667,0.04166666667,0.07118055556,0.02083333333,0.8088945988,0.277124183,0.277124183,0.277124183
activity__activity_class_5min__class_1_ratio__subject_median,activity,activity_class_5min,parsed_intraday,subject_median,candidate,0,CN,85,85,0,0.3263888889,0.2986111111,0.3819444444,0.08333333333,0.3263888889,0,0,0,0,0.5908496732
activity__activity_class_5min__class_1_ratio__subject_median,activity,activity_class_5min,parsed_intraday,subject_median,candidate,1,MCI,47,47,0,0.3402777778,0.3098958333,0.375,0.06510416667,0.3263888889,0.01388888889,0.2505620812,0.04530663329,0.04530663329,0.5908496732
activity__activity_class_5min__class_1_ratio__subject_median,activity,activity_class_5min,parsed_intraday,subject_median,candidate,2,DEM,9,9,0,0.4184027778,0.3941605839,0.4513888889,0.05722830495,0.3263888889,0.09201388889,1.736460921,0.5908496732,0.5908496732,0.5908496732
activity__activity_class_5min__class_1_ratio__subject_missing_fraction,activity,activity_class_5min,parsed_intraday,subject_missing_fraction,negative_control,0,CN,85,85,0,0,0,0,0,0,0,,0,0,0
activity__activity_class_5min__class_1_ratio__subject_missing_fraction,activity,activity_class_5min,parsed_intraday,subject_missing_fraction,negative_control,1,MCI,47,47,0,0,0,0,0,0,0,,0,0,0
activity__activity_class_5min__class_1_ratio__subject_missing_fraction,activity,activity_class_5min,parsed_intraday,subject_missing_fraction,negative_control,2,DEM,9,9,0,0,0,0,0,0,0,,0,0,0
activity__activity_class_5min__class_2_ratio__subject_day_iqr,activity,activity_class_5min,parsed_intraday,subject_day_iqr,candidate,0,CN,85,85,0,0.09027777778,0.07552083333,0.109375,0.03385416667,0.09027777778,0,0,0,0,0.1163398693
activity__activity_class_5min__class_2_ratio__subject_day_iqr,activity,activity_class_5min,parsed_intraday,subject_day_iqr,candidate,1,MCI,47,47,0,0.09375,0.07769097222,0.1076388889,0.02994791667,0.09027777778,0.003472222222,0.1465555118,0.04630788486,0.04630788486,0.1163398693
activity__activity_class_5min__class_2_ratio__subject_day_iqr,activity,activity_class_5min,parsed_intraday,subject_day_iqr,candidate,2,DEM,9,9,0,0.08333333333,0.07986111111,0.09895833333,0.01909722222,0.09027777778,-0.006944444444,-0.340847212,-0.1163398693,0.1163398693,0.1163398693
activity__activity_class_5min__class_2_ratio__subject_median,activity,activity_class_5min,parsed_intraday,subject_median,candidate,0,CN,85,85,0,0.3506944444,0.3246527778,0.40625,0.08159722222,0.3506944444,0,0,0,0,0.1444305382
activity__activity_class_5min__class_2_ratio__subject_median,activity,activity_class_5min,parsed_intraday,subject_median,candidate,1,MCI,47,47,0,0.34375,0.2994791667,0.3923611111,0.09288194444,0.3506944444,-0.006944444444,-0.1071591916,-0.1444305382,0.1444305382,0.1444305382
activity__activity_class_5min__class_2_ratio__subject_median,activity,activity_class_5min,parsed_intraday,subject_median,candidate,2,DEM,9,9,0,0.3541666667,0.3263888889,0.375,0.04861111111,0.3506944444,0.003472222222,0.06974347536,-0.1163398693,0.1163398693,0.1444305382
activity__activity_class_5min__class_2_ratio__subject_missing_fraction,activity,activity_class_5min,parsed_intraday,subject_missing_fraction,negative_control,0,CN,85,85,0,0,0,0,0,0,0,,0,0,0
activity__activity_class_5min__class_2_ratio__subject_missing_fraction,activity,activity_class_5min,parsed_intraday,subject_missing_fraction,negative_control,1,MCI,47,47,0,0,0,0,0,0,0,,0,0,0
activity__activity_class_5min__class_2_ratio__subject_missing_fraction,activity,activity_class_5min,parsed_intraday,subject_missing_fraction,negative_control,2,DEM,9,9,0,0,0,0,0,0,0,,0,0,0
activity__activity_class_5min__class_3_ratio__subject_day_iqr,activity,activity_class_5min,parsed_intraday,subject_day_iqr,candidate,0,CN,85,85,0,0.07291666667,0.05208333333,0.09027777778,0.03819444444,0.07291666667,0,0,0,0,0.4875816993
activity__activity_class_5min__class_3_ratio__subject_day_iqr,activity,activity_class_5min,parsed_intraday,subject_day_iqr,candidate,1,MCI,47,47,0,0.06857638889,0.0546875,0.08420138889,0.02951388889,0.07291666667,-0.004340277778,-0.1715446623,-0.04255319149,0.04255319149,0.4875816993
activity__activity_class_5min__class_3_ratio__subject_day_iqr,activity,activity_class_5min,parsed_intraday,subject_day_iqr,candidate,2,DEM,9,9,0,0.046875,0.04166666667,0.06597222222,0.02430555556,0.07291666667,-0.02604166667,-1.097396953,-0.4875816993,0.4875816993,0.4875816993
activity__activity_class_5min__class_3_ratio__subject_median,activity,activity_class_5min,parsed_intraday,subject_median,candidate,0,CN,85,85,0,0.2013888889,0.1701388889,0.2447916667,0.07465277778,0.2013888889,0,0,0,0,0.3333333333
activity__activity_class_5min__class_3_ratio__subject_median,activity,activity_class_5min,parsed_intraday,subject_median,candidate,1,MCI,47,47,0,0.21875,0.1736111111,0.2552083333,0.08159722222,0.2013888889,0.01736111111,0.2994821389,0.1329161452,0.1329161452,0.3333333333
activity__activity_class_5min__class_3_ratio__subject_median,activity,activity_class_5min,parsed_intraday,subject_median,candidate,2,DEM,9,9,0,0.1284722222,0.09375,0.21875,0.125,0.2013888889,-0.07291666667,-0.9554455217,-0.3333333333,0.3333333333,0.3333333333
activity__activity_class_5min__class_3_ratio__subject_missing_fraction,activity,activity_class_5min,parsed_intraday,subject_missing_fraction,negative_control,0,CN,85,85,0,0,0,0,0,0,0,,0,0,0
activity__activity_class_5min__class_3_ratio__subject_missing_fraction,activity,activity_class_5min,parsed_intraday,subject_missing_fraction,negative_control,1,MCI,47,47,0,0,0,0,0,0,0,,0,0,0
activity__activity_class_5min__class_3_ratio__subject_missing_fraction,activity,activity_class_5min,parsed_intraday,subject_missing_fraction,negative_control,2,DEM,9,9,0,0,0,0,0,0,0,,0,0,0
activity__activity_class_5min__class_4_ratio__subject_day_iqr,activity,activity_class_5min,parsed_intraday,subject_day_iqr,candidate,0,CN,85,85,0,0.02951388889,0.02170138889,0.04340277778,0.02170138889,0.02951388889,0,0,0,0,0.3137254902
activity__activity_class_5min__class_4_ratio__subject_day_iqr,activity,activity_class_5min,parsed_intraday,subject_day_iqr,candidate,1,MCI,47,47,0,0.03472222222,0.02907986111,0.04079861111,0.01171875,0.02951388889,0.005208333333,0.4028785738,0.1459324155,0.1459324155,0.3137254902
activity__activity_class_5min__class_4_ratio__subject_day_iqr,activity,activity_class_5min,parsed_intraday,subject_day_iqr,candidate,2,DEM,9,9,0,0.01909722222,0.01388888889,0.03125,0.01736111111,0.02951388889,-0.01041666667,-0.7150662176,-0.3137254902,0.3137254902,0.3137254902
activity__activity_class_5min__class_4_ratio__subject_median,activity,activity_class_5min,parsed_intraday,subject_median,candidate,0,CN,85,85,0,0.04166666667,0.02083333333,0.05902777778,0.03819444444,0.04166666667,0,0,0,0,0.185620915
activity__activity_class_5min__class_4_ratio__subject_median,activity,activity_class_5min,parsed_intraday,subject_median,candidate,1,MCI,47,47,0,0.03819444444,0.02604166667,0.06597222222,0.03993055556,0.04166666667,-0.003472222222,-0.1198815144,0.06733416771,0.06733416771,0.185620915
activity__activity_class_5min__class_4_ratio__subject_median,activity,activity_class_5min,parsed_intraday,subject_median,candidate,2,DEM,9,9,0,0.04166666667,0.01041666667,0.04340277778,0.03298611111,0.04166666667,0,0,-0.185620915,0.185620915,0.185620915
activity__activity_class_5min__class_4_ratio__subject_missing_fraction,activity,activity_class_5min,parsed_intraday,subject_missing_fraction,negative_control,0,CN,85,85,0,0,0,0,0,0,0,,0,0,0
activity__activity_class_5min__class_4_ratio__subject_missing_fraction,activity,activity_class_5min,parsed_intraday,subject_missing_fraction,negative_control,1,MCI,47,47,0,0,0,0,0,0,0,,0,0,0
activity__activity_class_5min__class_4_ratio__subject_missing_fraction,activity,activity_class_5min,parsed_intraday,subject_missing_fraction,negative_control,2,DEM,9,9,0,0,0,0,0,0,0,,0,0,0
activity__activity_class_5min__class_5_ratio__subject_day_iqr,activity,activity_class_5min,parsed_intraday,subject_day_iqr,candidate,0,CN,85,85,0,0.003472222222,0.001736111111,0.0078125,0.006076388889,0.003472222222,0,0,0,0,0.2797385621
activity__activity_class_5min__class_5_ratio__subject_day_iqr,activity,activity_class_5min,parsed_intraday,subject_day_iqr,candidate,1,MCI,47,47,0,0.003472222222,0,0.006944444444,0.006944444444,0.003472222222,0,0,-0.1051314143,0.1051314143,0.2797385621
activity__activity_class_5min__class_5_ratio__subject_day_iqr,activity,activity_class_5min,parsed_intraday,subject_day_iqr,candidate,2,DEM,9,9,0,0.003472222222,0,0.003472222222,0.003472222222,0.003472222222,0,0,-0.2797385621,0.2797385621,0.2797385621
activity__activity_class_5min__class_5_ratio__subject_median,activity,activity_class_5min,parsed_intraday,subject_median,candidate,0,CN,85,85,0,0.001736111111,0,0.006944444444,0.006944444444,0.001736111111,0,0,0,0,0.1581699346
activity__activity_class_5min__class_5_ratio__subject_median,activity,activity_class_5min,parsed_intraday,subject_median,candidate,1,MCI,47,47,0,0,0,0.006076388889,0.006076388889,0.001736111111,-0.001736111111,-0.3589365808,-0.06182728411,0.06182728411,0.1581699346
activity__activity_class_5min__class_5_ratio__subject_median,activity,activity_class_5min,parsed_intraday,subject_median,candidate,2,DEM,9,9,0,0,0,0.003472222222,0.003472222222,0.001736111111,-0.001736111111,-0.4265912564,-0.1581699346,0.1581699346,0.1581699346
activity__activity_class_5min__class_5_ratio__subject_missing_fraction,activity,activity_class_5min,parsed_intraday,subject_missing_fraction,negative_control,0,CN,85,85,0,0,0,0,0,0,0,,0,0,0
activity__activity_class_5min__class_5_ratio__subject_missing_fraction,activity,activity_class_5min,parsed_intraday,subject_missing_fraction,negative_control,1,MCI,47,47,0,0,0,0,0,0,0,,0,0,0
activity__activity_class_5min__class_5_ratio__subject_missing_fraction,activity,activity_class_5min,parsed_intraday,subject_missing_fraction,negative_control,2,DEM,9,9,0,0,0,0,0,0,0,,0,0,0
activity__activity_class_5min__entropy__subject_day_iqr,activity,activity_class_5min,parsed_intraday,subject_day_iqr,candidate,0,CN,85,85,0,0.1366439377,0.1091995421,0.1641803532,0.0549808111,0.1366439377,0,0,0,0,0.1163398693
activity__activity_class_5min__entropy__subject_day_iqr,activity,activity_class_5min,parsed_intraday,subject_day_iqr,candidate,1,MCI,47,47,0,0.1304485115,0.119752624,0.1621963025,0.04244367846,0.1366439377,-0.006195426252,-0.1701682336,0.03178973717,0.03178973717,0.1163398693
activity__activity_class_5min__entropy__subject_day_iqr,activity,activity_class_5min,parsed_intraday,subject_day_iqr,candidate,2,DEM,9,9,0,0.1493682895,0.1390603403,0.1594753434,0.02041500307,0.1366439377,0.01272435175,0.4139088699,0.1163398693,0.1163398693,0.1163398693
activity__activity_class_5min__entropy__subject_median,activity,activity_class_5min,parsed_intraday,subject_median,candidate,0,CN,85,85,0,1.249054177,1.196234239,1.300074107,0.1038398675,1.249054177,0,0,0,0,0.4013071895
activity__activity_class_5min__entropy__subject_median,activity,activity_class_5min,parsed_intraday,subject_median,candidate,1,MCI,47,47,0,1.267121001,1.208356904,1.326827263,0.1184703594,1.249054177,0.01806682362,0.2187891852,0.07384230288,0.07384230288,0.4013071895
activity__activity_class_5min__entropy__subject_median,activity,activity_class_5min,parsed_intraday,subject_median,candidate,2,DEM,9,9,0,1.158728877,1.096683319,1.225973763,0.1292904445,1.249054177,-0.09032530023,-1.039154175,-0.4013071895,0.4013071895,0.4013071895
activity__activity_class_5min__entropy__subject_missing_fraction,activity,activity_class_5min,parsed_intraday,subject_missing_fraction,negative_control,0,CN,85,85,0,0,0,0,0,0,0,,0,0,0
activity__activity_class_5min__entropy__subject_missing_fraction,activity,activity_class_5min,parsed_intraday,subject_missing_fraction,negative_control,1,MCI,47,47,0,0,0,0,0,0,0,,0,0,0
activity__activity_class_5min__entropy__subject_missing_fraction,activity,activity_class_5min,parsed_intraday,subject_missing_fraction,negative_control,2,DEM,9,9,0,0,0,0,0,0,0,,0,0,0
activity__activity_class_5min__longest_inactive_run__subject_day_iqr,activity,activity_class_5min,parsed_intraday,subject_day_iqr,candidate,0,CN,85,85,0,7,6,9,3,7,0,0,0,0,0.2290362954
activity__activity_class_5min__longest_inactive_run__subject_day_iqr,activity,activity_class_5min,parsed_intraday,subject_day_iqr,candidate,1,MCI,47,47,0,6.5,5,8,3,7,-0.5,-0.2248333333,-0.2290362954,0.2290362954,0.2290362954
activity__activity_class_5min__longest_inactive_run__subject_day_iqr,activity,activity_class_5min,parsed_intraday,subject_day_iqr,candidate,2,DEM,9,9,0,6,5,9,4,7,-1,-0.3815548191,-0.08888888889,0.08888888889,0.2290362954
activity__activity_class_5min__longest_inactive_run__subject_median,activity,activity_class_5min,parsed_intraday,subject_median,candidate,0,CN,85,85,0,15,13,17,4,15,0,0,0,0,0.227534418
activity__activity_class_5min__longest_inactive_run__subject_median,activity,activity_class_5min,parsed_intraday,subject_median,candidate,1,MCI,47,47,0,13,12,16.25,4.25,15,-2,-0.6537605094,-0.227534418,0.227534418,0.227534418
activity__activity_class_5min__longest_inactive_run__subject_median,activity,activity_class_5min,parsed_intraday,subject_median,candidate,2,DEM,9,9,0,13,12,15,3,15,-2,-0.7631096383,-0.2196078431,0.2196078431,0.227534418
activity__activity_class_5min__longest_inactive_run__subject_missing_fraction,activity,activity_class_5min,parsed_intraday,subject_missing_fraction,negative_control,0,CN,85,85,0,0,0,0,0,0,0,,0,0,0
activity__activity_class_5min__longest_inactive_run__subject_missing_fraction,activity,activity_class_5min,parsed_intraday,subject_missing_fraction,negative_control,1,MCI,47,47,0,0,0,0,0,0,0,,0,0,0
activity__activity_class_5min__longest_inactive_run__subject_missing_fraction,activity,activity_class_5min,parsed_intraday,subject_missing_fraction,negative_control,2,DEM,9,9,0,0,0,0,0,0,0,,0,0,0
activity__activity_class_5min__longest_nonwear_run__subject_day_iqr,activity,activity_class_5min,parsed_intraday,subject_day_iqr,candidate,0,CN,85,85,0,11,7,14,7,11,0,0,0,0,0.07209011264
activity__activity_class_5min__longest_nonwear_run__subject_day_iqr,activity,activity_class_5min,parsed_intraday,subject_day_iqr,candidate,1,MCI,47,47,0,12,6.875,16.875,10,11,1,0.1562909436,0.07209011264,0.07209011264,0.07209011264
activity__activity_class_5min__longest_nonwear_run__subject_day_iqr,activity,activity_class_5min,parsed_intraday,subject_day_iqr,candidate,2,DEM,9,9,0,13,2,13.5,11.5,11,2,0.2834118047,-0.01699346405,0.01699346405,0.07209011264
activity__activity_class_5min__longest_nonwear_run__subject_median,activity,activity_class_5min,parsed_intraday,subject_median,candidate,0,CN,85,85,0,0,0,5,5,0,0,0,0,0,0.05556946183
activity__activity_class_5min__longest_nonwear_run__subject_median,activity,activity_class_5min,parsed_intraday,subject_median,candidate,1,MCI,47,47,0,0,0,4,4,0,0,0,-0.05556946183,0.05556946183,0.05556946183
activity__activity_class_5min__longest_nonwear_run__subject_median,activity,activity_class_5min,parsed_intraday,subject_median,candidate,2,DEM,9,9,0,0,0,5,5,0,0,0,-0.0522875817,0.0522875817,0.05556946183
activity__activity_class_5min__longest_nonwear_run__subject_missing_fraction,activity,activity_class_5min,parsed_intraday,subject_missing_fraction,negative_control,0,CN,85,85,0,0,0,0,0,0,0,,0,0,0
activity__activity_class_5min__longest_nonwear_run__subject_missing_fraction,activity,activity_class_5min,parsed_intraday,subject_missing_fraction,negative_control,1,MCI,47,47,0,0,0,0,0,0,0,,0,0,0
activity__activity_class_5min__longest_nonwear_run__subject_missing_fraction,activity,activity_class_5min,parsed_intraday,subject_missing_fraction,negative_control,2,DEM,9,9,0,0,0,0,0,0,0,,0,0,0
activity__activity_class_5min__longest_rest_run__subject_day_iqr,activity,activity_class_5min,parsed_intraday,subject_day_iqr,candidate,0,CN,85,85,0,13.75,11,17,6,13.75,0,0,0,0,0.4026143791
activity__activity_class_5min__longest_rest_run__subject_day_iqr,activity,activity_class_5min,parsed_intraday,subject_day_iqr,candidate,1,MCI,47,47,0,15.5,13.25,19,5.75,13.75,1.75,0.4017388652,0.2032540676,0.2032540676,0.4026143791
activity__activity_class_5min__longest_rest_run__subject_day_iqr,activity,activity_class_5min,parsed_intraday,subject_day_iqr,candidate,2,DEM,9,9,0,17.75,15.5,19,3.5,13.75,4,1.098596674,0.4026143791,0.4026143791,0.4026143791
activity__activity_class_5min__longest_rest_run__subject_median,activity,activity_class_5min,parsed_intraday,subject_median,candidate,0,CN,85,85,0,33,26.5,41,14.5,33,0,0,0,0,0.2575163399
activity__activity_class_5min__longest_rest_run__subject_median,activity,activity_class_5min,parsed_intraday,subject_median,candidate,1,MCI,47,47,0,35,28.75,39,10.25,33,2,0.2148752274,0.02903629537,0.02903629537,0.2575163399
activity__activity_class_5min__longest_rest_run__subject_median,activity,activity_class_5min,parsed_intraday,subject_median,candidate,2,DEM,9,9,0,35,33,54,21,33,2,0.1495144181,0.2575163399,0.2575163399,0.2575163399
activity__activity_class_5min__longest_rest_run__subject_missing_fraction,activity,activity_class_5min,parsed_intraday,subject_missing_fraction,negative_control,0,CN,85,85,0,0,0,0,0,0,0,,0,0,0
activity__activity_class_5min__longest_rest_run__subject_missing_fraction,activity,activity_class_5min,parsed_intraday,subject_missing_fraction,negative_control,1,MCI,47,47,0,0,0,0,0,0,0,,0,0,0
activity__activity_class_5min__longest_rest_run__subject_missing_fraction,activity,activity_class_5min,parsed_intraday,subject_missing_fraction,negative_control,2,DEM,9,9,0,0,0,0,0,0,0,,0,0,0
activity__activity_class_5min__transition_rate__subject_day_iqr,activity,activity_class_5min,parsed_intraday,subject_day_iqr,candidate,0,CN,85,85,0,0.0487804878,0.04181184669,0.05574912892,0.01393728223,0.0487804878,0,0,0,0,0.2549019608
activity__activity_class_5min__transition_rate__subject_day_iqr,activity,activity_class_5min,parsed_intraday,subject_day_iqr,candidate,1,MCI,47,47,0,0.04529616725,0.04181184669,0.05487804878,0.01306620209,0.0487804878,-0.003484320557,-0.347948045,-0.01276595745,0.01276595745,0.2549019608
activity__activity_class_5min__transition_rate__subject_day_iqr,activity,activity_class_5min,parsed_intraday,subject_day_iqr,candidate,2,DEM,9,9,0,0.04442508711,0.03484320557,0.05487804878,0.02003484321,0.0487804878,-0.004355400697,-0.3404568867,-0.2549019608,0.2549019608,0.2549019608
activity__activity_class_5min__transition_rate__subject_median,activity,activity_class_5min,parsed_intraday,subject_median,candidate,0,CN,85,85,0,0.2491289199,0.2299651568,0.2717770035,0.04181184669,0.2491289199,0,0,0,0,0.2954248366
activity__activity_class_5min__transition_rate__subject_median,activity,activity_class_5min,parsed_intraday,subject_median,candidate,1,MCI,47,47,0,0.2543554007,0.2343205575,0.2717770035,0.03745644599,0.2491289199,0.005226480836,0.1776221949,0.09061326658,0.09061326658,0.2954248366
activity__activity_class_5min__transition_rate__subject_median,activity,activity_class_5min,parsed_intraday,subject_median,candidate,2,DEM,9,9,0,0.2404181185,0.1881533101,0.2508710801,0.06271777003,0.2491289199,-0.008710801394,-0.2204672219,-0.2954248366,0.2954248366,0.2954248366
activity__activity_class_5min__transition_rate__subject_missing_fraction,activity,activity_class_5min,parsed_intraday,subject_missing_fraction,negative_control,0,CN,85,85,0,0,0,0,0,0,0,,0,0,0
activity__activity_class_5min__transition_rate__subject_missing_fraction,activity,activity_class_5min,parsed_intraday,subject_missing_fraction,negative_control,1,MCI,47,47,0,0,0,0,0,0,0,,0,0,0
activity__activity_class_5min__transition_rate__subject_missing_fraction,activity,activity_class_5min,parsed_intraday,subject_missing_fraction,negative_control,2,DEM,9,9,0,0,0,0,0,0,0,,0,0,0
activity__activity_class_5min__unknown_ratio__subject_day_iqr,activity,activity_class_5min,parsed_intraday,subject_day_iqr,negative_control,0,CN,85,85,0,0,0,0,0,0,0,,0,0,0
activity__activity_class_5min__unknown_ratio__subject_day_iqr,activity,activity_class_5min,parsed_intraday,subject_day_iqr,negative_control,1,MCI,47,47,0,0,0,0,0,0,0,,0,0,0
activity__activity_class_5min__unknown_ratio__subject_day_iqr,activity,activity_class_5min,parsed_intraday,subject_day_iqr,negative_control,2,DEM,9,9,0,0,0,0,0,0,0,,0,0,0
activity__activity_class_5min__unknown_ratio__subject_median,activity,activity_class_5min,parsed_intraday,subject_median,negative_control,0,CN,85,85,0,0,0,0,0,0,0,,0,0,0
activity__activity_class_5min__unknown_ratio__subject_median,activity,activity_class_5min,parsed_intraday,subject_median,negative_control,1,MCI,47,47,0,0,0,0,0,0,0,,0,0,0
activity__activity_class_5min__unknown_ratio__subject_median,activity,activity_class_5min,parsed_intraday,subject_median,negative_control,2,DEM,9,9,0,0,0,0,0,0,0,,0,0,0
activity__activity_class_5min__unknown_ratio__subject_missing_fraction,activity,activity_class_5min,parsed_intraday,subject_missing_fraction,negative_control,0,CN,85,85,0,0,0,0,0,0,0,,0,0,0
activity__activity_class_5min__unknown_ratio__subject_missing_fraction,activity,activity_class_5min,parsed_intraday,subject_missing_fraction,negative_control,1,MCI,47,47,0,0,0,0,0,0,0,,0,0,0
activity__activity_class_5min__unknown_ratio__subject_missing_fraction,activity,activity_class_5min,parsed_intraday,subject_missing_fraction,negative_control,2,DEM,9,9,0,0,0,0,0,0,0,,0,0,0
activity__activity_class_5min__valid_count__subject_day_iqr,activity,activity_class_5min,parsed_intraday,subject_day_iqr,negative_control,0,CN,85,85,0,0,0,0,0,0,0,,0,0,0
activity__activity_class_5min__valid_count__subject_day_iqr,activity,activity_class_5min,parsed_intraday,subject_day_iqr,negative_control,1,MCI,47,47,0,0,0,0,0,0,0,,0,0,0
activity__activity_class_5min__valid_count__subject_day_iqr,activity,activity_class_5min,parsed_intraday,subject_day_iqr,negative_control,2,DEM,9,9,0,0,0,0,0,0,0,,0,0,0
activity__activity_class_5min__valid_count__subject_median,activity,activity_class_5min,parsed_intraday,subject_median,negative_control,0,CN,85,85,0,288,288,288,0,288,0,,0,0,0
activity__activity_class_5min__valid_count__subject_median,activity,activity_class_5min,parsed_intraday,subject_median,negative_control,1,MCI,47,47,0,288,288,288,0,288,0,,0,0,0
activity__activity_class_5min__valid_count__subject_median,activity,activity_class_5min,parsed_intraday,subject_median,negative_control,2,DEM,9,9,0,288,288,288,0,288,0,,0,0,0
activity__activity_class_5min__valid_count__subject_missing_fraction,activity,activity_class_5min,parsed_intraday,subject_missing_fraction,negative_control,0,CN,85,85,0,0,0,0,0,0,0,,0,0,0
activity__activity_class_5min__valid_count__subject_missing_fraction,activity,activity_class_5min,parsed_intraday,subject_missing_fraction,negative_control,1,MCI,47,47,0,0,0,0,0,0,0,,0,0,0
activity__activity_class_5min__valid_count__subject_missing_fraction,activity,activity_class_5min,parsed_intraday,subject_missing_fraction,negative_control,2,DEM,9,9,0,0,0,0,0,0,0,,0,0,0
activity__activity_class_5min__valid_ratio__subject_day_iqr,activity,activity_class_5min,parsed_intraday,subject_day_iqr,negative_control,0,CN,85,85,0,0,0,0,0,0,0,,0,0,0
activity__activity_class_5min__valid_ratio__subject_day_iqr,activity,activity_class_5min,parsed_intraday,subject_day_iqr,negative_control,1,MCI,47,47,0,0,0,0,0,0,0,,0,0,0
activity__activity_class_5min__valid_ratio__subject_day_iqr,activity,activity_class_5min,parsed_intraday,subject_day_iqr,negative_control,2,DEM,9,9,0,0,0,0,0,0,0,,0,0,0
activity__activity_class_5min__valid_ratio__subject_median,activity,activity_class_5min,parsed_intraday,subject_median,negative_control,0,CN,85,85,0,1,1,1,0,1,0,,0,0,0
activity__activity_class_5min__valid_ratio__subject_median,activity,activity_class_5min,parsed_intraday,subject_median,negative_control,1,MCI,47,47,0,1,1,1,0,1,0,,0,0,0
activity__activity_class_5min__valid_ratio__subject_median,activity,activity_class_5min,parsed_intraday,subject_median,negative_control,2,DEM,9,9,0,1,1,1,0,1,0,,0,0,0
activity__activity_class_5min__valid_ratio__subject_missing_fraction,activity,activity_class_5min,parsed_intraday,subject_missing_fraction,negative_control,0,CN,85,85,0,0,0,0,0,0,0,,0,0,0
activity__activity_class_5min__valid_ratio__subject_missing_fraction,activity,activity_class_5min,parsed_intraday,subject_missing_fraction,negative_control,1,MCI,47,47,0,0,0,0,0,0,0,,0,0,0
activity__activity_class_5min__valid_ratio__subject_missing_fraction,activity,activity_class_5min,parsed_intraday,subject_missing_fraction,negative_control,2,DEM,9,9,0,0,0,0,0,0,0,,0,0,0
activity__activity_daily_movement__subject_day_iqr,activity,daily_scalar,scalar,subject_day_iqr,candidate,0,CN,85,85,0,4185.25,2753,5395.75,2642.75,4185.25,0,0,0,0,0.3699346405
activity__activity_daily_movement__subject_day_iqr,activity,daily_scalar,scalar,subject_day_iqr,candidate,1,MCI,47,47,0,4335.75,3250.125,5209.625,1959.5,4185.25,150.5,0.08727185632,0.08035043805,0.08035043805,0.3699346405
activity__activity_daily_movement__subject_day_iqr,activity,daily_scalar,scalar,subject_day_iqr,candidate,2,DEM,9,9,0,2668.75,1807.5,3623,1815.5,4185.25,-1516.5,-0.902338027,-0.3699346405,0.3699346405,0.3699346405
activity__activity_daily_movement__subject_median,activity,daily_scalar,scalar,subject_median,candidate,0,CN,85,85,0,8340,6065,11185,5120,8340,0,0,0,0,0.260130719
activity__activity_daily_movement__subject_median,activity,daily_scalar,scalar,subject_median,candidate,1,MCI,47,47,0,8042,6040.5,11678.25,5637.75,8340,-298,-0.07465078217,-0.0007509386733,0.0007509386733,0.260130719
activity__activity_daily_movement__subject_median,activity,daily_scalar,scalar,subject_median,candidate,2,DEM,9,9,0,6166,3243,9513,6270,8340,-2174,-0.5123601575,-0.260130719,0.260130719,0.260130719
activity__activity_daily_movement__subject_missing_fraction,activity,daily_scalar,scalar,subject_missing_fraction,negative_control,0,CN,85,85,0,0,0,0,0,0,0,,0,0,0
activity__activity_daily_movement__subject_missing_fraction,activity,daily_scalar,scalar,subject_missing_fraction,negative_control,1,MCI,47,47,0,0,0,0,0,0,0,,0,0,0
activity__activity_daily_movement__subject_missing_fraction,activity,daily_scalar,scalar,subject_missing_fraction,negative_control,2,DEM,9,9,0,0,0,0,0,0,0,,0,0,0
activity__activity_high__subject_day_iqr,activity,daily_scalar,scalar,subject_day_iqr,candidate,0,CN,85,85,0,2,1,4,3,2,0,0,0,0,0.168627451
activity__activity_high__subject_day_iqr,activity,daily_scalar,scalar,subject_day_iqr,candidate,1,MCI,47,47,0,1,1,3,2,2,-1,-0.5291213326,-0.1416770964,0.1416770964,0.168627451
activity__activity_high__subject_day_iqr,activity,daily_scalar,scalar,subject_day_iqr,candidate,2,DEM,9,9,0,1,0,3,3,2,-1,-0.4496666667,-0.168627451,0.168627451,0.168627451
activity__activity_high__subject_median,activity,daily_scalar,scalar,subject_median,candidate,0,CN,85,85,0,1,0,3,3,1,0,0,0,0,0.09461827284
activity__activity_high__subject_median,activity,daily_scalar,scalar,subject_median,candidate,1,MCI,47,47,0,0,0,1.75,1.75,1,-1,-0.5492983372,-0.09461827284,0.09461827284,0.09461827284
activity__activity_high__subject_median,activity,daily_scalar,scalar,subject_median,candidate,2,DEM,9,9,0,0,0,4,4,1,-1,-0.3815548191,0.01960784314,0.01960784314,0.09461827284
activity__activity_high__subject_missing_fraction,activity,daily_scalar,scalar,subject_missing_fraction,negative_control,0,CN,85,85,0,0,0,0,0,0,0,,0,0,0
activity__activity_high__subject_missing_fraction,activity,daily_scalar,scalar,subject_missing_fraction,negative_control,1,MCI,47,47,0,0,0,0,0,0,0,,0,0,0
activity__activity_high__subject_missing_fraction,activity,daily_scalar,scalar,subject_missing_fraction,negative_control,2,DEM,9,9,0,0,0,0,0,0,0,,0,0,0
activity__activity_inactive__subject_day_iqr,activity,daily_scalar,scalar,subject_day_iqr,candidate,0,CN,85,85,0,123,104,150.25,46.25,123,0,0,0,0,0.0423028786
activity__activity_inactive__subject_day_iqr,activity,daily_scalar,scalar,subject_day_iqr,candidate,1,MCI,47,47,0,127.75,108.375,148.75,40.375,123,4.75,0.1476032044,0.0423028786,0.0423028786,0.0423028786
activity__activity_inactive__subject_day_iqr,activity,daily_scalar,scalar,subject_day_iqr,candidate,2,DEM,9,9,0,115.5,103,159.5,56.5,123,-7.5,-0.1959616741,-0.03529411765,0.03529411765,0.0423028786
activity__activity_inactive__subject_median,activity,daily_scalar,scalar,subject_median,candidate,0,CN,85,85,0,503,461.5,584,122.5,503,0,0,0,0,0.2196078431
activity__activity_inactive__subject_median,activity,daily_scalar,scalar,subject_median,candidate,1,MCI,47,47,0,499,422.5,561.25,138.75,503,-4,-0.04122941045,-0.121902378,0.121902378,0.2196078431
activity__activity_inactive__subject_median,activity,daily_scalar,scalar,subject_median,candidate,2,DEM,9,9,0,494,432,542,110,503,-9,-0.1042880957,-0.2196078431,0.2196078431,0.2196078431
activity__activity_inactive__subject_missing_fraction,activity,daily_scalar,scalar,subject_missing_fraction,negative_control,0,CN,85,85,0,0,0,0,0,0,0,,0,0,0
activity__activity_inactive__subject_missing_fraction,activity,daily_scalar,scalar,subject_missing_fraction,negative_control,1,MCI,47,47,0,0,0,0,0,0,0,,0,0,0
activity__activity_inactive__subject_missing_fraction,activity,daily_scalar,scalar,subject_missing_fraction,negative_control,2,DEM,9,9,0,0,0,0,0,0,0,,0,0,0
activity__activity_inactivity_alerts__subject_day_iqr,activity,daily_scalar,scalar,subject_day_iqr,candidate,0,CN,85,85,0,1,0,1,1,1,0,0,0,0,0.1887359199
activity__activity_inactivity_alerts__subject_day_iqr,activity,daily_scalar,scalar,subject_day_iqr,candidate,1,MCI,47,47,0,0,0,1,1,1,-1,-1.349,-0.1887359199,0.1887359199,0.1887359199
activity__activity_inactivity_alerts__subject_day_iqr,activity,daily_scalar,scalar,subject_day_iqr,candidate,2,DEM,9,9,0,0,0,1,1,1,-1,-1.349,-0.168627451,0.168627451,0.1887359199
activity__activity_inactivity_alerts__subject_median,activity,daily_scalar,scalar,subject_median,candidate,0,CN,85,85,0,0,0,0,0,0,0,0,0,0,0.05490196078
activity__activity_inactivity_alerts__subject_median,activity,daily_scalar,scalar,subject_median,candidate,1,MCI,47,47,0,0,0,0,0,0,0,0,-0.01752190238,0.01752190238,0.05490196078
activity__activity_inactivity_alerts__subject_median,activity,daily_scalar,scalar,subject_median,candidate,2,DEM,9,9,0,0,0,0,0,0,0,0,0.05490196078,0.05490196078,0.05490196078
activity__activity_inactivity_alerts__subject_missing_fraction,activity,daily_scalar,scalar,subject_missing_fraction,negative_control,0,CN,85,85,0,0,0,0,0,0,0,,0,0,0
activity__activity_inactivity_alerts__subject_missing_fraction,activity,daily_scalar,scalar,subject_missing_fraction,negative_control,1,MCI,47,47,0,0,0,0,0,0,0,,0,0,0
activity__activity_inactivity_alerts__subject_missing_fraction,activity,daily_scalar,scalar,subject_missing_fraction,negative_control,2,DEM,9,9,0,0,0,0,0,0,0,,0,0,0
activity__activity_low__subject_day_iqr,activity,daily_scalar,scalar,subject_day_iqr,candidate,0,CN,85,85,0,96.75,76,124,48,96.75,0,0,0,0,0.4967320261
activity__activity_low__subject_day_iqr,activity,daily_scalar,scalar,subject_day_iqr,candidate,1,MCI,47,47,0,96,76.375,122,45.625,96.75,-0.75,-0.0216058666,-0.003504380476,0.003504380476,0.4967320261
activity__activity_low__subject_day_iqr,activity,daily_scalar,scalar,subject_day_iqr,candidate,2,DEM,9,9,0,66.5,53.5,86,32.5,96.75,-30.25,-0.9955579199,-0.4967320261,0.4967320261,0.4967320261
activity__activity_low__subject_median,activity,daily_scalar,scalar,subject_median,candidate,0,CN,85,85,0,278,228,325.5,97.5,278,0,0,0,0,0.3764705882
activity__activity_low__subject_median,activity,daily_scalar,scalar,subject_median,candidate,1,MCI,47,47,0,304,241.25,346.25,105,278,26,0.3461725282,0.1419274093,0.1419274093,0.3764705882
activity__activity_low__subject_median,activity,daily_scalar,scalar,subject_median,candidate,2,DEM,9,9,0,164,127,291,164,278,-114,-1.139902444,-0.3764705882,0.3764705882,0.3764705882
activity__activity_low__subject_missing_fraction,activity,daily_scalar,scalar,subject_missing_fraction,negative_control,0,CN,85,85,0,0,0,0,0,0,0,,0,0,0
activity__activity_low__subject_missing_fraction,activity,daily_scalar,scalar,subject_missing_fraction,negative_control,1,MCI,47,47,0,0,0,0,0,0,0,,0,0,0
activity__activity_low__subject_missing_fraction,activity,daily_scalar,scalar,subject_missing_fraction,negative_control,2,DEM,9,9,0,0,0,0,0,0,0,,0,0,0
activity__activity_medium__subject_day_iqr,activity,daily_scalar,scalar,subject_day_iqr,candidate,0,CN,85,85,0,35.5,22.25,47,24.75,35.5,0,0,0,0,0.2104575163
activity__activity_medium__subject_day_iqr,activity,daily_scalar,scalar,subject_day_iqr,candidate,1,MCI,47,47,0,33.25,23.5,46.625,23.125,35.5,-2.25,-0.1267259763,-0.001251564456,0.001251564456,0.2104575163
activity__activity_medium__subject_day_iqr,activity,daily_scalar,scalar,subject_day_iqr,candidate,2,DEM,9,9,0,22.5,9.5,42,32.5,35.5,-13,-0.6071087997,-0.2104575163,0.2104575163,0.2104575163
activity__activity_medium__subject_median,activity,daily_scalar,scalar,subject_median,candidate,0,CN,85,85,0,48,24,71,47,48,0,0,0,0,0.1124183007
activity__activity_medium__subject_median,activity,daily_scalar,scalar,subject_median,candidate,1,MCI,47,47,0,40,21.25,71.75,50.5,48,-8,-0.2212318623,-0.02077596996,0.02077596996,0.1124183007
activity__activity_medium__subject_median,activity,daily_scalar,scalar,subject_median,candidate,2,DEM,9,9,0,49,7,56,49,48,1,0.02809806966,-0.1124183007,0.1124183007,0.1124183007
activity__activity_medium__subject_missing_fraction,activity,daily_scalar,scalar,subject_missing_fraction,negative_control,0,CN,85,85,0,0,0,0,0,0,0,,0,0,0
activity__activity_medium__subject_missing_fraction,activity,daily_scalar,scalar,subject_missing_fraction,negative_control,1,MCI,47,47,0,0,0,0,0,0,0,,0,0,0
activity__activity_medium__subject_missing_fraction,activity,daily_scalar,scalar,subject_missing_fraction,negative_control,2,DEM,9,9,0,0,0,0,0,0,0,,0,0,0
activity__activity_met_1min__iqr__subject_day_iqr,activity,activity_met_1min,parsed_intraday,subject_day_iqr,candidate,0,CN,85,85,0,0.2,0.1,0.3,0.2,0.2,0,0,0,0,0.3254901961
activity__activity_met_1min__iqr__subject_day_iqr,activity,activity_met_1min,parsed_intraday,subject_day_iqr,candidate,1,MCI,47,47,0,0.2,0.15,0.3,0.15,0.2,-1.110223025e-16,-8.472218907e-16,-0.06408010013,0.06408010013,0.3254901961
activity__activity_met_1min__iqr__subject_day_iqr,activity,activity_met_1min,parsed_intraday,subject_day_iqr,candidate,2,DEM,9,9,0,0.1,0.1,0.2,0.1,0.2,-0.1,-0.8531825127,-0.3254901961,0.3254901961,0.3254901961
activity__activity_met_1min__iqr__subject_median,activity,activity_met_1min,parsed_intraday,subject_median,candidate,0,CN,85,85,0,0.6,0.5,0.7,0.2,0.6,0,0,0,0,0.385620915
activity__activity_met_1min__iqr__subject_median,activity,activity_met_1min,parsed_intraday,subject_median,candidate,1,MCI,47,47,0,0.7,0.5,0.8,0.3,0.6,0.1,0.5291213326,0.1188986233,0.1188986233,0.385620915
activity__activity_met_1min__iqr__subject_median,activity,activity_met_1min,parsed_intraday,subject_median,candidate,2,DEM,9,9,0,0.4,0.4,0.6,0.2,0.6,-0.2,-1.349,-0.385620915,0.385620915,0.385620915
activity__activity_met_1min__iqr__subject_missing_fraction,activity,activity_met_1min,parsed_intraday,subject_missing_fraction,negative_control,0,CN,85,85,0,0,0,0,0,0,0,,0,0,0
activity__activity_met_1min__iqr__subject_missing_fraction,activity,activity_met_1min,parsed_intraday,subject_missing_fraction,negative_control,1,MCI,47,47,0,0,0,0,0,0,0,,0,0,0
activity__activity_met_1min__iqr__subject_missing_fraction,activity,activity_met_1min,parsed_intraday,subject_missing_fraction,negative_control,2,DEM,9,9,0,0,0,0,0,0,0,,0,0,0
activity__activity_met_1min__mean__subject_day_iqr,activity,activity_met_1min,parsed_intraday,subject_day_iqr,candidate,0,CN,85,85,0,0.1707638889,0.12859375,0.2111805556,0.08258680556,0.1707638889,0,0,0,0,0.385620915
activity__activity_met_1min__mean__subject_day_iqr,activity,activity_met_1min,parsed_intraday,subject_day_iqr,candidate,1,MCI,47,47,0,0.1716666667,0.1427690972,0.2052170139,0.06244791667,0.1707638889,0.0009027777778,0.01663427502,0.02928660826,0.02928660826,0.385620915
activity__activity_met_1min__mean__subject_day_iqr,activity,activity_met_1min,parsed_intraday,subject_day_iqr,candidate,2,DEM,9,9,0,0.1185069444,0.08833333333,0.1498611111,0.06152777778,0.1707638889,-0.05225694444,-0.9680328005,-0.385620915,0.385620915,0.385620915
activity__activity_met_1min__mean__subject_median,activity,activity_met_1min,parsed_intraday,subject_median,candidate,0,CN,85,85,0,1.432291667,1.325451389,1.536076389,0.210625,1.432291667,0,0,0,0,0.3960784314
activity__activity_met_1min__mean__subject_median,activity,activity_met_1min,parsed_intraday,subject_median,candidate,1,MCI,47,47,0,1.417222222,1.343090278,1.561059028,0.21796875,1.432291667,-0.01506944444,-0.09484831286,0.005256570713,0.005256570713,0.3960784314
activity__activity_met_1min__mean__subject_median,activity,activity_met_1min,parsed_intraday,subject_median,candidate,2,DEM,9,9,0,1.301041667,1.287430556,1.397986111,0.1105555556,1.432291667,-0.13125,-1.052625731,-0.3960784314,0.3960784314,0.3960784314
activity__activity_met_1min__mean__subject_missing_fraction,activity,activity_met_1min,parsed_intraday,subject_missing_fraction,negative_control,0,CN,85,85,0,0,0,0,0,0,0,,0,0,0
activity__activity_met_1min__mean__subject_missing_fraction,activity,activity_met_1min,parsed_intraday,subject_missing_fraction,negative_control,1,MCI,47,47,0,0,0,0,0,0,0,,0,0,0
activity__activity_met_1min__mean__subject_missing_fraction,activity,activity_met_1min,parsed_intraday,subject_missing_fraction,negative_control,2,DEM,9,9,0,0,0,0,0,0,0,,0,0,0
activity__activity_met_1min__median__subject_day_iqr,activity,activity_met_1min,parsed_intraday,subject_day_iqr,candidate,0,CN,85,85,0,0.1,0,0.1,0.1,0.1,0,0,0,0,0.3111111111
activity__activity_met_1min__median__subject_day_iqr,activity,activity_met_1min,parsed_intraday,subject_day_iqr,candidate,1,MCI,47,47,0,0.1,0,0.1,0.1,0.1,2.220446049e-16,2.99538172e-15,0.1186483104,0.1186483104,0.3111111111
activity__activity_met_1min__median__subject_day_iqr,activity,activity_met_1min,parsed_intraday,subject_day_iqr,candidate,2,DEM,9,9,0,0.2,0,0.2,0.2,0.1,0.1,0.8531825127,0.3111111111,0.3111111111,0.3111111111
activity__activity_met_1min__median__subject_median,activity,activity_met_1min,parsed_intraday,subject_median,candidate,0,CN,85,85,0,1.2,1.2,1.2,0,1.2,0,0,0,0,0.4065359477
activity__activity_met_1min__median__subject_median,activity,activity_met_1min,parsed_intraday,subject_median,candidate,1,MCI,47,47,0,1.2,1.2,1.2,0,1.2,0,0,0.08911138924,0.08911138924,0.4065359477
activity__activity_met_1min__median__subject_median,activity,activity_met_1min,parsed_intraday,subject_median,candidate,2,DEM,9,9,0,1.1,1.1,1.2,0.1,1.2,-0.1,-1.413273087,-0.4065359477,0.4065359477,0.4065359477
activity__activity_met_1min__median__subject_missing_fraction,activity,activity_met_1min,parsed_intraday,subject_missing_fraction,negative_control,0,CN,85,85,0,0,0,0,0,0,0,,0,0,0
activity__activity_met_1min__median__subject_missing_fraction,activity,activity_met_1min,parsed_intraday,subject_missing_fraction,negative_control,1,MCI,47,47,0,0,0,0,0,0,0,,0,0,0
activity__activity_met_1min__median__subject_missing_fraction,activity,activity_met_1min,parsed_intraday,subject_missing_fraction,negative_control,2,DEM,9,9,0,0,0,0,0,0,0,,0,0,0
activity__activity_met_1min__q10__subject_day_iqr,activity,activity_met_1min,parsed_intraday,subject_day_iqr,candidate,0,CN,85,85,0,0,0,0,0,0,0,0,0,0,0.0522875817
activity__activity_met_1min__q10__subject_day_iqr,activity,activity_met_1min,parsed_intraday,subject_day_iqr,candidate,1,MCI,47,47,0,0,0,0,0,0,0,0,-0.01627033792,0.01627033792,0.0522875817
activity__activity_met_1min__q10__subject_day_iqr,activity,activity_met_1min,parsed_intraday,subject_day_iqr,candidate,2,DEM,9,9,0,0,0,0,0,0,0,0,0.0522875817,0.0522875817,0.0522875817
activity__activity_met_1min__q10__subject_median,activity,activity_met_1min,parsed_intraday,subject_median,candidate,0,CN,85,85,0,0.9,0.9,0.9,0,0.9,0,,0,0,0.02127659574
activity__activity_met_1min__q10__subject_median,activity,activity_met_1min,parsed_intraday,subject_median,candidate,1,MCI,47,47,0,0.9,0.9,0.9,0,0.9,0,0,-0.02127659574,0.02127659574,0.02127659574
activity__activity_met_1min__q10__subject_median,activity,activity_met_1min,parsed_intraday,subject_median,candidate,2,DEM,9,9,0,0.9,0.9,0.9,0,0.9,0,,0,0,0.02127659574
activity__activity_met_1min__q10__subject_missing_fraction,activity,activity_met_1min,parsed_intraday,subject_missing_fraction,negative_control,0,CN,85,85,0,0,0,0,0,0,0,,0,0,0
activity__activity_met_1min__q10__subject_missing_fraction,activity,activity_met_1min,parsed_intraday,subject_missing_fraction,negative_control,1,MCI,47,47,0,0,0,0,0,0,0,,0,0,0
activity__activity_met_1min__q10__subject_missing_fraction,activity,activity_met_1min,parsed_intraday,subject_missing_fraction,negative_control,2,DEM,9,9,0,0,0,0,0,0,0,,0,0,0
activity__activity_met_1min__q25__subject_day_iqr,activity,activity_met_1min,parsed_intraday,subject_day_iqr,candidate,0,CN,85,85,0,0,0,0,0,0,0,0,0,0,0.02614379085
activity__activity_met_1min__q25__subject_day_iqr,activity,activity_met_1min,parsed_intraday,subject_day_iqr,candidate,1,MCI,47,47,0,0,0,0,0,0,0,0,-0.02002503129,0.02002503129,0.02614379085
activity__activity_met_1min__q25__subject_day_iqr,activity,activity_met_1min,parsed_intraday,subject_day_iqr,candidate,2,DEM,9,9,0,0,0,0,0,0,0,0,-0.02614379085,0.02614379085,0.02614379085
activity__activity_met_1min__q25__subject_median,activity,activity_met_1min,parsed_intraday,subject_median,candidate,0,CN,85,85,0,0.9,0.9,0.9,0,0.9,0,0,0,0,0.1006535948
activity__activity_met_1min__q25__subject_median,activity,activity_met_1min,parsed_intraday,subject_median,candidate,1,MCI,47,47,0,0.9,0.9,0.9,0,0.9,0,0,-0.01176470588,0.01176470588,0.1006535948
activity__activity_met_1min__q25__subject_median,activity,activity_met_1min,parsed_intraday,subject_median,candidate,2,DEM,9,9,0,0.9,0.9,0.9,0,0.9,0,0,0.1006535948,0.1006535948,0.1006535948
activity__activity_met_1min__q25__subject_missing_fraction,activity,activity_met_1min,parsed_intraday,subject_missing_fraction,negative_control,0,CN,85,85,0,0,0,0,0,0,0,,0,0,0
activity__activity_met_1min__q25__subject_missing_fraction,activity,activity_met_1min,parsed_intraday,subject_missing_fraction,negative_control,1,MCI,47,47,0,0,0,0,0,0,0,,0,0,0
activity__activity_met_1min__q25__subject_missing_fraction,activity,activity_met_1min,parsed_intraday,subject_missing_fraction,negative_control,2,DEM,9,9,0,0,0,0,0,0,0,,0,0,0
activity__activity_met_1min__q75__subject_day_iqr,activity,activity_met_1min,parsed_intraday,subject_day_iqr,candidate,0,CN,85,85,0,0.2,0.1,0.3,0.2,0.2,0,0,0,0,0.2980392157
activity__activity_met_1min__q75__subject_day_iqr,activity,activity_met_1min,parsed_intraday,subject_day_iqr,candidate,1,MCI,47,47,0,0.2,0.115625,0.275,0.159375,0.2,0,0,-0.003254067584,0.003254067584,0.2980392157
activity__activity_met_1min__q75__subject_day_iqr,activity,activity_met_1min,parsed_intraday,subject_day_iqr,candidate,2,DEM,9,9,0,0.1,0.1,0.2,0.1,0.2,-0.1,-0.8531825127,-0.2980392157,0.2980392157,0.2980392157
activity__activity_met_1min__q75__subject_median,activity,activity_met_1min,parsed_intraday,subject_median,candidate,0,CN,85,85,0,1.5,1.4,1.6,0.2,1.5,0,0,0,0,0.414379085
activity__activity_met_1min__q75__subject_median,activity,activity_met_1min,parsed_intraday,subject_median,candidate,1,MCI,47,47,0,1.6,1.4,1.7,0.3,1.5,0.1,0.5291213326,0.1504380476,0.1504380476,0.414379085
activity__activity_met_1min__q75__subject_median,activity,activity_met_1min,parsed_intraday,subject_median,candidate,2,DEM,9,9,0,1.3,1.3,1.5,0.2,1.5,-0.2,-1.349,-0.414379085,0.414379085,0.414379085
activity__activity_met_1min__q75__subject_missing_fraction,activity,activity_met_1min,parsed_intraday,subject_missing_fraction,negative_control,0,CN,85,85,0,0,0,0,0,0,0,,0,0,0
activity__activity_met_1min__q75__subject_missing_fraction,activity,activity_met_1min,parsed_intraday,subject_missing_fraction,negative_control,1,MCI,47,47,0,0,0,0,0,0,0,,0,0,0
activity__activity_met_1min__q75__subject_missing_fraction,activity,activity_met_1min,parsed_intraday,subject_missing_fraction,negative_control,2,DEM,9,9,0,0,0,0,0,0,0,,0,0,0
activity__activity_met_1min__q90__subject_day_iqr,activity,activity_met_1min,parsed_intraday,subject_day_iqr,candidate,0,CN,85,85,0,0.5,0.3,0.6025,0.3025,0.5,0,0,0,0,0.4026143791
activity__activity_met_1min__q90__subject_day_iqr,activity,activity_met_1min,parsed_intraday,subject_day_iqr,candidate,1,MCI,47,47,0,0.5,0.3,0.6025,0.3025,0.5,0,0,-0.005506883605,0.005506883605,0.4026143791
activity__activity_met_1min__q90__subject_day_iqr,activity,activity_met_1min,parsed_intraday,subject_day_iqr,candidate,2,DEM,9,9,0,0.25,0.2,0.5,0.3,0.5,-0.25,-1.119492437,-0.4026143791,0.4026143791,0.4026143791
activity__activity_met_1min__q90__subject_median,activity,activity_met_1min,parsed_intraday,subject_median,candidate,0,CN,85,85,0,2.21,1.9,2.6,0.7,2.21,0,0,0,0,0.3267973856
activity__activity_met_1min__q90__subject_median,activity,activity_met_1min,parsed_intraday,subject_median,candidate,1,MCI,47,47,0,2.3,2.1,2.6,0.5,2.21,0.09,0.1995968105,0.02703379224,0.02703379224,0.3267973856
activity__activity_met_1min__q90__subject_median,activity,activity_met_1min,parsed_intraday,subject_median,candidate,2,DEM,9,9,0,1.9,1.8,2.2,0.4,2.21,-0.31,-0.7335537862,-0.3267973856,0.3267973856,0.3267973856
activity__activity_met_1min__q90__subject_missing_fraction,activity,activity_met_1min,parsed_intraday,subject_missing_fraction,negative_control,0,CN,85,85,0,0,0,0,0,0,0,,0,0,0
activity__activity_met_1min__q90__subject_missing_fraction,activity,activity_met_1min,parsed_intraday,subject_missing_fraction,negative_control,1,MCI,47,47,0,0,0,0,0,0,0,,0,0,0
activity__activity_met_1min__q90__subject_missing_fraction,activity,activity_met_1min,parsed_intraday,subject_missing_fraction,negative_control,2,DEM,9,9,0,0,0,0,0,0,0,,0,0,0
activity__activity_met_1min__ratio_ge_3__subject_day_iqr,activity,activity_met_1min,parsed_intraday,subject_day_iqr,candidate,0,CN,85,85,0,0.03194444444,0.02430555556,0.04131944444,0.01701388889,0.03194444444,0,0,0,0,0.3477124183
activity__activity_met_1min__ratio_ge_3__subject_day_iqr,activity,activity_met_1min,parsed_intraday,subject_day_iqr,candidate,1,MCI,47,47,0,0.03506944444,0.02569444444,0.04270833333,0.01701388889,0.03194444444,0.003125,0.2477755102,0.09662077597,0.09662077597,0.3477124183
activity__activity_met_1min__ratio_ge_3__subject_day_iqr,activity,activity_met_1min,parsed_intraday,subject_day_iqr,candidate,2,DEM,9,9,0,0.02534722222,0.01284722222,0.02638888889,0.01354166667,0.03194444444,-0.006597222222,-0.5787976429,-0.3477124183,0.3477124183,0.3477124183
activity__activity_met_1min__ratio_ge_3__subject_median,activity,activity_met_1min,parsed_intraday,subject_median,candidate,0,CN,85,85,0,0.05902777778,0.03402777778,0.07569444444,0.04166666667,0.05902777778,0,0,0,0,0.1947712418
activity__activity_met_1min__ratio_ge_3__subject_median,activity,activity_met_1min,parsed_intraday,subject_median,candidate,1,MCI,47,47,0,0.05486111111,0.03697916667,0.08020833333,0.04322916667,0.05902777778,-0.004166666667,-0.1323947561,-0.008760951189,0.008760951189,0.1947712418
activity__activity_met_1min__ratio_ge_3__subject_median,activity,activity_met_1min,parsed_intraday,subject_median,candidate,2,DEM,9,9,0,0.04861111111,0.01527777778,0.07291666667,0.05763888889,0.05902777778,-0.01041666667,-0.2794159309,-0.1947712418,0.1947712418,0.1947712418
activity__activity_met_1min__ratio_ge_3__subject_missing_fraction,activity,activity_met_1min,parsed_intraday,subject_missing_fraction,negative_control,0,CN,85,85,0,0,0,0,0,0,0,,0,0,0
activity__activity_met_1min__ratio_ge_3__subject_missing_fraction,activity,activity_met_1min,parsed_intraday,subject_missing_fraction,negative_control,1,MCI,47,47,0,0,0,0,0,0,0,,0,0,0
activity__activity_met_1min__ratio_ge_3__subject_missing_fraction,activity,activity_met_1min,parsed_intraday,subject_missing_fraction,negative_control,2,DEM,9,9,0,0,0,0,0,0,0,,0,0,0
activity__activity_met_1min__ratio_ge_6__subject_day_iqr,activity,activity_met_1min,parsed_intraday,subject_day_iqr,candidate,0,CN,85,85,0,0.003472222222,0.002083333333,0.00625,0.004166666667,0.003472222222,0,0,0,0,0.3307189542
activity__activity_met_1min__ratio_ge_6__subject_day_iqr,activity,activity_met_1min,parsed_intraday,subject_day_iqr,candidate,1,MCI,47,47,0,0.003472222222,0.001475694444,0.006597222222,0.005121527778,0.003472222222,0,0,-0.08685857322,0.08685857322,0.3307189542
activity__activity_met_1min__ratio_ge_6__subject_day_iqr,activity,activity_met_1min,parsed_intraday,subject_day_iqr,candidate,2,DEM,9,9,0,0.002083333333,0.001388888889,0.003472222222,0.002083333333,0.003472222222,-0.001388888889,-0.5687883418,-0.3307189542,0.3307189542,0.3307189542
activity__activity_met_1min__ratio_ge_6__subject_median,activity,activity_met_1min,parsed_intraday,subject_median,candidate,0,CN,85,85,0,0.002777777778,0.0006944444444,0.006944444444,0.00625,0.002777777778,0,0,0,0,0.1934640523
activity__activity_met_1min__ratio_ge_6__subject_median,activity,activity_met_1min,parsed_intraday,subject_median,candidate,1,MCI,47,47,0,0.002430555556,0.0006944444444,0.005729166667,0.005034722222,0.002777777778,-0.0003472222222,-0.08253814081,-0.07259073842,0.07259073842,0.1934640523
activity__activity_met_1min__ratio_ge_6__subject_median,activity,activity_met_1min,parsed_intraday,subject_median,candidate,2,DEM,9,9,0,0.0006944444444,0,0.008333333333,0.008333333333,0.002777777778,-0.002083333333,-0.3815548191,-0.1934640523,0.1934640523,0.1934640523
activity__activity_met_1min__ratio_ge_6__subject_missing_fraction,activity,activity_met_1min,parsed_intraday,subject_missing_fraction,negative_control,0,CN,85,85,0,0,0,0,0,0,0,,0,0,0
activity__activity_met_1min__ratio_ge_6__subject_missing_fraction,activity,activity_met_1min,parsed_intraday,subject_missing_fraction,negative_control,1,MCI,47,47,0,0,0,0,0,0,0,,0,0,0
activity__activity_met_1min__ratio_ge_6__subject_missing_fraction,activity,activity_met_1min,parsed_intraday,subject_missing_fraction,negative_control,2,DEM,9,9,0,0,0,0,0,0,0,,0,0,0
activity__activity_met_1min__std__subject_day_iqr,activity,activity_met_1min,parsed_intraday,subject_day_iqr,candidate,0,CN,85,85,0,0.2107038226,0.1657646967,0.2846476911,0.1188829944,0.2107038226,0,0,0,0,0.1450980392
activity__activity_met_1min__std__subject_day_iqr,activity,activity_met_1min,parsed_intraday,subject_day_iqr,candidate,1,MCI,47,47,0,0.2200048735,0.1716908622,0.2793464627,0.1076556005,0.2107038226,0.009301050963,0.1106366588,0.0167709637,0.0167709637,0.1450980392
activity__activity_met_1min__std__subject_day_iqr,activity,activity_met_1min,parsed_intraday,subject_day_iqr,candidate,2,DEM,9,9,0,0.1730983922,0.1597806587,0.260395774,0.1006151153,0.2107038226,-0.03760543037,-0.4606412606,-0.1450980392,0.1450980392,0.1450980392
activity__activity_met_1min__std__subject_median,activity,activity_met_1min,parsed_intraday,subject_median,candidate,0,CN,85,85,0,0.8815601881,0.7304268316,1.041552158,0.3111253265,0.8815601881,0,0,0,0,0.0954248366
activity__activity_met_1min__std__subject_median,activity,activity_met_1min,parsed_intraday,subject_median,candidate,1,MCI,47,47,0,0.8618295785,0.7331484296,1.037548229,0.3043997992,0.8815601881,-0.01973060954,-0.0864790159,-0.03679599499,0.03679599499,0.0954248366
activity__activity_met_1min__std__subject_median,activity,activity_met_1min,parsed_intraday,subject_median,candidate,2,DEM,9,9,0,0.8457541943,0.5850869804,1.071935121,0.4868481401,0.8815601881,-0.03580599377,-0.1182296627,-0.0954248366,0.0954248366,0.0954248366
activity__activity_met_1min__std__subject_missing_fraction,activity,activity_met_1min,parsed_intraday,subject_missing_fraction,negative_control,0,CN,85,85,0,0,0,0,0,0,0,,0,0,0
activity__activity_met_1min__std__subject_missing_fraction,activity,activity_met_1min,parsed_intraday,subject_missing_fraction,negative_control,1,MCI,47,47,0,0,0,0,0,0,0,,0,0,0
activity__activity_met_1min__std__subject_missing_fraction,activity,activity_met_1min,parsed_intraday,subject_missing_fraction,negative_control,2,DEM,9,9,0,0,0,0,0,0,0,,0,0,0
activity__activity_met_1min__valid_count__subject_day_iqr,activity,activity_met_1min,parsed_intraday,subject_day_iqr,negative_control,0,CN,85,85,0,0,0,0,0,0,0,,0,0,0
activity__activity_met_1min__valid_count__subject_day_iqr,activity,activity_met_1min,parsed_intraday,subject_day_iqr,negative_control,1,MCI,47,47,0,0,0,0,0,0,0,,0,0,0
activity__activity_met_1min__valid_count__subject_day_iqr,activity,activity_met_1min,parsed_intraday,subject_day_iqr,negative_control,2,DEM,9,9,0,0,0,0,0,0,0,,0,0,0
activity__activity_met_1min__valid_count__subject_median,activity,activity_met_1min,parsed_intraday,subject_median,negative_control,0,CN,85,85,0,1440,1440,1440,0,1440,0,,0,0,0
activity__activity_met_1min__valid_count__subject_median,activity,activity_met_1min,parsed_intraday,subject_median,negative_control,1,MCI,47,47,0,1440,1440,1440,0,1440,0,,0,0,0
activity__activity_met_1min__valid_count__subject_median,activity,activity_met_1min,parsed_intraday,subject_median,negative_control,2,DEM,9,9,0,1440,1440,1440,0,1440,0,,0,0,0
activity__activity_met_1min__valid_count__subject_missing_fraction,activity,activity_met_1min,parsed_intraday,subject_missing_fraction,negative_control,0,CN,85,85,0,0,0,0,0,0,0,,0,0,0
activity__activity_met_1min__valid_count__subject_missing_fraction,activity,activity_met_1min,parsed_intraday,subject_missing_fraction,negative_control,1,MCI,47,47,0,0,0,0,0,0,0,,0,0,0
activity__activity_met_1min__valid_count__subject_missing_fraction,activity,activity_met_1min,parsed_intraday,subject_missing_fraction,negative_control,2,DEM,9,9,0,0,0,0,0,0,0,,0,0,0
activity__activity_met_1min__valid_ratio__subject_day_iqr,activity,activity_met_1min,parsed_intraday,subject_day_iqr,negative_control,0,CN,85,85,0,0,0,0,0,0,0,,0,0,0
activity__activity_met_1min__valid_ratio__subject_day_iqr,activity,activity_met_1min,parsed_intraday,subject_day_iqr,negative_control,1,MCI,47,47,0,0,0,0,0,0,0,,0,0,0
activity__activity_met_1min__valid_ratio__subject_day_iqr,activity,activity_met_1min,parsed_intraday,subject_day_iqr,negative_control,2,DEM,9,9,0,0,0,0,0,0,0,,0,0,0
activity__activity_met_1min__valid_ratio__subject_median,activity,activity_met_1min,parsed_intraday,subject_median,negative_control,0,CN,85,85,0,1,1,1,0,1,0,,0,0,0
activity__activity_met_1min__valid_ratio__subject_median,activity,activity_met_1min,parsed_intraday,subject_median,negative_control,1,MCI,47,47,0,1,1,1,0,1,0,,0,0,0
activity__activity_met_1min__valid_ratio__subject_median,activity,activity_met_1min,parsed_intraday,subject_median,negative_control,2,DEM,9,9,0,1,1,1,0,1,0,,0,0,0
activity__activity_met_1min__valid_ratio__subject_missing_fraction,activity,activity_met_1min,parsed_intraday,subject_missing_fraction,negative_control,0,CN,85,85,0,0,0,0,0,0,0,,0,0,0
activity__activity_met_1min__valid_ratio__subject_missing_fraction,activity,activity_met_1min,parsed_intraday,subject_missing_fraction,negative_control,1,MCI,47,47,0,0,0,0,0,0,0,,0,0,0
activity__activity_met_1min__valid_ratio__subject_missing_fraction,activity,activity_met_1min,parsed_intraday,subject_missing_fraction,negative_control,2,DEM,9,9,0,0,0,0,0,0,0,,0,0,0
activity__activity_met_1min__zero_ratio__subject_day_iqr,activity,activity_met_1min,parsed_intraday,subject_day_iqr,negative_control,0,CN,85,85,0,0,0,0,0,0,0,,0,0,0
activity__activity_met_1min__zero_ratio__subject_day_iqr,activity,activity_met_1min,parsed_intraday,subject_day_iqr,negative_control,1,MCI,47,47,0,0,0,0,0,0,0,,0,0,0
activity__activity_met_1min__zero_ratio__subject_day_iqr,activity,activity_met_1min,parsed_intraday,subject_day_iqr,negative_control,2,DEM,9,9,0,0,0,0,0,0,0,,0,0,0
activity__activity_met_1min__zero_ratio__subject_median,activity,activity_met_1min,parsed_intraday,subject_median,negative_control,0,CN,85,85,0,0,0,0,0,0,0,,0,0,0
activity__activity_met_1min__zero_ratio__subject_median,activity,activity_met_1min,parsed_intraday,subject_median,negative_control,1,MCI,47,47,0,0,0,0,0,0,0,,0,0,0
activity__activity_met_1min__zero_ratio__subject_median,activity,activity_met_1min,parsed_intraday,subject_median,negative_control,2,DEM,9,9,0,0,0,0,0,0,0,,0,0,0
activity__activity_met_1min__zero_ratio__subject_missing_fraction,activity,activity_met_1min,parsed_intraday,subject_missing_fraction,negative_control,0,CN,85,85,0,0,0,0,0,0,0,,0,0,0
activity__activity_met_1min__zero_ratio__subject_missing_fraction,activity,activity_met_1min,parsed_intraday,subject_missing_fraction,negative_control,1,MCI,47,47,0,0,0,0,0,0,0,,0,0,0
activity__activity_met_1min__zero_ratio__subject_missing_fraction,activity,activity_met_1min,parsed_intraday,subject_missing_fraction,negative_control,2,DEM,9,9,0,0,0,0,0,0,0,,0,0,0
activity__activity_met_min_high__subject_day_iqr,activity,daily_scalar,scalar,subject_day_iqr,candidate,0,CN,85,85,0,14,7,24.75,17.75,14,0,0,0,0,0.1607843137
activity__activity_met_min_high__subject_day_iqr,activity,daily_scalar,scalar,subject_day_iqr,candidate,1,MCI,47,47,0,9,7,23.375,16.375,14,-5,-0.3949908458,-0.1116395494,0.1116395494,0.1607843137
activity__activity_met_min_high__subject_day_iqr,activity,daily_scalar,scalar,subject_day_iqr,candidate,2,DEM,9,9,0,7,0,21,21,14,-7,-0.4856754358,-0.1607843137,0.1607843137,0.1607843137
activity__activity_met_min_high__subject_median,activity,daily_scalar,scalar,subject_median,candidate,0,CN,85,85,0,6,0,19,19,6,0,0,0,0,0.07509386733
activity__activity_met_min_high__subject_median,activity,daily_scalar,scalar,subject_median,candidate,1,MCI,47,47,0,0,0,12,12,6,-6,-0.5093689981,-0.07509386733,0.07509386733,0.07509386733
activity__activity_met_min_high__subject_median,activity,daily_scalar,scalar,subject_median,candidate,2,DEM,9,9,0,0,0,29,29,6,-6,-0.3301611466,0.0339869281,0.0339869281,0.07509386733
activity__activity_met_min_high__subject_missing_fraction,activity,daily_scalar,scalar,subject_missing_fraction,negative_control,0,CN,85,85,0,0,0,0,0,0,0,,0,0,0
activity__activity_met_min_high__subject_missing_fraction,activity,daily_scalar,scalar,subject_missing_fraction,negative_control,1,MCI,47,47,0,0,0,0,0,0,0,,0,0,0
activity__activity_met_min_high__subject_missing_fraction,activity,daily_scalar,scalar,subject_missing_fraction,negative_control,2,DEM,9,9,0,0,0,0,0,0,0,,0,0,0
activity__activity_met_min_inactive__subject_day_iqr,activity,daily_scalar,scalar,subject_day_iqr,candidate,0,CN,85,85,0,3,2,3.5,1.5,3,0,0,0,0,0.122875817
activity__activity_met_min_inactive__subject_day_iqr,activity,daily_scalar,scalar,subject_day_iqr,candidate,1,MCI,47,47,0,3,2,3.25,1.25,3,0,0,-0.0337922403,0.0337922403,0.122875817
activity__activity_met_min_inactive__subject_day_iqr,activity,daily_scalar,scalar,subject_day_iqr,candidate,2,DEM,9,9,0,2,2,3.25,1.25,3,-1,-0.9770617713,-0.122875817,0.122875817,0.122875817
activity__activity_met_min_inactive__subject_median,activity,daily_scalar,scalar,subject_median,candidate,0,CN,85,85,0,7,6,9,3,7,0,0,0,0,0.3124183007
activity__activity_met_min_inactive__subject_median,activity,daily_scalar,scalar,subject_median,candidate,1,MCI,47,47,0,8,6,9.5,3.5,7,1,0.413854308,0.1166458073,0.1166458073,0.3124183007
activity__activity_met_min_inactive__subject_median,activity,daily_scalar,scalar,subject_median,candidate,2,DEM,9,9,0,6,5,7,2,7,-1,-0.5291213326,-0.3124183007,0.3124183007,0.3124183007
activity__activity_met_min_inactive__subject_missing_fraction,activity,daily_scalar,scalar,subject_missing_fraction,negative_control,0,CN,85,85,0,0,0,0,0,0,0,,0,0,0
activity__activity_met_min_inactive__subject_missing_fraction,activity,daily_scalar,scalar,subject_missing_fraction,negative_control,1,MCI,47,47,0,0,0,0,0,0,0,,0,0,0
activity__activity_met_min_inactive__subject_missing_fraction,activity,daily_scalar,scalar,subject_missing_fraction,negative_control,2,DEM,9,9,0,0,0,0,0,0,0,,0,0,0
activity__activity_met_min_low__subject_day_iqr,activity,daily_scalar,scalar,subject_day_iqr,candidate,0,CN,85,85,0,76,58.25,102,43.75,76,0,0,0,0,0.4810457516
activity__activity_met_min_low__subject_day_iqr,activity,daily_scalar,scalar,subject_day_iqr,candidate,1,MCI,47,47,0,77,61.625,98.5,36.875,76,1,0.03334256526,0.04080100125,0.04080100125,0.4810457516
activity__activity_met_min_low__subject_day_iqr,activity,daily_scalar,scalar,subject_day_iqr,candidate,2,DEM,9,9,0,46.5,37.5,62,24.5,76,-29.5,-1.122378493,-0.4810457516,0.4810457516,0.4810457516
activity__activity_met_min_low__subject_median,activity,daily_scalar,scalar,subject_median,candidate,0,CN,85,85,0,189.5,138,222,84,189.5,0,0,0,0,0.3751633987
activity__activity_met_min_low__subject_median,activity,daily_scalar,scalar,subject_median,candidate,1,MCI,47,47,0,201,144.75,235,90.25,189.5,11.5,0.1779458302,0.07984981227,0.07984981227,0.3751633987
activity__activity_met_min_low__subject_median,activity,daily_scalar,scalar,subject_median,candidate,2,DEM,9,9,0,97,81,191,110,189.5,-92.5,-1.275017854,-0.3751633987,0.3751633987,0.3751633987
activity__activity_met_min_low__subject_missing_fraction,activity,daily_scalar,scalar,subject_missing_fraction,negative_control,0,CN,85,85,0,0,0,0,0,0,0,,0,0,0
activity__activity_met_min_low__subject_missing_fraction,activity,daily_scalar,scalar,subject_missing_fraction,negative_control,1,MCI,47,47,0,0,0,0,0,0,0,,0,0,0
activity__activity_met_min_low__subject_missing_fraction,activity,daily_scalar,scalar,subject_missing_fraction,negative_control,2,DEM,9,9,0,0,0,0,0,0,0,,0,0,0
activity__activity_met_min_medium__subject_day_iqr,activity,daily_scalar,scalar,subject_day_iqr,candidate,0,CN,85,85,0,107,63.75,159.75,96,107,0,0,0,0,0.2078431373
activity__activity_met_min_medium__subject_day_iqr,activity,daily_scalar,scalar,subject_day_iqr,candidate,1,MCI,47,47,0,109.75,73.125,149.875,76.75,107,2.75,0.04268515034,0.0282853567,0.0282853567,0.2078431373
activity__activity_met_min_medium__subject_day_iqr,activity,daily_scalar,scalar,subject_day_iqr,candidate,2,DEM,9,9,0,70.5,32,146,114,107,-36.5,-0.4672248998,-0.2078431373,0.2078431373,0.2078431373
activity__activity_met_min_medium__subject_median,activity,daily_scalar,scalar,subject_median,candidate,0,CN,85,85,0,148,67,219.5,152.5,148,0,0,0,0,0.1006535948
activity__activity_met_min_medium__subject_median,activity,daily_scalar,scalar,subject_median,candidate,1,MCI,47,47,0,128,67,242.25,175.25,148,-20,-0.1642424868,-0.01602002503,0.01602002503,0.1006535948
activity__activity_met_min_medium__subject_median,activity,daily_scalar,scalar,subject_median,candidate,2,DEM,9,9,0,156,26,183,157,148,8,0.06973091741,-0.1006535948,0.1006535948,0.1006535948
activity__activity_met_min_medium__subject_missing_fraction,activity,daily_scalar,scalar,subject_missing_fraction,negative_control,0,CN,85,85,0,0,0,0,0,0,0,,0,0,0
activity__activity_met_min_medium__subject_missing_fraction,activity,daily_scalar,scalar,subject_missing_fraction,negative_control,1,MCI,47,47,0,0,0,0,0,0,0,,0,0,0
activity__activity_met_min_medium__subject_missing_fraction,activity,daily_scalar,scalar,subject_missing_fraction,negative_control,2,DEM,9,9,0,0,0,0,0,0,0,,0,0,0
activity__activity_non_wear__subject_day_iqr,activity,daily_scalar,scalar,subject_day_iqr,negative_control,0,CN,85,85,0,63,39.25,84.25,45,63,0,0,0,0,0.06274509804
activity__activity_non_wear__subject_day_iqr,activity,daily_scalar,scalar,subject_day_iqr,negative_control,1,MCI,47,47,0,64.5,36.375,88.75,52.375,63,1.5,0.04144228364,0.03153942428,0.03153942428,0.06274509804
activity__activity_non_wear__subject_day_iqr,activity,daily_scalar,scalar,subject_day_iqr,negative_control,2,DEM,9,9,0,70.25,12,75.25,63.25,63,7.25,0.1781829547,-0.06274509804,0.06274509804,0.06274509804
activity__activity_non_wear__subject_median,activity,daily_scalar,scalar,subject_median,negative_control,0,CN,85,85,0,0,0,29,29,0,0,0,0,0,0.07984981227
activity__activity_non_wear__subject_median,activity,daily_scalar,scalar,subject_median,negative_control,1,MCI,47,47,0,0,0,24.25,24.25,0,0,0,-0.07984981227,0.07984981227,0.07984981227
activity__activity_non_wear__subject_median,activity,daily_scalar,scalar,subject_median,negative_control,2,DEM,9,9,0,0,0,30,30,0,0,0,-0.003921568627,0.003921568627,0.07984981227
activity__activity_non_wear__subject_missing_fraction,activity,daily_scalar,scalar,subject_missing_fraction,negative_control,0,CN,85,85,0,0,0,0,0,0,0,,0,0,0
activity__activity_non_wear__subject_missing_fraction,activity,daily_scalar,scalar,subject_missing_fraction,negative_control,1,MCI,47,47,0,0,0,0,0,0,0,,0,0,0
activity__activity_non_wear__subject_missing_fraction,activity,daily_scalar,scalar,subject_missing_fraction,negative_control,2,DEM,9,9,0,0,0,0,0,0,0,,0,0,0
activity__activity_rest__subject_day_iqr,activity,daily_scalar,scalar,subject_day_iqr,candidate,0,CN,85,85,0,111.5,90,132,42,111.5,0,0,0,0,0.3307189542
activity__activity_rest__subject_day_iqr,activity,daily_scalar,scalar,subject_day_iqr,candidate,1,MCI,47,47,0,104,88,127.75,39.75,111.5,-7.5,-0.2474292382,-0.06708385482,0.06708385482,0.3307189542
activity__activity_rest__subject_day_iqr,activity,daily_scalar,scalar,subject_day_iqr,candidate,2,DEM,9,9,0,139.5,99,171.75,72.75,111.5,28,0.6358993523,0.3307189542,0.3307189542,0.3307189542
activity__activity_rest__subject_median,activity,daily_scalar,scalar,subject_median,candidate,0,CN,85,85,0,505,461,580,119,505,0,0,0,0,0.5816993464
activity__activity_rest__subject_median,activity,daily_scalar,scalar,subject_median,candidate,1,MCI,47,47,0,516,468.5,573,104.5,505,11,0.1325088986,0.0423028786,0.0423028786,0.5816993464
activity__activity_rest__subject_median,activity,daily_scalar,scalar,subject_median,candidate,2,DEM,9,9,0,666,619,676,57,505,161,2.327841669,0.5816993464,0.5816993464,0.5816993464
activity__activity_rest__subject_missing_fraction,activity,daily_scalar,scalar,subject_missing_fraction,negative_control,0,CN,85,85,0,0,0,0,0,0,0,,0,0,0
activity__activity_rest__subject_missing_fraction,activity,daily_scalar,scalar,subject_missing_fraction,negative_control,1,MCI,47,47,0,0,0,0,0,0,0,,0,0,0
activity__activity_rest__subject_missing_fraction,activity,daily_scalar,scalar,subject_missing_fraction,negative_control,2,DEM,9,9,0,0,0,0,0,0,0,,0,0,0
activity__activity_score__subject_day_iqr,activity,daily_scalar,scalar,subject_day_iqr,candidate,0,CN,85,85,0,12.75,7.5,17,9.5,12.75,0,0,0,0,0.0675844806
activity__activity_score__subject_day_iqr,activity,daily_scalar,scalar,subject_day_iqr,candidate,1,MCI,47,47,0,11,8,15.375,7.375,12.75,-1.75,-0.277600249,-0.0675844806,0.0675844806,0.0675844806
activity__activity_score__subject_day_iqr,activity,daily_scalar,scalar,subject_day_iqr,candidate,2,DEM,9,9,0,11,8,18.25,10.25,12.75,-1.75,-0.2388911036,-0.05751633987,0.05751633987,0.0675844806
activity__activity_score__subject_median,activity,daily_scalar,scalar,subject_median,candidate,0,CN,85,85,0,88,78.5,93,14.5,88,0,0,0,0,0.3163398693
activity__activity_score__subject_median,activity,daily_scalar,scalar,subject_median,candidate,1,MCI,47,47,0,89,78.25,94,15.75,88,1,0.08911403249,0.08135168961,0.08135168961,0.3163398693
activity__activity_score__subject_median,activity,daily_scalar,scalar,subject_median,candidate,2,DEM,9,9,0,75.5,69,90,21,88,-12.5,-0.9344651133,-0.3163398693,0.3163398693,0.3163398693
activity__activity_score__subject_missing_fraction,activity,daily_scalar,scalar,subject_missing_fraction,negative_control,0,CN,85,85,0,0,0,0,0,0,0,,0,0,0
activity__activity_score__subject_missing_fraction,activity,daily_scalar,scalar,subject_missing_fraction,negative_control,1,MCI,47,47,0,0,0,0,0,0,0,,0,0,0
activity__activity_score__subject_missing_fraction,activity,daily_scalar,scalar,subject_missing_fraction,negative_control,2,DEM,9,9,0,0,0,0,0,0,0,,0,0,0
activity__activity_score_meet_daily_targets__subject_day_iqr,activity,daily_scalar,scalar,subject_day_iqr,candidate,0,CN,85,85,0,18,0,35,35,18,0,0,0,0,0.05359477124
activity__activity_score_meet_daily_targets__subject_day_iqr,activity,daily_scalar,scalar,subject_day_iqr,candidate,1,MCI,47,47,0,17,0,35,35,18,-1,-0.03854285714,-0.02578222778,0.02578222778,0.05359477124
activity__activity_score_meet_daily_targets__subject_day_iqr,activity,daily_scalar,scalar,subject_day_iqr,candidate,2,DEM,9,9,0,18,0,40,40,18,0,0,0.05359477124,0.05359477124,0.05359477124
activity__activity_score_meet_daily_targets__subject_median,activity,daily_scalar,scalar,subject_median,candidate,0,CN,85,85,0,95,60,100,40,95,0,0,0,0,0.4444444444
activity__activity_score_meet_daily_targets__subject_median,activity,daily_scalar,scalar,subject_median,candidate,1,MCI,47,47,0,95,60,100,40,95,0,0,-0.0535669587,0.0535669587,0.4444444444
activity__activity_score_meet_daily_targets__subject_median,activity,daily_scalar,scalar,subject_median,candidate,2,DEM,9,9,0,43,25,95,70,95,-52,-1.230477319,-0.4444444444,0.4444444444,0.4444444444
activity__activity_score_meet_daily_targets__subject_missing_fraction,activity,daily_scalar,scalar,subject_missing_fraction,negative_control,0,CN,85,85,0,0,0,0,0,0,0,,0,0,0
activity__activity_score_meet_daily_targets__subject_missing_fraction,activity,daily_scalar,scalar,subject_missing_fraction,negative_control,1,MCI,47,47,0,0,0,0,0,0,0,,0,0,0
activity__activity_score_meet_daily_targets__subject_missing_fraction,activity,daily_scalar,scalar,subject_missing_fraction,negative_control,2,DEM,9,9,0,0,0,0,0,0,0,,0,0,0
activity__activity_score_move_every_hour__subject_day_iqr,activity,daily_scalar,scalar,subject_day_iqr,candidate,0,CN,85,85,0,5,0,5,5,5,0,0,0,0,0.202252816
activity__activity_score_move_every_hour__subject_day_iqr,activity,daily_scalar,scalar,subject_day_iqr,candidate,1,MCI,47,47,0,0,0,5,5,5,-5,-1.349,-0.202252816,0.202252816,0.202252816
activity__activity_score_move_every_hour__subject_day_iqr,activity,daily_scalar,scalar,subject_day_iqr,candidate,2,DEM,9,9,0,0,0,5,5,5,-5,-1.349,-0.1803921569,0.1803921569,0.202252816
activity__activity_score_move_every_hour__subject_median,activity,daily_scalar,scalar,subject_median,candidate,0,CN,85,85,0,100,100,100,0,100,0,0,0,0,0.05490196078
activity__activity_score_move_every_hour__subject_median,activity,daily_scalar,scalar,subject_median,candidate,1,MCI,47,47,0,100,100,100,0,100,0,0,0.01752190238,0.01752190238,0.05490196078
activity__activity_score_move_every_hour__subject_median,activity,daily_scalar,scalar,subject_median,candidate,2,DEM,9,9,0,100,100,100,0,100,0,0,-0.05490196078,0.05490196078,0.05490196078
activity__activity_score_move_every_hour__subject_missing_fraction,activity,daily_scalar,scalar,subject_missing_fraction,negative_control,0,CN,85,85,0,0,0,0,0,0,0,,0,0,0
activity__activity_score_move_every_hour__subject_missing_fraction,activity,daily_scalar,scalar,subject_missing_fraction,negative_control,1,MCI,47,47,0,0,0,0,0,0,0,,0,0,0
activity__activity_score_move_every_hour__subject_missing_fraction,activity,daily_scalar,scalar,subject_missing_fraction,negative_control,2,DEM,9,9,0,0,0,0,0,0,0,,0,0,0
activity__activity_score_recovery_time__subject_day_iqr,activity,daily_scalar,scalar,subject_day_iqr,candidate,0,CN,85,85,0,2,0,28.25,28.25,2,0,0,0,0,0.07712418301
activity__activity_score_recovery_time__subject_day_iqr,activity,daily_scalar,scalar,subject_day_iqr,candidate,1,MCI,47,47,0,2,0,22.125,22.125,2,0,0,-0.06408010013,0.06408010013,0.07712418301
activity__activity_score_recovery_time__subject_day_iqr,activity,daily_scalar,scalar,subject_day_iqr,candidate,2,DEM,9,9,0,2,0,5,5,2,0,0,-0.07712418301,0.07712418301,0.07712418301
activity__activity_score_recovery_time__subject_median,activity,daily_scalar,scalar,subject_median,candidate,0,CN,85,85,0,100,98,100,2,100,0,0,0,0,0.09019607843
activity__activity_score_recovery_time__subject_median,activity,daily_scalar,scalar,subject_median,candidate,1,MCI,47,47,0,100,98,100,2,100,0,0,0.01877346683,0.01877346683,0.09019607843
activity__activity_score_recovery_time__subject_median,activity,daily_scalar,scalar,subject_median,candidate,2,DEM,9,9,0,100,100,100,0,100,0,0,0.09019607843,0.09019607843,0.09019607843
activity__activity_score_recovery_time__subject_missing_fraction,activity,daily_scalar,scalar,subject_missing_fraction,negative_control,0,CN,85,85,0,0,0,0,0,0,0,,0,0,0
activity__activity_score_recovery_time__subject_missing_fraction,activity,daily_scalar,scalar,subject_missing_fraction,negative_control,1,MCI,47,47,0,0,0,0,0,0,0,,0,0,0
activity__activity_score_recovery_time__subject_missing_fraction,activity,daily_scalar,scalar,subject_missing_fraction,negative_control,2,DEM,9,9,0,0,0,0,0,0,0,,0,0,0
activity__activity_score_stay_active__subject_day_iqr,activity,daily_scalar,scalar,subject_day_iqr,candidate,0,CN,85,85,0,15,11.75,18.25,6.5,15,0,0,0,0,0.02222222222
activity__activity_score_stay_active__subject_day_iqr,activity,daily_scalar,scalar,subject_day_iqr,candidate,1,MCI,47,47,0,15,11.75,17.875,6.125,15,0,0,0.005757196496,0.005757196496,0.02222222222
activity__activity_score_stay_active__subject_day_iqr,activity,daily_scalar,scalar,subject_day_iqr,candidate,2,DEM,9,9,0,15,12.75,18.5,5.75,15,0,0,-0.02222222222,0.02222222222,0.02222222222
activity__activity_score_stay_active__subject_median,activity,daily_scalar,scalar,subject_median,candidate,0,CN,85,85,0,80,72,86,14,80,0,0,0,0,0.1986928105
activity__activity_score_stay_active__subject_median,activity,daily_scalar,scalar,subject_median,candidate,1,MCI,47,47,0,81,73.25,91,17.75,80,1,0.08438979657,0.1284105131,0.1284105131,0.1986928105
activity__activity_score_stay_active__subject_median,activity,daily_scalar,scalar,subject_median,candidate,2,DEM,9,9,0,81,76,89,13,80,1,0.09985746006,0.1986928105,0.1986928105,0.1986928105
activity__activity_score_stay_active__subject_missing_fraction,activity,daily_scalar,scalar,subject_missing_fraction,negative_control,0,CN,85,85,0,0,0,0,0,0,0,,0,0,0
activity__activity_score_stay_active__subject_missing_fraction,activity,daily_scalar,scalar,subject_missing_fraction,negative_control,1,MCI,47,47,0,0,0,0,0,0,0,,0,0,0
activity__activity_score_stay_active__subject_missing_fraction,activity,daily_scalar,scalar,subject_missing_fraction,negative_control,2,DEM,9,9,0,0,0,0,0,0,0,,0,0,0
activity__activity_score_training_frequency__subject_day_iqr,activity,daily_scalar,scalar,subject_day_iqr,candidate,0,CN,85,85,0,0,0,31,31,0,0,0,0,0,0.04183006536
activity__activity_score_training_frequency__subject_day_iqr,activity,daily_scalar,scalar,subject_day_iqr,candidate,1,MCI,47,47,0,0,0,29,29,0,0,0,0.0002503128911,0.0002503128911,0.04183006536
activity__activity_score_training_frequency__subject_day_iqr,activity,daily_scalar,scalar,subject_day_iqr,candidate,2,DEM,9,9,0,0,0,31,31,0,0,0,-0.04183006536,0.04183006536,0.04183006536
activity__activity_score_training_frequency__subject_median,activity,daily_scalar,scalar,subject_median,candidate,0,CN,85,85,0,100,96,100,4,100,0,0,0,0,0.1450980392
activity__activity_score_training_frequency__subject_median,activity,daily_scalar,scalar,subject_median,candidate,1,MCI,47,47,0,100,96,100,4,100,0,0,-0.06057571965,0.06057571965,0.1450980392
activity__activity_score_training_frequency__subject_median,activity,daily_scalar,scalar,subject_median,candidate,2,DEM,9,9,0,100,40,100,60,100,0,0,-0.1450980392,0.1450980392,0.1450980392
activity__activity_score_training_frequency__subject_missing_fraction,activity,daily_scalar,scalar,subject_missing_fraction,negative_control,0,CN,85,85,0,0,0,0,0,0,0,,0,0,0
activity__activity_score_training_frequency__subject_missing_fraction,activity,daily_scalar,scalar,subject_missing_fraction,negative_control,1,MCI,47,47,0,0,0,0,0,0,0,,0,0,0
activity__activity_score_training_frequency__subject_missing_fraction,activity,daily_scalar,scalar,subject_missing_fraction,negative_control,2,DEM,9,9,0,0,0,0,0,0,0,,0,0,0
activity__activity_score_training_volume__subject_day_iqr,activity,daily_scalar,scalar,subject_day_iqr,candidate,0,CN,85,85,0,2,1,20,19,2,0,0,0,0,0.137254902
activity__activity_score_training_volume__subject_day_iqr,activity,daily_scalar,scalar,subject_day_iqr,candidate,1,MCI,47,47,0,2,1,17,16,2,0,0,-0.02503128911,0.02503128911,0.137254902
activity__activity_score_training_volume__subject_day_iqr,activity,daily_scalar,scalar,subject_day_iqr,candidate,2,DEM,9,9,0,3,2,18,16,2,1,0.07680409312,0.137254902,0.137254902,0.137254902
activity__activity_score_training_volume__subject_median,activity,daily_scalar,scalar,subject_median,candidate,0,CN,85,85,0,97,88.5,100,11.5,97,0,0,0,0,0.1816993464
activity__activity_score_training_volume__subject_median,activity,daily_scalar,scalar,subject_median,candidate,1,MCI,47,47,0,96,93,100,7,97,-1,-0.1417059023,0.005006257822,0.005006257822,0.1816993464
activity__activity_score_training_volume__subject_median,activity,daily_scalar,scalar,subject_median,candidate,2,DEM,9,9,0,96,70,98,28,97,-1,-0.06302603027,-0.1816993464,0.1816993464,0.1816993464
activity__activity_score_training_volume__subject_missing_fraction,activity,daily_scalar,scalar,subject_missing_fraction,negative_control,0,CN,85,85,0,0,0,0,0,0,0,,0,0,0
activity__activity_score_training_volume__subject_missing_fraction,activity,daily_scalar,scalar,subject_missing_fraction,negative_control,1,MCI,47,47,0,0,0,0,0,0,0,,0,0,0
activity__activity_score_training_volume__subject_missing_fraction,activity,daily_scalar,scalar,subject_missing_fraction,negative_control,2,DEM,9,9,0,0,0,0,0,0,0,,0,0,0
activity__activity_steps__subject_day_iqr,activity,daily_scalar,scalar,subject_day_iqr,candidate,0,CN,85,85,0,4579.25,3286,6102,2816,4579.25,0,0,0,0,0.3071895425
activity__activity_steps__subject_day_iqr,activity,daily_scalar,scalar,subject_day_iqr,candidate,1,MCI,47,47,0,4950,3937.125,6040.25,2103.125,4579.25,370.75,0.2012435866,0.1229036295,0.1229036295,0.3071895425
activity__activity_steps__subject_day_iqr,activity,daily_scalar,scalar,subject_day_iqr,candidate,2,DEM,9,9,0,3696,1829.5,4569,2739.5,4579.25,-883.25,-0.4289051576,-0.3071895425,0.3071895425,0.3071895425
activity__activity_steps__subject_median,activity,daily_scalar,scalar,subject_median,candidate,0,CN,85,85,0,9942,7647,13166.5,5519.5,9942,0,0,0,0,0.2496732026
activity__activity_steps__subject_median,activity,daily_scalar,scalar,subject_median,candidate,1,MCI,47,47,0,10449,7885,14258.75,6373.75,9942,507,0.1147181052,0.02077596996,0.02077596996,0.2496732026
activity__activity_steps__subject_median,activity,daily_scalar,scalar,subject_median,candidate,2,DEM,9,9,0,8507.5,4817,12091,7274,9942,-1434.5,-0.2997140388,-0.2496732026,0.2496732026,0.2496732026
activity__activity_steps__subject_missing_fraction,activity,daily_scalar,scalar,subject_missing_fraction,negative_control,0,CN,85,85,0,0,0,0,0,0,0,,0,0,0
activity__activity_steps__subject_missing_fraction,activity,daily_scalar,scalar,subject_missing_fraction,negative_control,1,MCI,47,47,0,0,0,0,0,0,0,,0,0,0
activity__activity_steps__subject_missing_fraction,activity,daily_scalar,scalar,subject_missing_fraction,negative_control,2,DEM,9,9,0,0,0,0,0,0,0,,0,0,0
activity__activity_total__subject_day_iqr,activity,daily_scalar,scalar,subject_day_iqr,candidate,0,CN,85,85,0,113.5,89.25,138,48.75,113.5,0,0,0,0,0.5490196078
activity__activity_total__subject_day_iqr,activity,daily_scalar,scalar,subject_day_iqr,candidate,1,MCI,47,47,0,118,96.625,141.5,44.875,113.5,4.5,0.1295659762,0.1166458073,0.1166458073,0.5490196078
activity__activity_total__subject_day_iqr,activity,daily_scalar,scalar,subject_day_iqr,candidate,2,DEM,9,9,0,73,61,90,29,113.5,-40.5,-1.362129739,-0.5490196078,0.5490196078,0.5490196078
activity__activity_total__subject_median,activity,daily_scalar,scalar,subject_median,candidate,0,CN,85,85,0,337.5,266,400,134,337.5,0,0,0,0,0.4052287582
activity__activity_total__subject_median,activity,daily_scalar,scalar,subject_median,candidate,1,MCI,47,47,0,371,282,432.25,150.25,337.5,33.5,0.3174517753,0.1056320401,0.1056320401,0.4052287582
activity__activity_total__subject_median,activity,daily_scalar,scalar,subject_median,candidate,2,DEM,9,9,0,252,179,348,169,337.5,-85.5,-0.7562880063,-0.4052287582,0.4052287582,0.4052287582
activity__activity_total__subject_missing_fraction,activity,daily_scalar,scalar,subject_missing_fraction,negative_control,0,CN,85,85,0,0,0,0,0,0,0,,0,0,0
activity__activity_total__subject_missing_fraction,activity,daily_scalar,scalar,subject_missing_fraction,negative_control,1,MCI,47,47,0,0,0,0,0,0,0,,0,0,0
activity__activity_total__subject_missing_fraction,activity,daily_scalar,scalar,subject_missing_fraction,negative_control,2,DEM,9,9,0,0,0,0,0,0,0,,0,0,0
activity__derived_day_end_hour__subject_day_iqr,activity,timestamp_derived,scalar,subject_day_iqr,candidate,0,CN,85,85,0,0,0,0,0,0,0,,0,0,0
activity__derived_day_end_hour__subject_day_iqr,activity,timestamp_derived,scalar,subject_day_iqr,candidate,1,MCI,47,47,0,0,0,0,0,0,0,,0,0,0
activity__derived_day_end_hour__subject_day_iqr,activity,timestamp_derived,scalar,subject_day_iqr,candidate,2,DEM,9,9,0,0,0,0,0,0,0,,0,0,0
activity__derived_day_end_hour__subject_median,activity,timestamp_derived,scalar,subject_median,candidate,0,CN,85,85,0,3.999722222,3.999722222,3.999722222,0,3.999722222,0,,0,0,0
activity__derived_day_end_hour__subject_median,activity,timestamp_derived,scalar,subject_median,candidate,1,MCI,47,47,0,3.999722222,3.999722222,3.999722222,0,3.999722222,0,,0,0,0
activity__derived_day_end_hour__subject_median,activity,timestamp_derived,scalar,subject_median,candidate,2,DEM,9,9,0,3.999722222,3.999722222,3.999722222,0,3.999722222,0,,0,0,0
activity__derived_day_end_hour__subject_missing_fraction,activity,timestamp_derived,scalar,subject_missing_fraction,negative_control,0,CN,85,85,0,0,0,0,0,0,0,,0,0,0
activity__derived_day_end_hour__subject_missing_fraction,activity,timestamp_derived,scalar,subject_missing_fraction,negative_control,1,MCI,47,47,0,0,0,0,0,0,0,,0,0,0
activity__derived_day_end_hour__subject_missing_fraction,activity,timestamp_derived,scalar,subject_missing_fraction,negative_control,2,DEM,9,9,0,0,0,0,0,0,0,,0,0,0
activity__derived_day_start_hour__subject_day_iqr,activity,timestamp_derived,scalar,subject_day_iqr,candidate,0,CN,85,85,0,0,0,0,0,0,0,,0,0,0
activity__derived_day_start_hour__subject_day_iqr,activity,timestamp_derived,scalar,subject_day_iqr,candidate,1,MCI,47,47,0,0,0,0,0,0,0,,0,0,0
activity__derived_day_start_hour__subject_day_iqr,activity,timestamp_derived,scalar,subject_day_iqr,candidate,2,DEM,9,9,0,0,0,0,0,0,0,,0,0,0
activity__derived_day_start_hour__subject_median,activity,timestamp_derived,scalar,subject_median,candidate,0,CN,85,85,0,4,4,4,0,4,0,,0,0,0
activity__derived_day_start_hour__subject_median,activity,timestamp_derived,scalar,subject_median,candidate,1,MCI,47,47,0,4,4,4,0,4,0,,0,0,0
activity__derived_day_start_hour__subject_median,activity,timestamp_derived,scalar,subject_median,candidate,2,DEM,9,9,0,4,4,4,0,4,0,,0,0,0
activity__derived_day_start_hour__subject_missing_fraction,activity,timestamp_derived,scalar,subject_missing_fraction,negative_control,0,CN,85,85,0,0,0,0,0,0,0,,0,0,0
activity__derived_day_start_hour__subject_missing_fraction,activity,timestamp_derived,scalar,subject_missing_fraction,negative_control,1,MCI,47,47,0,0,0,0,0,0,0,,0,0,0
activity__derived_day_start_hour__subject_missing_fraction,activity,timestamp_derived,scalar,subject_missing_fraction,negative_control,2,DEM,9,9,0,0,0,0,0,0,0,,0,0,0
activity__derived_record_duration_hours__subject_day_iqr,activity,timestamp_derived,scalar,subject_day_iqr,candidate,0,CN,85,85,0,0,0,0,0,0,0,,0,0,0
activity__derived_record_duration_hours__subject_day_iqr,activity,timestamp_derived,scalar,subject_day_iqr,candidate,1,MCI,47,47,0,0,0,0,0,0,0,,0,0,0
activity__derived_record_duration_hours__subject_day_iqr,activity,timestamp_derived,scalar,subject_day_iqr,candidate,2,DEM,9,9,0,0,0,0,0,0,0,,0,0,0
activity__derived_record_duration_hours__subject_median,activity,timestamp_derived,scalar,subject_median,candidate,0,CN,85,85,0,23.99972222,23.99972222,23.99972222,0,23.99972222,0,,0,0,0
activity__derived_record_duration_hours__subject_median,activity,timestamp_derived,scalar,subject_median,candidate,1,MCI,47,47,0,23.99972222,23.99972222,23.99972222,0,23.99972222,0,,0,0,0
activity__derived_record_duration_hours__subject_median,activity,timestamp_derived,scalar,subject_median,candidate,2,DEM,9,9,0,23.99972222,23.99972222,23.99972222,0,23.99972222,0,,0,0,0
activity__derived_record_duration_hours__subject_missing_fraction,activity,timestamp_derived,scalar,subject_missing_fraction,negative_control,0,CN,85,85,0,0,0,0,0,0,0,,0,0,0
activity__derived_record_duration_hours__subject_missing_fraction,activity,timestamp_derived,scalar,subject_missing_fraction,negative_control,1,MCI,47,47,0,0,0,0,0,0,0,,0,0,0
activity__derived_record_duration_hours__subject_missing_fraction,activity,timestamp_derived,scalar,subject_missing_fraction,negative_control,2,DEM,9,9,0,0,0,0,0,0,0,,0,0,0
protocol_activity_date_coverage_ratio,protocol,coverage_protocol_negative_control,protocol,subject_level,negative_control,0,CN,85,85,0,0.9112903226,0.8507462687,0.9636363636,0.112890095,0.9112903226,0,0,0,0,0.4183006536
protocol_activity_date_coverage_ratio,protocol,coverage_protocol_negative_control,protocol,subject_level,negative_control,1,MCI,47,47,0,0.91,0.8221385542,0.9652579335,0.1431193793,0.9112903226,-0.001290322581,-0.01350446927,-0.06182728411,0.06182728411,0.4183006536
protocol_activity_date_coverage_ratio,protocol,coverage_protocol_negative_control,protocol,subject_level,negative_control,2,DEM,9,9,0,0.8243243243,0.75,0.9272727273,0.1772727273,0.9112903226,-0.08696599826,-0.7894302247,-0.4183006536,0.4183006536,0.4183006536
protocol_activity_duplicate_day_rows,protocol,coverage_protocol_negative_control,protocol,subject_level,negative_control,0,CN,85,85,0,0,0,0,0,0,0,,0,0,0
protocol_activity_duplicate_day_rows,protocol,coverage_protocol_negative_control,protocol,subject_level,negative_control,1,MCI,47,47,0,0,0,0,0,0,0,,0,0,0
protocol_activity_duplicate_day_rows,protocol,coverage_protocol_negative_control,protocol,subject_level,negative_control,2,DEM,9,9,0,0,0,0,0,0,0,,0,0,0
protocol_activity_first_date_offset_days,protocol,coverage_protocol_negative_control,protocol,subject_level,negative_control,0,CN,85,85,0,4,1,19,18,4,0,0,0,0,0.4142678348
protocol_activity_first_date_offset_days,protocol,coverage_protocol_negative_control,protocol,subject_level,negative_control,1,MCI,47,47,0,1,1,2,1,4,-3,-0.3174727996,-0.4142678348,0.4142678348,0.4142678348
protocol_activity_first_date_offset_days,protocol,coverage_protocol_negative_control,protocol,subject_level,negative_control,2,DEM,9,9,0,2,1,6,5,4,-2,-0.2042416121,-0.2705882353,0.2705882353,0.4142678348
protocol_activity_match_ratio,protocol,coverage_protocol_negative_control,protocol,subject_level,negative_control,0,CN,85,85,0,1,1,1,0,1,0,0,0,0,0.04480600751
protocol_activity_match_ratio,protocol,coverage_protocol_negative_control,protocol,subject_level,negative_control,1,MCI,47,47,0,1,1,1,0,1,0,0,-0.04480600751,0.04480600751,0.04480600751
protocol_activity_match_ratio,protocol,coverage_protocol_negative_control,protocol,subject_level,negative_control,2,DEM,9,9,0,1,1,1,0,1,0,0,-0.006535947712,0.006535947712,0.04480600751
protocol_activity_mean_scalar_missing_fraction,protocol,coverage_protocol_negative_control,protocol,subject_level,negative_control,0,CN,85,85,0,0,0,0,0,0,0,,0,0,0
protocol_activity_mean_scalar_missing_fraction,protocol,coverage_protocol_negative_control,protocol,subject_level,negative_control,1,MCI,47,47,0,0,0,0,0,0,0,,0,0,0
protocol_activity_mean_scalar_missing_fraction,protocol,coverage_protocol_negative_control,protocol,subject_level,negative_control,2,DEM,9,9,0,0,0,0,0,0,0,,0,0,0
protocol_activity_only_days,protocol,coverage_protocol_negative_control,protocol,subject_level,negative_control,0,CN,85,85,0,0,0,0,0,0,0,0,0,0,0.04981226533
protocol_activity_only_days,protocol,coverage_protocol_negative_control,protocol,subject_level,negative_control,1,MCI,47,47,0,0,0,0,0,0,0,0,0.04981226533,0.04981226533,0.04981226533
protocol_activity_only_days,protocol,coverage_protocol_negative_control,protocol,subject_level,negative_control,2,DEM,9,9,0,0,0,0,0,0,0,0,0.006535947712,0.006535947712,0.04981226533
protocol_activity_row_count,protocol,coverage_protocol_negative_control,protocol,subject_level,negative_control,0,CN,85,85,0,65,57,74,17,65,0,0,0,0,0.1316645807
protocol_activity_row_count,protocol,coverage_protocol_negative_control,protocol,subject_level,negative_control,1,MCI,47,47,0,67,63,77,14,65,2,0.1732551185,0.1316645807,0.1316645807,0.1316645807
protocol_activity_row_count,protocol,coverage_protocol_negative_control,protocol,subject_level,negative_control,2,DEM,9,9,0,61,51,74,23,65,-4,-0.266815028,-0.07581699346,0.07581699346,0.1316645807
protocol_activity_rows_per_valid_day,protocol,coverage_protocol_negative_control,protocol,subject_level,negative_control,0,CN,85,85,0,1,1,1,0,1,0,,0,0,0
protocol_activity_rows_per_valid_day,protocol,coverage_protocol_negative_control,protocol,subject_level,negative_control,1,MCI,47,47,0,1,1,1,0,1,0,,0,0,0
protocol_activity_rows_per_valid_day,protocol,coverage_protocol_negative_control,protocol,subject_level,negative_control,2,DEM,9,9,0,1,1,1,0,1,0,,0,0,0
protocol_activity_sleep_union_days,protocol,coverage_protocol_negative_control,protocol,subject_level,negative_control,0,CN,85,85,0,65,57,74,17,65,0,0,0,0,0.1304130163
protocol_activity_sleep_union_days,protocol,coverage_protocol_negative_control,protocol,subject_level,negative_control,1,MCI,47,47,0,67,63,77,14,65,2,0.1732551185,0.1304130163,0.1304130163,0.1304130163
protocol_activity_sleep_union_days,protocol,coverage_protocol_negative_control,protocol,subject_level,negative_control,2,DEM,9,9,0,61,51,75,24,65,-4,-0.2594650611,-0.07843137255,0.07843137255,0.1304130163
protocol_activity_span_days,protocol,coverage_protocol_negative_control,protocol,subject_level,negative_control,0,CN,85,85,0,72,65,83,18,72,0,0,0,0,0.1734668335
protocol_activity_span_days,protocol,coverage_protocol_negative_control,protocol,subject_level,negative_control,1,MCI,47,47,0,75,68,94,26,72,3,0.1809873421,0.1734668335,0.1734668335,0.1734668335
protocol_activity_span_days,protocol,coverage_protocol_negative_control,protocol,subject_level,negative_control,2,DEM,9,9,0,76,73,80,7,72,4,0.3951231932,0.1529411765,0.1529411765,0.1734668335
protocol_activity_valid_days,protocol,coverage_protocol_negative_control,protocol,subject_level,negative_control,0,CN,85,85,0,65,57,74,17,65,0,0,0,0,0.1316645807
protocol_activity_valid_days,protocol,coverage_protocol_negative_control,protocol,subject_level,negative_control,1,MCI,47,47,0,67,63,77,14,65,2,0.1732551185,0.1316645807,0.1316645807,0.1316645807
protocol_activity_valid_days,protocol,coverage_protocol_negative_control,protocol,subject_level,negative_control,2,DEM,9,9,0,61,51,74,23,65,-4,-0.266815028,-0.07581699346,0.07581699346,0.1316645807
protocol_matched_activity_sleep_days,protocol,coverage_protocol_negative_control,protocol,subject_level,negative_control,0,CN,85,85,0,64,56,74,18,64,0,0,0,0,0.1324155194
protocol_matched_activity_sleep_days,protocol,coverage_protocol_negative_control,protocol,subject_level,negative_control,1,MCI,47,47,0,67,62.5,77,14.5,64,3,0.2476144224,0.1324155194,0.1324155194,0.1324155194
protocol_matched_activity_sleep_days,protocol,coverage_protocol_negative_control,protocol,subject_level,negative_control,2,DEM,9,9,0,61,51,74,23,64,-3,-0.1959628228,-0.1006535948,0.1006535948,0.1324155194
protocol_matched_day_ratio,protocol,coverage_protocol_negative_control,protocol,subject_level,negative_control,0,CN,85,85,0,1,1,1,0,1,0,0,0,0,0.04655819775
protocol_matched_day_ratio,protocol,coverage_protocol_negative_control,protocol,subject_level,negative_control,1,MCI,47,47,0,1,1,1,0,1,0,0,-0.04655819775,0.04655819775,0.04655819775
protocol_matched_day_ratio,protocol,coverage_protocol_negative_control,protocol,subject_level,negative_control,2,DEM,9,9,0,1,1,1,0,1,0,0,-0.003921568627,0.003921568627,0.04655819775
protocol_sleep_date_coverage_ratio,protocol,coverage_protocol_negative_control,protocol,subject_level,negative_control,0,CN,85,85,0,0.9112903226,0.8507462687,0.9605263158,0.1097800471,0.9112903226,0,0,0,0,0.4326797386
protocol_sleep_date_coverage_ratio,protocol,coverage_protocol_negative_control,protocol,subject_level,negative_control,1,MCI,47,47,0,0.91,0.8161144578,0.9652579335,0.1491434757,0.9112903226,-0.001290322581,-0.01329251278,-0.06733416771,0.06733416771,0.4326797386
protocol_sleep_date_coverage_ratio,protocol,coverage_protocol_negative_control,protocol,subject_level,negative_control,2,DEM,9,9,0,0.8243243243,0.75,0.9240506329,0.1740506329,0.9112903226,-0.08696599826,-0.8062577857,-0.4326797386,0.4326797386,0.4326797386
protocol_sleep_duplicate_day_rows,protocol,coverage_protocol_negative_control,protocol,subject_level,negative_control,0,CN,85,85,0,0,0,0,0,0,0,0,0,0,0.06274509804
protocol_sleep_duplicate_day_rows,protocol,coverage_protocol_negative_control,protocol,subject_level,negative_control,1,MCI,47,47,0,0,0,0,0,0,0,0,0.05807259074,0.05807259074,0.06274509804
protocol_sleep_duplicate_day_rows,protocol,coverage_protocol_negative_control,protocol,subject_level,negative_control,2,DEM,9,9,0,0,0,0,0,0,0,0,0.06274509804,0.06274509804,0.06274509804
protocol_sleep_first_date_offset_days,protocol,coverage_protocol_negative_control,protocol,subject_level,negative_control,0,CN,85,85,0,4,1,19,18,4,0,0,0,0,0.4142678348
protocol_sleep_first_date_offset_days,protocol,coverage_protocol_negative_control,protocol,subject_level,negative_control,1,MCI,47,47,0,1,1,2,1,4,-3,-0.3174727996,-0.4142678348,0.4142678348,0.4142678348
protocol_sleep_first_date_offset_days,protocol,coverage_protocol_negative_control,protocol,subject_level,negative_control,2,DEM,9,9,0,2,1,6,5,4,-2,-0.2042416121,-0.2705882353,0.2705882353,0.4142678348
protocol_sleep_match_ratio,protocol,coverage_protocol_negative_control,protocol,subject_level,negative_control,0,CN,85,85,0,1,1,1,0,1,0,0,0,0,0.03529411765
protocol_sleep_match_ratio,protocol,coverage_protocol_negative_control,protocol,subject_level,negative_control,1,MCI,47,47,0,1,1,1,0,1,0,0,-0.02277847309,0.02277847309,0.03529411765
protocol_sleep_match_ratio,protocol,coverage_protocol_negative_control,protocol,subject_level,negative_control,2,DEM,9,9,0,1,1,1,0,1,0,0,-0.03529411765,0.03529411765,0.03529411765
protocol_sleep_mean_scalar_missing_fraction,protocol,coverage_protocol_negative_control,protocol,subject_level,negative_control,0,CN,85,85,0,0,0,0,0,0,0,,0,0,0
protocol_sleep_mean_scalar_missing_fraction,protocol,coverage_protocol_negative_control,protocol,subject_level,negative_control,1,MCI,47,47,0,0,0,0,0,0,0,,0,0,0
protocol_sleep_mean_scalar_missing_fraction,protocol,coverage_protocol_negative_control,protocol,subject_level,negative_control,2,DEM,9,9,0,0,0,0,0,0,0,,0,0,0
protocol_sleep_only_days,protocol,coverage_protocol_negative_control,protocol,subject_level,negative_control,0,CN,85,85,0,0,0,0,0,0,0,0,0,0,0.03660130719
protocol_sleep_only_days,protocol,coverage_protocol_negative_control,protocol,subject_level,negative_control,1,MCI,47,47,0,0,0,0,0,0,0,0,0.02302878598,0.02302878598,0.03660130719
protocol_sleep_only_days,protocol,coverage_protocol_negative_control,protocol,subject_level,negative_control,2,DEM,9,9,0,0,0,0,0,0,0,0,0.03660130719,0.03660130719,0.03660130719
protocol_sleep_row_count,protocol,coverage_protocol_negative_control,protocol,subject_level,negative_control,0,CN,85,85,0,65,57,74,17,65,0,0,0,0,0.1316645807
protocol_sleep_row_count,protocol,coverage_protocol_negative_control,protocol,subject_level,negative_control,1,MCI,47,47,0,67,63,77,14,65,2,0.1732551185,0.1316645807,0.1316645807,0.1316645807
protocol_sleep_row_count,protocol,coverage_protocol_negative_control,protocol,subject_level,negative_control,2,DEM,9,9,0,61,51,74,23,65,-4,-0.266815028,-0.07581699346,0.07581699346,0.1316645807
protocol_sleep_rows_per_valid_day,protocol,coverage_protocol_negative_control,protocol,subject_level,negative_control,0,CN,85,85,0,1,1,1,0,1,0,0,0,0,0.05882352941
protocol_sleep_rows_per_valid_day,protocol,coverage_protocol_negative_control,protocol,subject_level,negative_control,1,MCI,47,47,0,1,1,1,0,1,0,0,0.05581977472,0.05581977472,0.05882352941
protocol_sleep_rows_per_valid_day,protocol,coverage_protocol_negative_control,protocol,subject_level,negative_control,2,DEM,9,9,0,1,1,1,0,1,0,0,0.05882352941,0.05882352941,0.05882352941
protocol_sleep_span_days,protocol,coverage_protocol_negative_control,protocol,subject_level,negative_control,0,CN,85,85,0,72,65,83,18,72,0,0,0,0,0.1734668335
protocol_sleep_span_days,protocol,coverage_protocol_negative_control,protocol,subject_level,negative_control,1,MCI,47,47,0,75,68,94,26,72,3,0.1809873421,0.1734668335,0.1734668335,0.1734668335
protocol_sleep_span_days,protocol,coverage_protocol_negative_control,protocol,subject_level,negative_control,2,DEM,9,9,0,76,73,80,7,72,4,0.3951231932,0.1529411765,0.1529411765,0.1734668335
protocol_sleep_valid_days,protocol,coverage_protocol_negative_control,protocol,subject_level,negative_control,0,CN,85,85,0,64,56,74,18,64,0,0,0,0,0.1316645807
protocol_sleep_valid_days,protocol,coverage_protocol_negative_control,protocol,subject_level,negative_control,1,MCI,47,47,0,67,63,77,14,64,3,0.2509842854,0.1316645807,0.1316645807,0.1316645807
protocol_sleep_valid_days,protocol,coverage_protocol_negative_control,protocol,subject_level,negative_control,2,DEM,9,9,0,61,51,74,23,64,-3,-0.1959628228,-0.07973856209,0.07973856209,0.1316645807
sleep__derived_bedtime_end_hour__subject_day_iqr,sleep,timestamp_derived,scalar,subject_day_iqr,candidate,0,CN,85,85,0,1.211111111,0.8047222222,1.529236111,0.7245138889,1.211111111,0,0,0,0,0.05882352941
sleep__derived_bedtime_end_hour__subject_day_iqr,sleep,timestamp_derived,scalar,subject_day_iqr,candidate,1,MCI,47,47,0,1.196388889,0.8801736111,1.489340278,0.6091666667,1.211111111,-0.01472222222,-0.02967189233,0.01827284105,0.01827284105,0.05882352941
sleep__derived_bedtime_end_hour__subject_day_iqr,sleep,timestamp_derived,scalar,subject_day_iqr,candidate,2,DEM,9,9,0,1.064722222,0.6776388889,1.398333333,0.7206944444,1.211111111,-0.1463888889,-0.2732864417,-0.05882352941,0.05882352941,0.05882352941
sleep__derived_bedtime_end_hour__subject_median,sleep,timestamp_derived,scalar,subject_median,candidate,0,CN,85,85,0,6.525277778,5.596666667,7.069027778,1.472361111,6.525277778,0,0,0,0,0.3385620915
sleep__derived_bedtime_end_hour__subject_median,sleep,timestamp_derived,scalar,subject_median,candidate,1,MCI,47,47,0,5.898055556,5.0475,6.813611111,1.766111111,6.525277778,-0.6272222222,-0.5204079301,-0.1969962453,0.1969962453,0.3385620915
sleep__derived_bedtime_end_hour__subject_median,sleep,timestamp_derived,scalar,subject_median,candidate,2,DEM,9,9,0,7.016666667,6.692777778,7.167222222,0.4744444444,6.525277778,0.4913888889,0.6060185834,0.3385620915,0.3385620915,0.3385620915
sleep__derived_bedtime_end_hour__subject_missing_fraction,sleep,timestamp_derived,scalar,subject_missing_fraction,negative_control,0,CN,85,85,0,0,0,0,0,0,0,,0,0,0
sleep__derived_bedtime_end_hour__subject_missing_fraction,sleep,timestamp_derived,scalar,subject_missing_fraction,negative_control,1,MCI,47,47,0,0,0,0,0,0,0,,0,0,0
sleep__derived_bedtime_end_hour__subject_missing_fraction,sleep,timestamp_derived,scalar,subject_missing_fraction,negative_control,2,DEM,9,9,0,0,0,0,0,0,0,,0,0,0
sleep__derived_bedtime_start_hour__subject_day_iqr,sleep,timestamp_derived,scalar,subject_day_iqr,candidate,0,CN,85,85,0,1.575625,1.040555556,3.141527778,2.100972222,1.575625,0,0,0,0,0.2339869281
sleep__derived_bedtime_start_hour__subject_day_iqr,sleep,timestamp_derived,scalar,subject_day_iqr,candidate,1,MCI,47,47,0,1.579027778,1.199826389,2.301875,1.102048611,1.575625,0.003402777778,0.002736279892,0.02327909887,0.02327909887,0.2339869281
sleep__derived_bedtime_start_hour__subject_day_iqr,sleep,timestamp_derived,scalar,subject_day_iqr,candidate,2,DEM,9,9,0,2.035972222,1.631944444,2.893888889,1.261944444,1.575625,0.4603472222,0.3583426906,0.2339869281,0.2339869281,0.2339869281
sleep__derived_bedtime_start_hour__subject_median,sleep,timestamp_derived,scalar,subject_median,candidate,0,CN,85,85,0,21.53888889,20.83361111,22.21583333,1.382222222,21.53888889,0,0,0,0,0.2130718954
sleep__derived_bedtime_start_hour__subject_median,sleep,timestamp_derived,scalar,subject_median,candidate,1,MCI,47,47,0,21.57527778,20.95347222,22.04229167,1.088819444,21.53888889,0.03638888889,0.03945396305,-0.06282853567,0.06282853567,0.2130718954
sleep__derived_bedtime_start_hour__subject_median,sleep,timestamp_derived,scalar,subject_median,candidate,2,DEM,9,9,0,21.07833333,20.38638889,22.01305556,1.626666667,21.53888889,-0.4605555556,-0.4116132474,-0.2130718954,0.2130718954,0.2130718954
sleep__derived_bedtime_start_hour__subject_missing_fraction,sleep,timestamp_derived,scalar,subject_missing_fraction,negative_control,0,CN,85,85,0,0,0,0,0,0,0,,0,0,0
sleep__derived_bedtime_start_hour__subject_missing_fraction,sleep,timestamp_derived,scalar,subject_missing_fraction,negative_control,1,MCI,47,47,0,0,0,0,0,0,0,,0,0,0
sleep__derived_bedtime_start_hour__subject_missing_fraction,sleep,timestamp_derived,scalar,subject_missing_fraction,negative_control,2,DEM,9,9,0,0,0,0,0,0,0,,0,0,0
sleep__derived_timestamp_sleep_duration_hours__subject_day_iqr,sleep,timestamp_derived,scalar,subject_day_iqr,candidate,0,CN,85,85,0,1.816666667,1.433333333,2.4,0.9666666667,1.816666667,0,0,0,0,0.354248366
sleep__derived_timestamp_sleep_duration_hours__subject_day_iqr,sleep,timestamp_derived,scalar,subject_day_iqr,candidate,1,MCI,47,47,0,2.016666667,1.610416667,2.522916667,0.9125,1.816666667,0.2,0.2870293413,0.1096370463,0.1096370463,0.354248366
sleep__derived_timestamp_sleep_duration_hours__subject_day_iqr,sleep,timestamp_derived,scalar,subject_day_iqr,candidate,2,DEM,9,9,0,2.15,2.016666667,3.15,1.133333333,1.816666667,0.3333333333,0.4269115602,0.354248366,0.354248366,0.354248366
sleep__derived_timestamp_sleep_duration_hours__subject_median,sleep,timestamp_derived,scalar,subject_median,candidate,0,CN,85,85,0,7.875,7.125,8.525,1.4,7.875,0,0,0,0,0.4588235294
sleep__derived_timestamp_sleep_duration_hours__subject_median,sleep,timestamp_derived,scalar,subject_median,candidate,1,MCI,47,47,0,8.041666667,7.416666667,8.570833333,1.154166667,7.875,0.1666666667,0.1752423797,0.08485607009,0.08485607009,0.4588235294
sleep__derived_timestamp_sleep_duration_hours__subject_median,sleep,timestamp_derived,scalar,subject_median,candidate,2,DEM,9,9,0,10.11666667,7.516666667,10.21666667,2.7,7.875,2.241666667,1.406135313,0.4588235294,0.4588235294,0.4588235294
sleep__derived_timestamp_sleep_duration_hours__subject_missing_fraction,sleep,timestamp_derived,scalar,subject_missing_fraction,negative_control,0,CN,85,85,0,0,0,0,0,0,0,,0,0,0
sleep__derived_timestamp_sleep_duration_hours__subject_missing_fraction,sleep,timestamp_derived,scalar,subject_missing_fraction,negative_control,1,MCI,47,47,0,0,0,0,0,0,0,,0,0,0
sleep__derived_timestamp_sleep_duration_hours__subject_missing_fraction,sleep,timestamp_derived,scalar,subject_missing_fraction,negative_control,2,DEM,9,9,0,0,0,0,0,0,0,,0,0,0
sleep__sleep_awake__subject_day_iqr,sleep,daily_scalar,scalar,subject_day_iqr,candidate,0,CN,85,85,0,3000,2085,3780,1695,3000,0,0,0,0,0.4823529412
sleep__sleep_awake__subject_day_iqr,sleep,daily_scalar,scalar,subject_day_iqr,candidate,1,MCI,47,47,0,3525,2340,4068.75,1728.75,3000,525,0.4136929346,0.1434292866,0.1434292866,0.4823529412
sleep__sleep_awake__subject_day_iqr,sleep,daily_scalar,scalar,subject_day_iqr,candidate,2,DEM,9,9,0,4125,3120,6157.5,3037.5,3000,1125,0.6170168039,0.4823529412,0.4823529412,0.4823529412
sleep__sleep_awake__subject_median,sleep,daily_scalar,scalar,subject_median,candidate,0,CN,85,85,0,4530,3450,5790,2340,4530,0,0,0,0,0.2849673203
sleep__sleep_awake__subject_median,sleep,daily_scalar,scalar,subject_median,candidate,1,MCI,47,47,0,4905,4230,6345,2115,4530,375,0.2268152856,0.1762202753,0.1762202753,0.2849673203
sleep__sleep_awake__subject_median,sleep,daily_scalar,scalar,subject_median,candidate,2,DEM,9,9,0,6510,3690,8070,4380,4530,1980,0.760668797,0.2849673203,0.2849673203,0.2849673203
sleep__sleep_awake__subject_missing_fraction,sleep,daily_scalar,scalar,subject_missing_fraction,negative_control,0,CN,85,85,0,0,0,0,0,0,0,,0,0,0
sleep__sleep_awake__subject_missing_fraction,sleep,daily_scalar,scalar,subject_missing_fraction,negative_control,1,MCI,47,47,0,0,0,0,0,0,0,,0,0,0
sleep__sleep_awake__subject_missing_fraction,sleep,daily_scalar,scalar,subject_missing_fraction,negative_control,2,DEM,9,9,0,0,0,0,0,0,0,,0,0,0
sleep__sleep_breath_average__subject_day_iqr,sleep,daily_scalar,scalar,subject_day_iqr,candidate,0,CN,85,85,0,0.625,0.5625,0.875,0.3125,0.625,0,0,0,0,0.03267973856
sleep__sleep_breath_average__subject_day_iqr,sleep,daily_scalar,scalar,subject_day_iqr,candidate,1,MCI,47,47,0,0.625,0.5,0.84375,0.34375,0.625,0,0,-0.02953692115,0.02953692115,0.03267973856
sleep__sleep_breath_average__subject_day_iqr,sleep,daily_scalar,scalar,subject_day_iqr,candidate,2,DEM,9,9,0,0.75,0.5,0.9375,0.4375,0.625,0.125,0.4435484677,0.03267973856,0.03267973856,0.03267973856
sleep__sleep_breath_average__subject_median,sleep,daily_scalar,scalar,subject_median,candidate,0,CN,85,85,0,17,15.9375,17.5,1.5625,17,0,0,0,0,0.0395494368
sleep__sleep_breath_average__subject_median,sleep,daily_scalar,scalar,subject_median,candidate,1,MCI,47,47,0,16.875,16.25,17.5,1.25,17,-0.125,-0.1191777029,0.0395494368,0.0395494368,0.0395494368
sleep__sleep_breath_average__subject_median,sleep,daily_scalar,scalar,subject_median,candidate,2,DEM,9,9,0,17.125,15.875,17.25,1.375,17,0.125,0.1145753441,-0.01176470588,0.01176470588,0.0395494368
sleep__sleep_breath_average__subject_missing_fraction,sleep,daily_scalar,scalar,subject_missing_fraction,negative_control,0,CN,85,85,0,0,0,0,0,0,0,,0,0,0
sleep__sleep_breath_average__subject_missing_fraction,sleep,daily_scalar,scalar,subject_missing_fraction,negative_control,1,MCI,47,47,0,0,0,0,0,0,0,,0,0,0
sleep__sleep_breath_average__subject_missing_fraction,sleep,daily_scalar,scalar,subject_missing_fraction,negative_control,2,DEM,9,9,0,0,0,0,0,0,0,,0,0,0
sleep__sleep_deep__subject_day_iqr,sleep,daily_scalar,scalar,subject_day_iqr,candidate,0,CN,85,85,0,2077.5,1875,2460,585,2077.5,0,0,0,0,0.1712418301
sleep__sleep_deep__subject_day_iqr,sleep,daily_scalar,scalar,subject_day_iqr,candidate,1,MCI,47,47,0,2175,1743.75,2497.5,753.75,2077.5,97.5,0.1949503461,0.006257822278,0.006257822278,0.1712418301
sleep__sleep_deep__subject_day_iqr,sleep,daily_scalar,scalar,subject_day_iqr,candidate,2,DEM,9,9,0,2460,1875,2595,720,2077.5,382.5,0.7865954106,0.1712418301,0.1712418301,0.1712418301
sleep__sleep_deep__subject_median,sleep,daily_scalar,scalar,subject_median,candidate,0,CN,85,85,0,5310,3960,6555,2595,5310,0,0,0,0,0.3647058824
sleep__sleep_deep__subject_median,sleep,daily_scalar,scalar,subject_median,candidate,1,MCI,47,47,0,4380,3135,5895,2760,5310,-930,-0.468337957,-0.160951189,0.160951189,0.3647058824
sleep__sleep_deep__subject_median,sleep,daily_scalar,scalar,subject_median,candidate,2,DEM,9,9,0,3390,2730,4650,1920,5310,-1920,-1.13471151,-0.3647058824,0.3647058824,0.3647058824
sleep__sleep_deep__subject_missing_fraction,sleep,daily_scalar,scalar,subject_missing_fraction,negative_control,0,CN,85,85,0,0,0,0,0,0,0,,0,0,0
sleep__sleep_deep__subject_missing_fraction,sleep,daily_scalar,scalar,subject_missing_fraction,negative_control,1,MCI,47,47,0,0,0,0,0,0,0,,0,0,0
sleep__sleep_deep__subject_missing_fraction,sleep,daily_scalar,scalar,subject_missing_fraction,negative_control,2,DEM,9,9,0,0,0,0,0,0,0,,0,0,0
sleep__sleep_duration__subject_day_iqr,sleep,daily_scalar,scalar,subject_day_iqr,candidate,0,CN,85,85,0,6540,5160,8640,3480,6540,0,0,0,0,0.3529411765
sleep__sleep_duration__subject_day_iqr,sleep,daily_scalar,scalar,subject_day_iqr,candidate,1,MCI,47,47,0,7260,5797.5,9082.5,3285,6540,720,0.2870293413,0.110387985,0.110387985,0.3529411765
sleep__sleep_duration__subject_day_iqr,sleep,daily_scalar,scalar,subject_day_iqr,candidate,2,DEM,9,9,0,7740,7260,11340,4080,6540,1200,0.4269115602,0.3529411765,0.3529411765,0.3529411765
sleep__sleep_duration__subject_median,sleep,daily_scalar,scalar,subject_median,candidate,0,CN,85,85,0,28350,25650,30690,5040,28350,0,0,0,0,0.4588235294
sleep__sleep_duration__subject_median,sleep,daily_scalar,scalar,subject_median,candidate,1,MCI,47,47,0,28950,26700,30855,4155,28350,600,0.1752423797,0.08510638298,0.08510638298,0.4588235294
sleep__sleep_duration__subject_median,sleep,daily_scalar,scalar,subject_median,candidate,2,DEM,9,9,0,36420,27060,36780,9720,28350,8070,1.406135313,0.4588235294,0.4588235294,0.4588235294
sleep__sleep_duration__subject_missing_fraction,sleep,daily_scalar,scalar,subject_missing_fraction,negative_control,0,CN,85,85,0,0,0,0,0,0,0,,0,0,0
sleep__sleep_duration__subject_missing_fraction,sleep,daily_scalar,scalar,subject_missing_fraction,negative_control,1,MCI,47,47,0,0,0,0,0,0,0,,0,0,0
sleep__sleep_duration__subject_missing_fraction,sleep,daily_scalar,scalar,subject_missing_fraction,negative_control,2,DEM,9,9,0,0,0,0,0,0,0,,0,0,0
sleep__sleep_efficiency__subject_day_iqr,sleep,daily_scalar,scalar,subject_day_iqr,candidate,0,CN,85,85,0,8,7,10,3,8,0,0,0,0,0.3568627451
sleep__sleep_efficiency__subject_day_iqr,sleep,daily_scalar,scalar,subject_day_iqr,candidate,1,MCI,47,47,0,8.25,6.5,10,3.5,8,0.25,0.103463577,0.02177722153,0.02177722153,0.3568627451
sleep__sleep_efficiency__subject_day_iqr,sleep,daily_scalar,scalar,subject_day_iqr,candidate,2,DEM,9,9,0,10,8,12,4,8,2,0.7631096383,0.3568627451,0.3568627451,0.3568627451
sleep__sleep_efficiency__subject_median,sleep,daily_scalar,scalar,subject_median,candidate,0,CN,85,85,0,83,80,87,7,83,0,0,0,0,0.1516339869
sleep__sleep_efficiency__subject_median,sleep,daily_scalar,scalar,subject_median,candidate,1,MCI,47,47,0,84,78,85.5,7.5,83,1,0.1859584404,-0.135669587,0.135669587,0.1516339869
sleep__sleep_efficiency__subject_median,sleep,daily_scalar,scalar,subject_median,candidate,2,DEM,9,9,0,80,74.5,90,15.5,83,-3,-0.3365204945,-0.1516339869,0.1516339869,0.1516339869
sleep__sleep_efficiency__subject_missing_fraction,sleep,daily_scalar,scalar,subject_missing_fraction,negative_control,0,CN,85,85,0,0,0,0,0,0,0,,0,0,0
sleep__sleep_efficiency__subject_missing_fraction,sleep,daily_scalar,scalar,subject_missing_fraction,negative_control,1,MCI,47,47,0,0,0,0,0,0,0,,0,0,0
sleep__sleep_efficiency__subject_missing_fraction,sleep,daily_scalar,scalar,subject_missing_fraction,negative_control,2,DEM,9,9,0,0,0,0,0,0,0,,0,0,0
sleep__sleep_hr_5min__iqr__subject_day_iqr,sleep,sleep_hr_5min,parsed_intraday,subject_day_iqr,candidate,0,CN,85,85,0,2.125,2,3,1,2.125,0,0,0,0,0.2326797386
sleep__sleep_hr_5min__iqr__subject_day_iqr,sleep,sleep_hr_5min,parsed_intraday,subject_day_iqr,candidate,1,MCI,47,47,0,2.375,1.625,3.40625,1.78125,2.125,0.25,0.2334804319,-0.05006257822,0.05006257822,0.2326797386
sleep__sleep_hr_5min__iqr__subject_day_iqr,sleep,sleep_hr_5min,parsed_intraday,subject_day_iqr,candidate,2,DEM,9,9,0,3,2,5,3,2.125,0.875,0.5278797478,0.2326797386,0.2326797386,0.2326797386
sleep__sleep_hr_5min__iqr__subject_median,sleep,sleep_hr_5min,parsed_intraday,subject_median,candidate,0,CN,85,85,0,4.25,4,5.375,1.375,4.25,0,0,0,0,0.214379085
sleep__sleep_hr_5min__iqr__subject_median,sleep,sleep_hr_5min,parsed_intraday,subject_median,candidate,1,MCI,47,47,0,4.25,4,6,2,4.25,0,0,-0.005256570713,0.005256570713,0.214379085
sleep__sleep_hr_5min__iqr__subject_median,sleep,sleep_hr_5min,parsed_intraday,subject_median,candidate,2,DEM,9,9,0,5,5,6.5,1.5,4.25,0.75,0.7031617866,0.214379085,0.214379085,0.214379085
sleep__sleep_hr_5min__iqr__subject_missing_fraction,sleep,sleep_hr_5min,parsed_intraday,subject_missing_fraction,negative_control,0,CN,85,85,0,0,0,0,0,0,0,,0,0,0
sleep__sleep_hr_5min__iqr__subject_missing_fraction,sleep,sleep_hr_5min,parsed_intraday,subject_missing_fraction,negative_control,1,MCI,47,47,0,0,0,0,0,0,0,,0,0,0
sleep__sleep_hr_5min__iqr__subject_missing_fraction,sleep,sleep_hr_5min,parsed_intraday,subject_missing_fraction,negative_control,2,DEM,9,9,0,0,0,0,0,0,0,,0,0,0
sleep__sleep_hr_5min__mean__subject_day_iqr,sleep,sleep_hr_5min,parsed_intraday,subject_day_iqr,candidate,0,CN,85,85,0,5.700875224,4.666263365,7.272814786,2.606551421,5.700875224,0,0,0,0,0.2156862745
sleep__sleep_hr_5min__mean__subject_day_iqr,sleep,sleep_hr_5min,parsed_intraday,subject_day_iqr,candidate,1,MCI,47,47,0,6.533602226,4.725692684,7.802013017,3.076320333,5.700875224,0.8327270026,0.3940015624,0.1339173967,0.1339173967,0.2156862745
sleep__sleep_hr_5min__mean__subject_day_iqr,sleep,sleep_hr_5min,parsed_intraday,subject_day_iqr,candidate,2,DEM,9,9,0,6.260754089,5.512699388,7.760113193,2.247413805,5.700875224,0.5598788651,0.3103515161,0.2156862745,0.2156862745,0.2156862745
sleep__sleep_hr_5min__mean__subject_median,sleep,sleep_hr_5min,parsed_intraday,subject_median,candidate,0,CN,85,85,0,56,50.75139414,60.14334195,9.391947817,56,0,0,0,0,0.260130719
sleep__sleep_hr_5min__mean__subject_median,sleep,sleep_hr_5min,parsed_intraday,subject_median,candidate,1,MCI,47,47,0,52.73809524,48.69946286,58.45129611,9.751833253,56,-3.261904762,-0.4596304322,-0.1198998748,0.1198998748,0.260130719
sleep__sleep_hr_5min__mean__subject_median,sleep,sleep_hr_5min,parsed_intraday,subject_median,candidate,2,DEM,9,9,0,52.91525424,50.20560748,56.34962335,6.144015876,56,-3.084745763,-0.5243654996,-0.260130719,0.260130719,0.260130719
sleep__sleep_hr_5min__mean__subject_missing_fraction,sleep,sleep_hr_5min,parsed_intraday,subject_missing_fraction,negative_control,0,CN,85,85,0,0,0,0,0,0,0,,0,0,0
sleep__sleep_hr_5min__mean__subject_missing_fraction,sleep,sleep_hr_5min,parsed_intraday,subject_missing_fraction,negative_control,1,MCI,47,47,0,0,0,0,0,0,0,,0,0,0
sleep__sleep_hr_5min__mean__subject_missing_fraction,sleep,sleep_hr_5min,parsed_intraday,subject_missing_fraction,negative_control,2,DEM,9,9,0,0,0,0,0,0,0,,0,0,0
sleep__sleep_hr_5min__median__subject_day_iqr,sleep,sleep_hr_5min,parsed_intraday,subject_day_iqr,candidate,0,CN,85,85,0,3.25,3,4.125,1.125,3.25,0,0,0,0,0.03790849673
sleep__sleep_hr_5min__median__subject_day_iqr,sleep,sleep_hr_5min,parsed_intraday,subject_day_iqr,candidate,1,MCI,47,47,0,3.5,3,4,1,3.25,0.25,0.3168640305,0.02202753442,0.02202753442,0.03790849673
sleep__sleep_hr_5min__median__subject_day_iqr,sleep,sleep_hr_5min,parsed_intraday,subject_day_iqr,candidate,2,DEM,9,9,0,3.875,3,4,1,3.25,0.625,0.7921600761,0.03790849673,0.03790849673,0.03790849673
sleep__sleep_hr_5min__median__subject_median,sleep,sleep_hr_5min,parsed_intraday,subject_median,candidate,0,CN,85,85,0,60,55,64,9,60,0,0,0,0,0.1869281046
sleep__sleep_hr_5min__median__subject_median,sleep,sleep_hr_5min,parsed_intraday,subject_median,candidate,1,MCI,47,47,0,59,53,64,11,60,-1,-0.134230517,-0.05506883605,0.05506883605,0.1869281046
sleep__sleep_hr_5min__median__subject_median,sleep,sleep_hr_5min,parsed_intraday,subject_median,candidate,2,DEM,9,9,0,56,53,62,9,60,-4,-0.5995555556,-0.1869281046,0.1869281046,0.1869281046
sleep__sleep_hr_5min__median__subject_missing_fraction,sleep,sleep_hr_5min,parsed_intraday,subject_missing_fraction,negative_control,0,CN,85,85,0,0,0,0,0,0,0,,0,0,0
sleep__sleep_hr_5min__median__subject_missing_fraction,sleep,sleep_hr_5min,parsed_intraday,subject_missing_fraction,negative_control,1,MCI,47,47,0,0,0,0,0,0,0,,0,0,0
sleep__sleep_hr_5min__median__subject_missing_fraction,sleep,sleep_hr_5min,parsed_intraday,subject_missing_fraction,negative_control,2,DEM,9,9,0,0,0,0,0,0,0,,0,0,0
sleep__sleep_hr_5min__nonzero_count__subject_day_iqr,sleep,sleep_hr_5min,parsed_intraday,subject_day_iqr,negative_control,0,CN,85,85,0,21.5,17,26,9,21.5,0,0,0,0,0.3594771242
sleep__sleep_hr_5min__nonzero_count__subject_day_iqr,sleep,sleep_hr_5min,parsed_intraday,subject_day_iqr,negative_control,1,MCI,47,47,0,21,17.375,24.5,7.125,21.5,-0.5,-0.08309901743,-0.03754693367,0.03754693367,0.3594771242
sleep__sleep_hr_5min__nonzero_count__subject_day_iqr,sleep,sleep_hr_5min,parsed_intraday,subject_day_iqr,negative_control,2,DEM,9,9,0,27.5,21,29.5,8.5,21.5,6,0.9246512398,0.3594771242,0.3594771242,0.3594771242
sleep__sleep_hr_5min__nonzero_count__subject_median,sleep,sleep_hr_5min,parsed_intraday,subject_median,negative_control,0,CN,85,85,0,85,79.5,92,12.5,85,0,0,0,0,0.4026143791
sleep__sleep_hr_5min__nonzero_count__subject_median,sleep,sleep_hr_5min,parsed_intraday,subject_median,negative_control,1,MCI,47,47,0,85,80.5,93.25,12.75,85,0,0,0.02277847309,0.02277847309,0.4026143791
sleep__sleep_hr_5min__nonzero_count__subject_median,sleep,sleep_hr_5min,parsed_intraday,subject_median,negative_control,2,DEM,9,9,0,101.5,83,109,26,85,16.5,1.091148826,0.4026143791,0.4026143791,0.4026143791
sleep__sleep_hr_5min__nonzero_count__subject_missing_fraction,sleep,sleep_hr_5min,parsed_intraday,subject_missing_fraction,negative_control,0,CN,85,85,0,0,0,0,0,0,0,,0,0,0
sleep__sleep_hr_5min__nonzero_count__subject_missing_fraction,sleep,sleep_hr_5min,parsed_intraday,subject_missing_fraction,negative_control,1,MCI,47,47,0,0,0,0,0,0,0,,0,0,0
sleep__sleep_hr_5min__nonzero_count__subject_missing_fraction,sleep,sleep_hr_5min,parsed_intraday,subject_missing_fraction,negative_control,2,DEM,9,9,0,0,0,0,0,0,0,,0,0,0
sleep__sleep_hr_5min__nonzero_iqr__subject_day_iqr,sleep,sleep_hr_5min,parsed_intraday,subject_day_iqr,candidate,0,CN,85,85,0,2,1,2.125,1.125,2,0,0,0,0,0.460130719
sleep__sleep_hr_5min__nonzero_iqr__subject_day_iqr,sleep,sleep_hr_5min,parsed_intraday,subject_day_iqr,candidate,1,MCI,47,47,0,2,1,2,1,2,0,0,0.005506883605,0.005506883605,0.460130719
sleep__sleep_hr_5min__nonzero_iqr__subject_day_iqr,sleep,sleep_hr_5min,parsed_intraday,subject_day_iqr,candidate,2,DEM,9,9,0,2.25,2,3.75,1.75,2,0.25,0.2292540722,0.460130719,0.460130719,0.460130719
sleep__sleep_hr_5min__nonzero_iqr__subject_median,sleep,sleep_hr_5min,parsed_intraday,subject_median,candidate,0,CN,85,85,0,4,3,5,2,4,0,0,0,0,0.2013071895
sleep__sleep_hr_5min__nonzero_iqr__subject_median,sleep,sleep_hr_5min,parsed_intraday,subject_median,candidate,1,MCI,47,47,0,4,3,4.3125,1.3125,4,0,0,-0.08836045056,0.08836045056,0.2013071895
sleep__sleep_hr_5min__nonzero_iqr__subject_median,sleep,sleep_hr_5min,parsed_intraday,subject_median,candidate,2,DEM,9,9,0,4,4,6,2,4,0,0,0.2013071895,0.2013071895,0.2013071895
sleep__sleep_hr_5min__nonzero_iqr__subject_missing_fraction,sleep,sleep_hr_5min,parsed_intraday,subject_missing_fraction,negative_control,0,CN,85,85,0,0,0,0,0,0,0,,0,0,0
sleep__sleep_hr_5min__nonzero_iqr__subject_missing_fraction,sleep,sleep_hr_5min,parsed_intraday,subject_missing_fraction,negative_control,1,MCI,47,47,0,0,0,0,0,0,0,,0,0,0
sleep__sleep_hr_5min__nonzero_iqr__subject_missing_fraction,sleep,sleep_hr_5min,parsed_intraday,subject_missing_fraction,negative_control,2,DEM,9,9,0,0,0,0,0,0,0,,0,0,0
sleep__sleep_hr_5min__nonzero_median__subject_day_iqr,sleep,sleep_hr_5min,parsed_intraday,subject_day_iqr,candidate,0,CN,85,85,0,3,3,4,1,3,0,0,0,0,0.1176470588
sleep__sleep_hr_5min__nonzero_median__subject_day_iqr,sleep,sleep_hr_5min,parsed_intraday,subject_day_iqr,candidate,1,MCI,47,47,0,3.25,3,4.125,1.125,3,0.25,0.3168640305,0.07259073842,0.07259073842,0.1176470588
sleep__sleep_hr_5min__nonzero_median__subject_day_iqr,sleep,sleep_hr_5min,parsed_intraday,subject_day_iqr,candidate,2,DEM,9,9,0,3.5,3,4,1,3,0.5,0.6745,0.1176470588,0.1176470588,0.1176470588
sleep__sleep_hr_5min__nonzero_median__subject_median,sleep,sleep_hr_5min,parsed_intraday,subject_median,candidate,0,CN,85,85,0,60,55,64.5,9.5,60,0,0,0,0,0.1503267974
sleep__sleep_hr_5min__nonzero_median__subject_median,sleep,sleep_hr_5min,parsed_intraday,subject_median,candidate,1,MCI,47,47,0,59,54,65,11,60,-1,-0.1312588481,-0.04130162703,0.04130162703,0.1503267974
sleep__sleep_hr_5min__nonzero_median__subject_median,sleep,sleep_hr_5min,parsed_intraday,subject_median,candidate,2,DEM,9,9,0,57,54,63,9,60,-3,-0.4373538079,-0.1503267974,0.1503267974,0.1503267974
sleep__sleep_hr_5min__nonzero_median__subject_missing_fraction,sleep,sleep_hr_5min,parsed_intraday,subject_missing_fraction,negative_control,0,CN,85,85,0,0,0,0,0,0,0,,0,0,0
sleep__sleep_hr_5min__nonzero_median__subject_missing_fraction,sleep,sleep_hr_5min,parsed_intraday,subject_missing_fraction,negative_control,1,MCI,47,47,0,0,0,0,0,0,0,,0,0,0
sleep__sleep_hr_5min__nonzero_median__subject_missing_fraction,sleep,sleep_hr_5min,parsed_intraday,subject_missing_fraction,negative_control,2,DEM,9,9,0,0,0,0,0,0,0,,0,0,0
sleep__sleep_hr_5min__nonzero_q10__subject_day_iqr,sleep,sleep_hr_5min,parsed_intraday,subject_day_iqr,candidate,0,CN,85,85,0,3,2.175,3.7,1.525,3,0,0,0,0,0.1346405229
sleep__sleep_hr_5min__nonzero_q10__subject_day_iqr,sleep,sleep_hr_5min,parsed_intraday,subject_day_iqr,candidate,1,MCI,47,47,0,3,2.5,3.7,1.2,3,0,0,0.1101376721,0.1101376721,0.1346405229
sleep__sleep_hr_5min__nonzero_q10__subject_day_iqr,sleep,sleep_hr_5min,parsed_intraday,subject_day_iqr,candidate,2,DEM,9,9,0,3,3,3.925,0.925,3,0,0,0.1346405229,0.1346405229,0.1346405229
sleep__sleep_hr_5min__nonzero_q10__subject_median,sleep,sleep_hr_5min,parsed_intraday,subject_median,candidate,0,CN,85,85,0,57,52,61,9,57,0,0,0,0,0.2222222222
sleep__sleep_hr_5min__nonzero_q10__subject_median,sleep,sleep_hr_5min,parsed_intraday,subject_median,candidate,1,MCI,47,47,0,56,51.5,61.5,10,57,-1,-0.1418037318,-0.03729662078,0.03729662078,0.2222222222
sleep__sleep_hr_5min__nonzero_q10__subject_median,sleep,sleep_hr_5min,parsed_intraday,subject_median,candidate,2,DEM,9,9,0,53,50,59,9,57,-4,-0.5995555556,-0.2222222222,0.2222222222,0.2222222222
sleep__sleep_hr_5min__nonzero_q10__subject_missing_fraction,sleep,sleep_hr_5min,parsed_intraday,subject_missing_fraction,negative_control,0,CN,85,85,0,0,0,0,0,0,0,,0,0,0
sleep__sleep_hr_5min__nonzero_q10__subject_missing_fraction,sleep,sleep_hr_5min,parsed_intraday,subject_missing_fraction,negative_control,1,MCI,47,47,0,0,0,0,0,0,0,,0,0,0
sleep__sleep_hr_5min__nonzero_q10__subject_missing_fraction,sleep,sleep_hr_5min,parsed_intraday,subject_missing_fraction,negative_control,2,DEM,9,9,0,0,0,0,0,0,0,,0,0,0
sleep__sleep_hr_5min__nonzero_q90__subject_day_iqr,sleep,sleep_hr_5min,parsed_intraday,subject_day_iqr,candidate,0,CN,85,85,0,4,3.1,5,1.9,4,0,0,0,0,0.08235294118
sleep__sleep_hr_5min__nonzero_q90__subject_day_iqr,sleep,sleep_hr_5min,parsed_intraday,subject_day_iqr,candidate,1,MCI,47,47,0,4,3.4125,5,1.5875,4,0,0,0.02002503129,0.02002503129,0.08235294118
sleep__sleep_hr_5min__nonzero_q90__subject_day_iqr,sleep,sleep_hr_5min,parsed_intraday,subject_day_iqr,candidate,2,DEM,9,9,0,4,3.8,4.8,1,4,0,0,0.08235294118,0.08235294118,0.08235294118
sleep__sleep_hr_5min__nonzero_q90__subject_median,sleep,sleep_hr_5min,parsed_intraday,subject_median,candidate,0,CN,85,85,0,64.55,59.1,69.4,10.3,64.55,0,0,0,0,0.09411764706
sleep__sleep_hr_5min__nonzero_q90__subject_median,sleep,sleep_hr_5min,parsed_intraday,subject_median,candidate,1,MCI,47,47,0,64,58,68,10,64.55,-0.55,-0.07309054116,-0.04655819775,0.04655819775,0.09411764706
sleep__sleep_hr_5min__nonzero_q90__subject_median,sleep,sleep_hr_5min,parsed_intraday,subject_median,candidate,2,DEM,9,9,0,62,60,67,7,64.55,-2.55,-0.3906386676,-0.09411764706,0.09411764706,0.09411764706
sleep__sleep_hr_5min__nonzero_q90__subject_missing_fraction,sleep,sleep_hr_5min,parsed_intraday,subject_missing_fraction,negative_control,0,CN,85,85,0,0,0,0,0,0,0,,0,0,0
sleep__sleep_hr_5min__nonzero_q90__subject_missing_fraction,sleep,sleep_hr_5min,parsed_intraday,subject_missing_fraction,negative_control,1,MCI,47,47,0,0,0,0,0,0,0,,0,0,0
sleep__sleep_hr_5min__nonzero_q90__subject_missing_fraction,sleep,sleep_hr_5min,parsed_intraday,subject_missing_fraction,negative_control,2,DEM,9,9,0,0,0,0,0,0,0,,0,0,0
sleep__sleep_hr_5min__nonzero_ratio__subject_day_iqr,sleep,sleep_hr_5min,parsed_intraday,subject_day_iqr,negative_control,0,CN,85,85,0,0.08316281552,0.05336904406,0.1099447478,0.05657570378,0.08316281552,0,0,0,0,0.3045751634
sleep__sleep_hr_5min__nonzero_ratio__subject_day_iqr,sleep,sleep_hr_5min,parsed_intraday,subject_day_iqr,negative_control,1,MCI,47,47,0,0.08367933568,0.05276266302,0.1122285838,0.05946592073,0.08316281552,0.0005165201532,0.01200551382,0.04580725907,0.04580725907,0.3045751634
sleep__sleep_hr_5min__nonzero_ratio__subject_day_iqr,sleep,sleep_hr_5min,parsed_intraday,subject_day_iqr,negative_control,2,DEM,9,9,0,0.1118904726,0.09039461851,0.1322506742,0.04185605573,0.08316281552,0.0287276571,0.7787613795,0.3045751634,0.3045751634,0.3045751634
sleep__sleep_hr_5min__nonzero_ratio__subject_median,sleep,sleep_hr_5min,parsed_intraday,subject_median,negative_control,0,CN,85,85,0,0.9234432234,0.8874782609,0.9520803443,0.06460208346,0.9234432234,0,0,0,0,0.1712418301
sleep__sleep_hr_5min__nonzero_ratio__subject_median,sleep,sleep_hr_5min,parsed_intraday,subject_median,negative_control,1,MCI,47,47,0,0.9166666667,0.8771106976,0.9443464703,0.06723577268,0.9234432234,-0.006776556777,-0.1386513986,-0.1261576971,0.1261576971,0.1712418301
sleep__sleep_hr_5min__nonzero_ratio__subject_median,sleep,sleep_hr_5min,parsed_intraday,subject_median,negative_control,2,DEM,9,9,0,0.9115347019,0.8549618321,0.925,0.07003816794,0.9234432234,-0.01190852159,-0.2384356497,-0.1712418301,0.1712418301,0.1712418301
sleep__sleep_hr_5min__nonzero_ratio__subject_missing_fraction,sleep,sleep_hr_5min,parsed_intraday,subject_missing_fraction,negative_control,0,CN,85,85,0,0,0,0,0,0,0,,0,0,0
sleep__sleep_hr_5min__nonzero_ratio__subject_missing_fraction,sleep,sleep_hr_5min,parsed_intraday,subject_missing_fraction,negative_control,1,MCI,47,47,0,0,0,0,0,0,0,,0,0,0
sleep__sleep_hr_5min__nonzero_ratio__subject_missing_fraction,sleep,sleep_hr_5min,parsed_intraday,subject_missing_fraction,negative_control,2,DEM,9,9,0,0,0,0,0,0,0,,0,0,0
sleep__sleep_hr_5min__q10__subject_day_iqr,sleep,sleep_hr_5min,parsed_intraday,subject_day_iqr,candidate,0,CN,85,85,0,11.75,3.25,55,51.75,11.75,0,0,0,0,0.1712418301
sleep__sleep_hr_5min__q10__subject_day_iqr,sleep,sleep_hr_5min,parsed_intraday,subject_day_iqr,candidate,1,MCI,47,47,0,48.925,4.4,55.45,51.05,11.75,37.175,0.9756403192,0.05306633292,0.05306633292,0.1712418301
sleep__sleep_hr_5min__q10__subject_day_iqr,sleep,sleep_hr_5min,parsed_intraday,subject_day_iqr,candidate,2,DEM,9,9,0,49,26.8,55,28.2,11.75,37.25,1.205818437,0.1712418301,0.1712418301,0.1712418301
sleep__sleep_hr_5min__q10__subject_median,sleep,sleep_hr_5min,parsed_intraday,subject_median,candidate,0,CN,85,85,0,52.6,0,57,57,52.6,0,0,0,0,0.3607843137
sleep__sleep_hr_5min__q10__subject_median,sleep,sleep_hr_5min,parsed_intraday,subject_median,candidate,1,MCI,47,47,0,50,0,56.9,56.9,52.6,-2.6,-0.06158733359,-0.06257822278,0.06257822278,0.3607843137
sleep__sleep_hr_5min__q10__subject_median,sleep,sleep_hr_5min,parsed_intraday,subject_median,candidate,2,DEM,9,9,0,47,0,51,51,52.6,-5.6,-0.1396809054,-0.3607843137,0.3607843137,0.3607843137
sleep__sleep_hr_5min__q10__subject_missing_fraction,sleep,sleep_hr_5min,parsed_intraday,subject_missing_fraction,negative_control,0,CN,85,85,0,0,0,0,0,0,0,,0,0,0
sleep__sleep_hr_5min__q10__subject_missing_fraction,sleep,sleep_hr_5min,parsed_intraday,subject_missing_fraction,negative_control,1,MCI,47,47,0,0,0,0,0,0,0,,0,0,0
sleep__sleep_hr_5min__q10__subject_missing_fraction,sleep,sleep_hr_5min,parsed_intraday,subject_missing_fraction,negative_control,2,DEM,9,9,0,0,0,0,0,0,0,,0,0,0
sleep__sleep_hr_5min__q25__subject_day_iqr,sleep,sleep_hr_5min,parsed_intraday,subject_day_iqr,candidate,0,CN,85,85,0,3,3,4.375,1.375,3,0,0,0,0,0.2039215686
sleep__sleep_hr_5min__q25__subject_day_iqr,sleep,sleep_hr_5min,parsed_intraday,subject_day_iqr,candidate,1,MCI,47,47,0,4,3,4.875,1.875,3,1,0.8205005662,0.1777221527,0.1777221527,0.2039215686
sleep__sleep_hr_5min__q25__subject_day_iqr,sleep,sleep_hr_5min,parsed_intraday,subject_day_iqr,candidate,2,DEM,9,9,0,4,3.25,4.375,1.125,3,1,1.073844136,0.2039215686,0.2039215686,0.2039215686
sleep__sleep_hr_5min__q25__subject_median,sleep,sleep_hr_5min,parsed_intraday,subject_median,candidate,0,CN,85,85,0,58,53,62,9,58,0,0,0,0,0.1960784314
sleep__sleep_hr_5min__q25__subject_median,sleep,sleep_hr_5min,parsed_intraday,subject_median,candidate,1,MCI,47,47,0,55,51.1875,60.125,8.9375,58,-3,-0.4512307104,-0.119649562,0.119649562,0.1960784314
sleep__sleep_hr_5min__q25__subject_median,sleep,sleep_hr_5min,parsed_intraday,subject_median,candidate,2,DEM,9,9,0,54,51,59,8,58,-4,-0.6337280609,-0.1960784314,0.1960784314,0.1960784314
sleep__sleep_hr_5min__q25__subject_missing_fraction,sleep,sleep_hr_5min,parsed_intraday,subject_missing_fraction,negative_control,0,CN,85,85,0,0,0,0,0,0,0,,0,0,0
sleep__sleep_hr_5min__q25__subject_missing_fraction,sleep,sleep_hr_5min,parsed_intraday,subject_missing_fraction,negative_control,1,MCI,47,47,0,0,0,0,0,0,0,,0,0,0
sleep__sleep_hr_5min__q25__subject_missing_fraction,sleep,sleep_hr_5min,parsed_intraday,subject_missing_fraction,negative_control,2,DEM,9,9,0,0,0,0,0,0,0,,0,0,0
sleep__sleep_hr_5min__q75__subject_day_iqr,sleep,sleep_hr_5min,parsed_intraday,subject_day_iqr,candidate,0,CN,85,85,0,4,3,4.5,1.5,4,0,0,0,0,0.04705882353
sleep__sleep_hr_5min__q75__subject_day_iqr,sleep,sleep_hr_5min,parsed_intraday,subject_day_iqr,candidate,1,MCI,47,47,0,4,3,4.1875,1.1875,4,0,0,-0.02703379224,0.02703379224,0.04705882353
sleep__sleep_hr_5min__q75__subject_day_iqr,sleep,sleep_hr_5min,parsed_intraday,subject_day_iqr,candidate,2,DEM,9,9,0,4,3,4,1,4,0,0,0.04705882353,0.04705882353,0.04705882353
sleep__sleep_hr_5min__q75__subject_median,sleep,sleep_hr_5min,parsed_intraday,subject_median,candidate,0,CN,85,85,0,62,57,67,10,62,0,0,0,0,0.1163398693
sleep__sleep_hr_5min__q75__subject_median,sleep,sleep_hr_5min,parsed_intraday,subject_median,candidate,1,MCI,47,47,0,62,55.5,66.25,10.75,62,0,0,-0.04755944931,0.04755944931,0.1163398693
sleep__sleep_hr_5min__q75__subject_median,sleep,sleep_hr_5min,parsed_intraday,subject_median,candidate,2,DEM,9,9,0,59,57.75,64.75,7,62,-3,-0.4688728309,-0.1163398693,0.1163398693,0.1163398693
sleep__sleep_hr_5min__q75__subject_missing_fraction,sleep,sleep_hr_5min,parsed_intraday,subject_missing_fraction,negative_control,0,CN,85,85,0,0,0,0,0,0,0,,0,0,0
sleep__sleep_hr_5min__q75__subject_missing_fraction,sleep,sleep_hr_5min,parsed_intraday,subject_missing_fraction,negative_control,1,MCI,47,47,0,0,0,0,0,0,0,,0,0,0
sleep__sleep_hr_5min__q75__subject_missing_fraction,sleep,sleep_hr_5min,parsed_intraday,subject_missing_fraction,negative_control,2,DEM,9,9,0,0,0,0,0,0,0,,0,0,0
sleep__sleep_hr_5min__q90__subject_day_iqr,sleep,sleep_hr_5min,parsed_intraday,subject_day_iqr,candidate,0,CN,85,85,0,4,3.1,5,1.9,4,0,0,0,0,0.03660130719
sleep__sleep_hr_5min__q90__subject_day_iqr,sleep,sleep_hr_5min,parsed_intraday,subject_day_iqr,candidate,1,MCI,47,47,0,4,3,5,2,4,0,0,-0.01001251564,0.01001251564,0.03660130719
sleep__sleep_hr_5min__q90__subject_day_iqr,sleep,sleep_hr_5min,parsed_intraday,subject_day_iqr,candidate,2,DEM,9,9,0,4,3.8,4.95,1.15,4,0,0,0.03660130719,0.03660130719,0.03660130719
sleep__sleep_hr_5min__q90__subject_median,sleep,sleep_hr_5min,parsed_intraday,subject_median,candidate,0,CN,85,85,0,64.3,59,69,10,64.3,0,0,0,0,0.08888888889
sleep__sleep_hr_5min__q90__subject_median,sleep,sleep_hr_5min,parsed_intraday,subject_median,candidate,1,MCI,47,47,0,64,57.65,68,10.35,64.3,-0.3,-0.03976807439,-0.04480600751,0.04480600751,0.08888888889
sleep__sleep_hr_5min__q90__subject_median,sleep,sleep_hr_5min,parsed_intraday,subject_median,candidate,2,DEM,9,9,0,62,60,67,7,64.3,-2.3,-0.3594691703,-0.08888888889,0.08888888889,0.08888888889
sleep__sleep_hr_5min__q90__subject_missing_fraction,sleep,sleep_hr_5min,parsed_intraday,subject_missing_fraction,negative_control,0,CN,85,85,0,0,0,0,0,0,0,,0,0,0
sleep__sleep_hr_5min__q90__subject_missing_fraction,sleep,sleep_hr_5min,parsed_intraday,subject_missing_fraction,negative_control,1,MCI,47,47,0,0,0,0,0,0,0,,0,0,0
sleep__sleep_hr_5min__q90__subject_missing_fraction,sleep,sleep_hr_5min,parsed_intraday,subject_missing_fraction,negative_control,2,DEM,9,9,0,0,0,0,0,0,0,,0,0,0
sleep__sleep_hr_5min__std__subject_day_iqr,sleep,sleep_hr_5min,parsed_intraday,subject_day_iqr,candidate,0,CN,85,85,0,6.813801607,5.740350208,8.243795564,2.503445355,6.813801607,0,0,0,0,0.1712418301
sleep__sleep_hr_5min__std__subject_day_iqr,sleep,sleep_hr_5min,parsed_intraday,subject_day_iqr,candidate,1,MCI,47,47,0,6.560179023,5.578659912,8.023685006,2.445025094,6.813801607,-0.2536225841,-0.1382702107,-0.09236545682,0.09236545682,0.1712418301
sleep__sleep_hr_5min__std__subject_day_iqr,sleep,sleep_hr_5min,parsed_intraday,subject_day_iqr,candidate,2,DEM,9,9,0,8.030536898,5.651935202,9.699557272,4.04762207,6.813801607,1.216735291,0.4877354448,0.1712418301,0.1712418301,0.1712418301
sleep__sleep_hr_5min__std__subject_median,sleep,sleep_hr_5min,parsed_intraday,subject_median,candidate,0,CN,85,85,0,15.68073052,13.55844245,19.4126652,5.854222753,15.68073052,0,0,0,0,0.1058823529
sleep__sleep_hr_5min__std__subject_median,sleep,sleep_hr_5min,parsed_intraday,subject_median,candidate,1,MCI,47,47,0,16.71194987,14.28406586,19.3613261,5.077260239,15.68073052,1.03121936,0.253874866,0.1048811014,0.1048811014,0.1058823529
sleep__sleep_hr_5min__std__subject_median,sleep,sleep_hr_5min,parsed_intraday,subject_median,candidate,2,DEM,9,9,0,16.91790767,15.51817514,18.12252234,2.604347193,15.68073052,1.237177157,0.3683648655,0.1058823529,0.1058823529,0.1058823529
sleep__sleep_hr_5min__std__subject_missing_fraction,sleep,sleep_hr_5min,parsed_intraday,subject_missing_fraction,negative_control,0,CN,85,85,0,0,0,0,0,0,0,,0,0,0
sleep__sleep_hr_5min__std__subject_missing_fraction,sleep,sleep_hr_5min,parsed_intraday,subject_missing_fraction,negative_control,1,MCI,47,47,0,0,0,0,0,0,0,,0,0,0
sleep__sleep_hr_5min__std__subject_missing_fraction,sleep,sleep_hr_5min,parsed_intraday,subject_missing_fraction,negative_control,2,DEM,9,9,0,0,0,0,0,0,0,,0,0,0
sleep__sleep_hr_5min__valid_count__subject_day_iqr,sleep,sleep_hr_5min,parsed_intraday,subject_day_iqr,negative_control,0,CN,85,85,0,22,17.75,28.75,11,22,0,0,0,0,0.3620915033
sleep__sleep_hr_5min__valid_count__subject_day_iqr,sleep,sleep_hr_5min,parsed_intraday,subject_day_iqr,negative_control,1,MCI,47,47,0,24,19.625,30.125,10.5,22,2,0.2509089035,0.1071339174,0.1071339174,0.3620915033
sleep__sleep_hr_5min__valid_count__subject_day_iqr,sleep,sleep_hr_5min,parsed_intraday,subject_day_iqr,negative_control,2,DEM,9,9,0,25.75,25,38,13,22,3.75,0.4201063212,0.3620915033,0.3620915033,0.3620915033
sleep__sleep_hr_5min__valid_count__subject_median,sleep,sleep_hr_5min,parsed_intraday,subject_median,negative_control,0,CN,85,85,0,95,86,103,17,95,0,0,0,0,0.4588235294
sleep__sleep_hr_5min__valid_count__subject_median,sleep,sleep_hr_5min,parsed_intraday,subject_median,negative_control,1,MCI,47,47,0,97,90,103.5,13.5,95,2,0.1757645399,0.08685857322,0.08685857322,0.4588235294
sleep__sleep_hr_5min__valid_count__subject_median,sleep,sleep_hr_5min,parsed_intraday,subject_median,negative_control,2,DEM,9,9,0,122,91,123,32,95,27,1.421537591,0.4588235294,0.4588235294,0.4588235294
sleep__sleep_hr_5min__valid_count__subject_missing_fraction,sleep,sleep_hr_5min,parsed_intraday,subject_missing_fraction,negative_control,0,CN,85,85,0,0,0,0,0,0,0,,0,0,0
sleep__sleep_hr_5min__valid_count__subject_missing_fraction,sleep,sleep_hr_5min,parsed_intraday,subject_missing_fraction,negative_control,1,MCI,47,47,0,0,0,0,0,0,0,,0,0,0
sleep__sleep_hr_5min__valid_count__subject_missing_fraction,sleep,sleep_hr_5min,parsed_intraday,subject_missing_fraction,negative_control,2,DEM,9,9,0,0,0,0,0,0,0,,0,0,0
sleep__sleep_hr_5min__valid_ratio__subject_day_iqr,sleep,sleep_hr_5min,parsed_intraday,subject_day_iqr,negative_control,0,CN,85,0,1,,,,,,,,,,
sleep__sleep_hr_5min__valid_ratio__subject_day_iqr,sleep,sleep_hr_5min,parsed_intraday,subject_day_iqr,negative_control,1,MCI,47,0,1,,,,,,,,,,
sleep__sleep_hr_5min__valid_ratio__subject_day_iqr,sleep,sleep_hr_5min,parsed_intraday,subject_day_iqr,negative_control,2,DEM,9,0,1,,,,,,,,,,
sleep__sleep_hr_5min__valid_ratio__subject_median,sleep,sleep_hr_5min,parsed_intraday,subject_median,negative_control,0,CN,85,0,1,,,,,,,,,,
sleep__sleep_hr_5min__valid_ratio__subject_median,sleep,sleep_hr_5min,parsed_intraday,subject_median,negative_control,1,MCI,47,0,1,,,,,,,,,,
sleep__sleep_hr_5min__valid_ratio__subject_median,sleep,sleep_hr_5min,parsed_intraday,subject_median,negative_control,2,DEM,9,0,1,,,,,,,,,,
sleep__sleep_hr_5min__valid_ratio__subject_missing_fraction,sleep,sleep_hr_5min,parsed_intraday,subject_missing_fraction,negative_control,0,CN,85,85,0,1,1,1,0,1,0,,0,0,0
sleep__sleep_hr_5min__valid_ratio__subject_missing_fraction,sleep,sleep_hr_5min,parsed_intraday,subject_missing_fraction,negative_control,1,MCI,47,47,0,1,1,1,0,1,0,,0,0,0
sleep__sleep_hr_5min__valid_ratio__subject_missing_fraction,sleep,sleep_hr_5min,parsed_intraday,subject_missing_fraction,negative_control,2,DEM,9,9,0,1,1,1,0,1,0,,0,0,0
sleep__sleep_hr_5min__zero_ratio__subject_day_iqr,sleep,sleep_hr_5min,parsed_intraday,subject_day_iqr,negative_control,0,CN,85,85,0,0.08316281552,0.05336904406,0.1099447478,0.05657570378,0.08316281552,0,0,0,0,0.3045751634
sleep__sleep_hr_5min__zero_ratio__subject_day_iqr,sleep,sleep_hr_5min,parsed_intraday,subject_day_iqr,negative_control,1,MCI,47,47,0,0.08367933568,0.05276266302,0.1122285838,0.05946592073,0.08316281552,0.0005165201532,0.01200551382,0.04580725907,0.04580725907,0.3045751634
sleep__sleep_hr_5min__zero_ratio__subject_day_iqr,sleep,sleep_hr_5min,parsed_intraday,subject_day_iqr,negative_control,2,DEM,9,9,0,0.1118904726,0.09039461851,0.1322506742,0.04185605573,0.08316281552,0.0287276571,0.7787613795,0.3045751634,0.3045751634,0.3045751634
sleep__sleep_hr_5min__zero_ratio__subject_median,sleep,sleep_hr_5min,parsed_intraday,subject_median,negative_control,0,CN,85,85,0,0.07655677656,0.04791965567,0.1125217391,0.06460208346,0.07655677656,0,0,0,0,0.1712418301
sleep__sleep_hr_5min__zero_ratio__subject_median,sleep,sleep_hr_5min,parsed_intraday,subject_median,negative_control,1,MCI,47,47,0,0.08333333333,0.05565352971,0.1228893024,0.06723577268,0.07655677656,0.006776556777,0.1386513986,0.1261576971,0.1261576971,0.1712418301
sleep__sleep_hr_5min__zero_ratio__subject_median,sleep,sleep_hr_5min,parsed_intraday,subject_median,negative_control,2,DEM,9,9,0,0.08846529814,0.075,0.1450381679,0.07003816794,0.07655677656,0.01190852159,0.2384356497,0.1712418301,0.1712418301,0.1712418301
sleep__sleep_hr_5min__zero_ratio__subject_missing_fraction,sleep,sleep_hr_5min,parsed_intraday,subject_missing_fraction,negative_control,0,CN,85,85,0,0,0,0,0,0,0,,0,0,0
sleep__sleep_hr_5min__zero_ratio__subject_missing_fraction,sleep,sleep_hr_5min,parsed_intraday,subject_missing_fraction,negative_control,1,MCI,47,47,0,0,0,0,0,0,0,,0,0,0
sleep__sleep_hr_5min__zero_ratio__subject_missing_fraction,sleep,sleep_hr_5min,parsed_intraday,subject_missing_fraction,negative_control,2,DEM,9,9,0,0,0,0,0,0,0,,0,0,0
sleep__sleep_hr_average__subject_day_iqr,sleep,daily_scalar,scalar,subject_day_iqr,candidate,0,CN,85,85,0,3.21,2.76,3.88,1.12,3.21,0,0,0,0,0.06928104575
sleep__sleep_hr_average__subject_day_iqr,sleep,daily_scalar,scalar,subject_day_iqr,candidate,1,MCI,47,47,0,3.38,2.685,4.12875,1.44375,3.21,0.17,0.1774923959,0.04255319149,0.04255319149,0.06928104575
sleep__sleep_hr_average__subject_day_iqr,sleep,daily_scalar,scalar,subject_day_iqr,candidate,2,DEM,9,9,0,3.51,2.7275,3.77,1.0425,3.21,0.3,0.3740488853,0.06928104575,0.06928104575,0.06928104575
sleep__sleep_hr_average__subject_median,sleep,daily_scalar,scalar,subject_median,candidate,0,CN,85,85,0,60.7,55.78,65.185,9.405,60.7,0,0,0,0,0.1581699346
sleep__sleep_hr_average__subject_median,sleep,daily_scalar,scalar,subject_median,candidate,1,MCI,47,47,0,59.395,54.4475,64.9,10.4525,60.7,-1.305,-0.1770616389,-0.04680851064,0.04680851064,0.1581699346
sleep__sleep_hr_average__subject_median,sleep,daily_scalar,scalar,subject_median,candidate,2,DEM,9,9,0,57.02,54.89,62.955,8.065,60.7,-3.68,-0.5666606454,-0.1581699346,0.1581699346,0.1581699346
sleep__sleep_hr_average__subject_missing_fraction,sleep,daily_scalar,scalar,subject_missing_fraction,negative_control,0,CN,85,85,0,0,0,0,0,0,0,,0,0,0
sleep__sleep_hr_average__subject_missing_fraction,sleep,daily_scalar,scalar,subject_missing_fraction,negative_control,1,MCI,47,47,0,0,0,0,0,0,0,,0,0,0
sleep__sleep_hr_average__subject_missing_fraction,sleep,daily_scalar,scalar,subject_missing_fraction,negative_control,2,DEM,9,9,0,0,0,0,0,0,0,,0,0,0
sleep__sleep_hr_lowest__subject_day_iqr,sleep,daily_scalar,scalar,subject_day_iqr,candidate,0,CN,85,85,0,3,2,3.5,1.5,3,0,0,0,0,0.1777777778
sleep__sleep_hr_lowest__subject_day_iqr,sleep,daily_scalar,scalar,subject_day_iqr,candidate,1,MCI,47,47,0,3,3,4,1,3,0,0,0.1108886108,0.1108886108,0.1777777778
sleep__sleep_hr_lowest__subject_day_iqr,sleep,daily_scalar,scalar,subject_day_iqr,candidate,2,DEM,9,9,0,3.5,3,3.5,0.5,3,0.5,0.6032911403,0.1777777778,0.1777777778,0.1777777778
sleep__sleep_hr_lowest__subject_median,sleep,daily_scalar,scalar,subject_median,candidate,0,CN,85,85,0,55,50,59,9,55,0,0,0,0,0.2
sleep__sleep_hr_lowest__subject_median,sleep,daily_scalar,scalar,subject_median,candidate,1,MCI,47,47,0,55,50,59.5,9.5,55,0,0,-0.02202753442,0.02202753442,0.2
sleep__sleep_hr_lowest__subject_median,sleep,daily_scalar,scalar,subject_median,candidate,2,DEM,9,9,0,51,49,57,8,55,-4,-0.6337280609,-0.2,0.2,0.2
sleep__sleep_hr_lowest__subject_missing_fraction,sleep,daily_scalar,scalar,subject_missing_fraction,negative_control,0,CN,85,85,0,0,0,0,0,0,0,,0,0,0
sleep__sleep_hr_lowest__subject_missing_fraction,sleep,daily_scalar,scalar,subject_missing_fraction,negative_control,1,MCI,47,47,0,0,0,0,0,0,0,,0,0,0
sleep__sleep_hr_lowest__subject_missing_fraction,sleep,daily_scalar,scalar,subject_missing_fraction,negative_control,2,DEM,9,9,0,0,0,0,0,0,0,,0,0,0
sleep__sleep_hypnogram_5min__awake_bout_count__subject_day_iqr,sleep,sleep_hypnogram_5min,parsed_intraday,subject_day_iqr,candidate,0,CN,85,85,0,3,2,3.75,1.75,3,0,0,0,0,0.4705882353
sleep__sleep_hypnogram_5min__awake_bout_count__subject_day_iqr,sleep,sleep_hypnogram_5min,parsed_intraday,subject_day_iqr,candidate,1,MCI,47,47,0,3,2.75,4,1.25,3,0,0,0.1371714643,0.1371714643,0.4705882353
sleep__sleep_hypnogram_5min__awake_bout_count__subject_day_iqr,sleep,sleep_hypnogram_5min,parsed_intraday,subject_day_iqr,candidate,2,DEM,9,9,0,4,3,4,1,3,1,0.9465210144,0.4705882353,0.4705882353,0.4705882353
sleep__sleep_hypnogram_5min__awake_bout_count__subject_median,sleep,sleep_hypnogram_5min,parsed_intraday,subject_median,candidate,0,CN,85,85,0,6,5,7,2,6,0,0,0,0,0.1803921569
sleep__sleep_hypnogram_5min__awake_bout_count__subject_median,sleep,sleep_hypnogram_5min,parsed_intraday,subject_median,candidate,1,MCI,47,47,0,7,6,7.5,1.5,6,1,0.7631096383,0.1506883605,0.1506883605,0.1803921569
sleep__sleep_hypnogram_5min__awake_bout_count__subject_median,sleep,sleep_hypnogram_5min,parsed_intraday,subject_median,candidate,2,DEM,9,9,0,7,5,10,5,6,1,0.3542647559,0.1803921569,0.1803921569,0.1803921569
sleep__sleep_hypnogram_5min__awake_bout_count__subject_missing_fraction,sleep,sleep_hypnogram_5min,parsed_intraday,subject_missing_fraction,negative_control,0,CN,85,85,0,0,0,0,0,0,0,,0,0,0
sleep__sleep_hypnogram_5min__awake_bout_count__subject_missing_fraction,sleep,sleep_hypnogram_5min,parsed_intraday,subject_missing_fraction,negative_control,1,MCI,47,47,0,0,0,0,0,0,0,,0,0,0
sleep__sleep_hypnogram_5min__awake_bout_count__subject_missing_fraction,sleep,sleep_hypnogram_5min,parsed_intraday,subject_missing_fraction,negative_control,2,DEM,9,9,0,0,0,0,0,0,0,,0,0,0
sleep__sleep_hypnogram_5min__bout_count__subject_day_iqr,sleep,sleep_hypnogram_5min,parsed_intraday,subject_day_iqr,candidate,0,CN,85,85,0,9,7,10.25,3.25,9,0,0,0,0,0.4888888889
sleep__sleep_hypnogram_5min__bout_count__subject_day_iqr,sleep,sleep_hypnogram_5min,parsed_intraday,subject_day_iqr,candidate,1,MCI,47,47,0,8.75,7.375,9.875,2.5,9,-0.25,-0.1163190395,-0.06182728411,0.06182728411,0.4888888889
sleep__sleep_hypnogram_5min__bout_count__subject_day_iqr,sleep,sleep_hypnogram_5min,parsed_intraday,subject_day_iqr,candidate,2,DEM,9,9,0,10.5,9.5,11,1.5,9,1.5,0.7994683355,0.4888888889,0.4888888889,0.4888888889
sleep__sleep_hypnogram_5min__bout_count__subject_median,sleep,sleep_hypnogram_5min,parsed_intraday,subject_median,candidate,0,CN,85,85,0,29,27,32,5,29,0,0,0,0,0.05256570713
sleep__sleep_hypnogram_5min__bout_count__subject_median,sleep,sleep_hypnogram_5min,parsed_intraday,subject_median,candidate,1,MCI,47,47,0,29,27.5,30.5,3,29,0,0,-0.05256570713,0.05256570713,0.05256570713
sleep__sleep_hypnogram_5min__bout_count__subject_median,sleep,sleep_hypnogram_5min,parsed_intraday,subject_median,candidate,2,DEM,9,9,0,30,23,33,10,29,1,0.1706365025,0.01045751634,0.01045751634,0.05256570713
sleep__sleep_hypnogram_5min__bout_count__subject_missing_fraction,sleep,sleep_hypnogram_5min,parsed_intraday,subject_missing_fraction,negative_control,0,CN,85,85,0,0,0,0,0,0,0,,0,0,0
sleep__sleep_hypnogram_5min__bout_count__subject_missing_fraction,sleep,sleep_hypnogram_5min,parsed_intraday,subject_missing_fraction,negative_control,1,MCI,47,47,0,0,0,0,0,0,0,,0,0,0
sleep__sleep_hypnogram_5min__bout_count__subject_missing_fraction,sleep,sleep_hypnogram_5min,parsed_intraday,subject_missing_fraction,negative_control,2,DEM,9,9,0,0,0,0,0,0,0,,0,0,0
sleep__sleep_hypnogram_5min__class_1_ratio__subject_day_iqr,sleep,sleep_hypnogram_5min,parsed_intraday,subject_day_iqr,candidate,0,CN,85,85,0,0.0892751763,0.08074926882,0.1090927129,0.02834344406,0.0892751763,0,0,0,0,0.1921568627
sleep__sleep_hypnogram_5min__class_1_ratio__subject_day_iqr,sleep,sleep_hypnogram_5min,parsed_intraday,subject_day_iqr,candidate,1,MCI,47,47,0,0.08833774327,0.07412251262,0.1018770799,0.0277545673,0.0892751763,-0.0009374330351,-0.04508279223,-0.07434292866,0.07434292866,0.1921568627
sleep__sleep_hypnogram_5min__class_1_ratio__subject_day_iqr,sleep,sleep_hypnogram_5min,parsed_intraday,subject_day_iqr,candidate,2,DEM,9,9,0,0.08148719557,0.06375091517,0.1081989499,0.04444803478,0.0892751763,-0.007787980728,-0.2818442721,-0.1921568627,0.1921568627,0.1921568627
sleep__sleep_hypnogram_5min__class_1_ratio__subject_median,sleep,sleep_hypnogram_5min,parsed_intraday,subject_median,candidate,0,CN,85,85,0,0.1867732558,0.147826087,0.2338961587,0.08607007176,0.1867732558,0,0,0,0,0.4692810458
sleep__sleep_hypnogram_5min__class_1_ratio__subject_median,sleep,sleep_hypnogram_5min,parsed_intraday,subject_median,candidate,1,MCI,47,47,0,0.1666666667,0.107037277,0.2113423763,0.1043050993,0.1867732558,-0.02010658915,-0.2836526621,-0.1619524406,0.1619524406,0.4692810458
sleep__sleep_hypnogram_5min__class_1_ratio__subject_median,sleep,sleep_hypnogram_5min,parsed_intraday,subject_median,candidate,2,DEM,9,9,0,0.100591716,0.08021875183,0.1466666667,0.06644791484,0.1867732558,-0.08618153984,-1.512064526,-0.4692810458,0.4692810458,0.4692810458
sleep__sleep_hypnogram_5min__class_1_ratio__subject_missing_fraction,sleep,sleep_hypnogram_5min,parsed_intraday,subject_missing_fraction,negative_control,0,CN,85,85,0,0,0,0,0,0,0,,0,0,0
sleep__sleep_hypnogram_5min__class_1_ratio__subject_missing_fraction,sleep,sleep_hypnogram_5min,parsed_intraday,subject_missing_fraction,negative_control,1,MCI,47,47,0,0,0,0,0,0,0,,0,0,0
sleep__sleep_hypnogram_5min__class_1_ratio__subject_missing_fraction,sleep,sleep_hypnogram_5min,parsed_intraday,subject_missing_fraction,negative_control,2,DEM,9,9,0,0,0,0,0,0,0,,0,0,0
sleep__sleep_hypnogram_5min__class_2_ratio__subject_day_iqr,sleep,sleep_hypnogram_5min,parsed_intraday,subject_day_iqr,candidate,0,CN,85,85,0,0.09990998944,0.08222453281,0.1070396316,0.02481509884,0.09990998944,0,0,0,0,0.1714643304
sleep__sleep_hypnogram_5min__class_2_ratio__subject_day_iqr,sleep,sleep_hypnogram_5min,parsed_intraday,subject_day_iqr,candidate,1,MCI,47,47,0,0.1010408218,0.08941010254,0.1176267285,0.02821662594,0.09990998944,0.001130832403,0.05741335176,0.1714643304,0.1714643304,0.1714643304
sleep__sleep_hypnogram_5min__class_2_ratio__subject_day_iqr,sleep,sleep_hypnogram_5min,parsed_intraday,subject_day_iqr,candidate,2,DEM,9,9,0,0.09481851986,0.08817217481,0.1162673392,0.02809516441,0.09990998944,-0.005091469579,-0.2591267514,0.1032679739,0.1032679739,0.1714643304
sleep__sleep_hypnogram_5min__class_2_ratio__subject_median,sleep,sleep_hypnogram_5min,parsed_intraday,subject_median,candidate,0,CN,85,85,0,0.5056179775,0.4671532847,0.5545505936,0.08739730888,0.5056179775,0,0,0,0,0.460130719
sleep__sleep_hypnogram_5min__class_2_ratio__subject_median,sleep,sleep_hypnogram_5min,parsed_intraday,subject_median,candidate,1,MCI,47,47,0,0.5196744425,0.4854314003,0.5566688557,0.0712374554,0.5056179775,0.01405646492,0.2378361866,0.07434292866,0.07434292866,0.460130719
sleep__sleep_hypnogram_5min__class_2_ratio__subject_median,sleep,sleep_hypnogram_5min,parsed_intraday,subject_median,candidate,2,DEM,9,9,0,0.5463435374,0.5267857143,0.5957446809,0.06895896657,0.5056179775,0.04072555989,0.6979025275,0.460130719,0.460130719,0.460130719
sleep__sleep_hypnogram_5min__class_2_ratio__subject_missing_fraction,sleep,sleep_hypnogram_5min,parsed_intraday,subject_missing_fraction,negative_control,0,CN,85,85,0,0,0,0,0,0,0,,0,0,0
sleep__sleep_hypnogram_5min__class_2_ratio__subject_missing_fraction,sleep,sleep_hypnogram_5min,parsed_intraday,subject_missing_fraction,negative_control,1,MCI,47,47,0,0,0,0,0,0,0,,0,0,0
sleep__sleep_hypnogram_5min__class_2_ratio__subject_missing_fraction,sleep,sleep_hypnogram_5min,parsed_intraday,subject_missing_fraction,negative_control,2,DEM,9,9,0,0,0,0,0,0,0,,0,0,0
sleep__sleep_hypnogram_5min__class_3_ratio__subject_day_iqr,sleep,sleep_hypnogram_5min,parsed_intraday,subject_day_iqr,candidate,0,CN,85,85,0,0.05862884161,0.05030107471,0.06957439896,0.01927332425,0.05862884161,0,0,0,0,0.05882352941
sleep__sleep_hypnogram_5min__class_3_ratio__subject_day_iqr,sleep,sleep_hypnogram_5min,parsed_intraday,subject_day_iqr,candidate,1,MCI,47,47,0,0.05771779355,0.05076751239,0.06700636814,0.01623885575,0.05862884161,-0.0009110480596,-0.06896459094,-0.01226533166,0.01226533166,0.05882352941
sleep__sleep_hypnogram_5min__class_3_ratio__subject_day_iqr,sleep,sleep_hypnogram_5min,parsed_intraday,subject_day_iqr,candidate,2,DEM,9,9,0,0.05862087352,0.05321614884,0.06967172704,0.01645557819,0.05862884161,-7.968087609e-06,-0.0005998324799,0.05882352941,0.05882352941,0.05882352941
sleep__sleep_hypnogram_5min__class_3_ratio__subject_median,sleep,sleep_hypnogram_5min,parsed_intraday,subject_median,candidate,0,CN,85,85,0,0.126984127,0.08641975309,0.1629998616,0.07658010854,0.126984127,0,0,0,0,0.07359198999
sleep__sleep_hypnogram_5min__class_3_ratio__subject_median,sleep,sleep_hypnogram_5min,parsed_intraday,subject_median,candidate,1,MCI,47,47,0,0.12,0.08145093871,0.1470138744,0.06556293574,0.126984127,-0.006984126984,-0.1321684706,-0.07359198999,0.07359198999,0.07359198999
sleep__sleep_hypnogram_5min__class_3_ratio__subject_median,sleep,sleep_hypnogram_5min,parsed_intraday,subject_median,candidate,2,DEM,9,9,0,0.1504424779,0.07259953162,0.1639344262,0.09133489461,0.126984127,0.02345835089,0.3754738677,-0.04836601307,0.04836601307,0.07359198999
sleep__sleep_hypnogram_5min__class_3_ratio__subject_missing_fraction,sleep,sleep_hypnogram_5min,parsed_intraday,subject_missing_fraction,negative_control,0,CN,85,85,0,0,0,0,0,0,0,,0,0,0
sleep__sleep_hypnogram_5min__class_3_ratio__subject_missing_fraction,sleep,sleep_hypnogram_5min,parsed_intraday,subject_missing_fraction,negative_control,1,MCI,47,47,0,0,0,0,0,0,0,,0,0,0
sleep__sleep_hypnogram_5min__class_3_ratio__subject_missing_fraction,sleep,sleep_hypnogram_5min,parsed_intraday,subject_missing_fraction,negative_control,2,DEM,9,9,0,0,0,0,0,0,0,,0,0,0
sleep__sleep_hypnogram_5min__class_4_ratio__subject_day_iqr,sleep,sleep_hypnogram_5min,parsed_intraday,subject_day_iqr,candidate,0,CN,85,85,0,0.08614703065,0.07195767196,0.1007321275,0.02877445552,0.08614703065,0,0,0,0,0.3803921569
sleep__sleep_hypnogram_5min__class_4_ratio__subject_day_iqr,sleep,sleep_hypnogram_5min,parsed_intraday,subject_day_iqr,candidate,1,MCI,47,47,0,0.09168466698,0.07105136126,0.1048004079,0.03374904667,0.08614703065,0.00553763633,0.238206053,0.06733416771,0.06733416771,0.3803921569
sleep__sleep_hypnogram_5min__class_4_ratio__subject_day_iqr,sleep,sleep_hypnogram_5min,parsed_intraday,subject_day_iqr,candidate,2,DEM,9,9,0,0.1111111111,0.08944854067,0.1165001611,0.02705162046,0.08614703065,0.02496408046,1.205906697,0.3803921569,0.3803921569,0.3803921569
sleep__sleep_hypnogram_5min__class_4_ratio__subject_median,sleep,sleep_hypnogram_5min,parsed_intraday,subject_median,candidate,0,CN,85,85,0,0.1481481481,0.1171171171,0.1834862385,0.06636912141,0.1481481481,0,0,0,0,0.2130718954
sleep__sleep_hypnogram_5min__class_4_ratio__subject_median,sleep,sleep_hypnogram_5min,parsed_intraday,subject_median,candidate,1,MCI,47,47,0,0.1470588235,0.1271259326,0.2035849883,0.07645905574,0.1481481481,-0.001089324619,-0.02052600264,0.1434292866,0.1434292866,0.2130718954
sleep__sleep_hypnogram_5min__class_4_ratio__subject_median,sleep,sleep_hypnogram_5min,parsed_intraday,subject_median,candidate,2,DEM,9,9,0,0.1896551724,0.09677419355,0.2349939976,0.1382198041,0.1481481481,0.04150702427,0.5164474791,0.2130718954,0.2130718954,0.2130718954
sleep__sleep_hypnogram_5min__class_4_ratio__subject_missing_fraction,sleep,sleep_hypnogram_5min,parsed_intraday,subject_missing_fraction,negative_control,0,CN,85,85,0,0,0,0,0,0,0,,0,0,0
sleep__sleep_hypnogram_5min__class_4_ratio__subject_missing_fraction,sleep,sleep_hypnogram_5min,parsed_intraday,subject_missing_fraction,negative_control,1,MCI,47,47,0,0,0,0,0,0,0,,0,0,0
sleep__sleep_hypnogram_5min__class_4_ratio__subject_missing_fraction,sleep,sleep_hypnogram_5min,parsed_intraday,subject_missing_fraction,negative_control,2,DEM,9,9,0,0,0,0,0,0,0,,0,0,0
sleep__sleep_hypnogram_5min__deep_bout_count__subject_day_iqr,sleep,sleep_hypnogram_5min,parsed_intraday,subject_day_iqr,candidate,0,CN,85,85,0,3,2,3,1,3,0,0,0,0,0.07083854819
sleep__sleep_hypnogram_5min__deep_bout_count__subject_day_iqr,sleep,sleep_hypnogram_5min,parsed_intraday,subject_day_iqr,candidate,1,MCI,47,47,0,3,2,3,1,3,0,0,-0.07083854819,0.07083854819,0.07083854819
sleep__sleep_hypnogram_5min__deep_bout_count__subject_day_iqr,sleep,sleep_hypnogram_5min,parsed_intraday,subject_day_iqr,candidate,2,DEM,9,9,0,2.75,2.5,3,0.5,3,-0.25,-0.4265912564,0.04444444444,0.04444444444,0.07083854819
sleep__sleep_hypnogram_5min__deep_bout_count__subject_median,sleep,sleep_hypnogram_5min,parsed_intraday,subject_median,candidate,0,CN,85,85,0,6,5,7,2,6,0,0,0,0,0.2980392157
sleep__sleep_hypnogram_5min__deep_bout_count__subject_median,sleep,sleep_hypnogram_5min,parsed_intraday,subject_median,candidate,1,MCI,47,47,0,5,4,6,2,6,-1,-0.6745,-0.2270337922,0.2270337922,0.2980392157
sleep__sleep_hypnogram_5min__deep_bout_count__subject_median,sleep,sleep_hypnogram_5min,parsed_intraday,subject_median,candidate,2,DEM,9,9,0,4,3,7,4,6,-2,-0.8531825127,-0.2980392157,0.2980392157,0.2980392157
sleep__sleep_hypnogram_5min__deep_bout_count__subject_missing_fraction,sleep,sleep_hypnogram_5min,parsed_intraday,subject_missing_fraction,negative_control,0,CN,85,85,0,0,0,0,0,0,0,,0,0,0
sleep__sleep_hypnogram_5min__deep_bout_count__subject_missing_fraction,sleep,sleep_hypnogram_5min,parsed_intraday,subject_missing_fraction,negative_control,1,MCI,47,47,0,0,0,0,0,0,0,,0,0,0
sleep__sleep_hypnogram_5min__deep_bout_count__subject_missing_fraction,sleep,sleep_hypnogram_5min,parsed_intraday,subject_missing_fraction,negative_control,2,DEM,9,9,0,0,0,0,0,0,0,,0,0,0
sleep__sleep_hypnogram_5min__entropy__subject_day_iqr,sleep,sleep_hypnogram_5min,parsed_intraday,subject_day_iqr,candidate,0,CN,85,85,0,0.1146493747,0.102654132,0.136001975,0.03334784296,0.1146493747,0,0,0,0,0.4535947712
sleep__sleep_hypnogram_5min__entropy__subject_day_iqr,sleep,sleep_hypnogram_5min,parsed_intraday,subject_day_iqr,candidate,1,MCI,47,47,0,0.1295657244,0.1058749799,0.1471493044,0.04127432444,0.1146493747,0.01491634967,0.5362907242,0.2145181477,0.2145181477,0.4535947712
sleep__sleep_hypnogram_5min__entropy__subject_day_iqr,sleep,sleep_hypnogram_5min,parsed_intraday,subject_day_iqr,candidate,2,DEM,9,9,0,0.156241265,0.1211684116,0.1835725492,0.06240413763,0.1146493747,0.04159189032,1.121436751,0.4535947712,0.4535947712,0.4535947712
sleep__sleep_hypnogram_5min__entropy__subject_median,sleep,sleep_hypnogram_5min,parsed_intraday,subject_median,candidate,0,CN,85,85,0,1.155898932,1.097494266,1.195729574,0.09823530859,1.155898932,0,0,0,0,0.3960784314
sleep__sleep_hypnogram_5min__entropy__subject_median,sleep,sleep_hypnogram_5min,parsed_intraday,subject_median,candidate,1,MCI,47,47,0,1.143990995,1.11415117,1.184451261,0.07030009158,1.155898932,-0.01190793761,-0.1880623852,-0.04430538173,0.04430538173,0.3960784314
sleep__sleep_hypnogram_5min__entropy__subject_median,sleep,sleep_hypnogram_5min,parsed_intraday,subject_median,candidate,2,DEM,9,9,0,1.05923645,0.9559389078,1.164407361,0.2084684534,1.155898932,-0.09666248258,-0.8002021585,-0.3960784314,0.3960784314,0.3960784314
sleep__sleep_hypnogram_5min__entropy__subject_missing_fraction,sleep,sleep_hypnogram_5min,parsed_intraday,subject_missing_fraction,negative_control,0,CN,85,85,0,0,0,0,0,0,0,,0,0,0
sleep__sleep_hypnogram_5min__entropy__subject_missing_fraction,sleep,sleep_hypnogram_5min,parsed_intraday,subject_missing_fraction,negative_control,1,MCI,47,47,0,0,0,0,0,0,0,,0,0,0
sleep__sleep_hypnogram_5min__entropy__subject_missing_fraction,sleep,sleep_hypnogram_5min,parsed_intraday,subject_missing_fraction,negative_control,2,DEM,9,9,0,0,0,0,0,0,0,,0,0,0
sleep__sleep_hypnogram_5min__longest_awake_run__subject_day_iqr,sleep,sleep_hypnogram_5min,parsed_intraday,subject_day_iqr,candidate,0,CN,85,85,0,3,2,4.25,2.25,3,0,0,0,0,0.477124183
sleep__sleep_hypnogram_5min__longest_awake_run__subject_day_iqr,sleep,sleep_hypnogram_5min,parsed_intraday,subject_day_iqr,candidate,1,MCI,47,47,0,3.75,3,4.75,1.75,3,0.75,0.5019685709,0.1707133917,0.1707133917,0.477124183
sleep__sleep_hypnogram_5min__longest_awake_run__subject_day_iqr,sleep,sleep_hypnogram_5min,parsed_intraday,subject_day_iqr,candidate,2,DEM,9,9,0,5,4,6,2,3,2,1.267456122,0.477124183,0.477124183,0.477124183
sleep__sleep_hypnogram_5min__longest_awake_run__subject_median,sleep,sleep_hypnogram_5min,parsed_intraday,subject_median,candidate,0,CN,85,85,0,4,3,5,2,4,0,0,0,0,0.3516339869
sleep__sleep_hypnogram_5min__longest_awake_run__subject_median,sleep,sleep_hypnogram_5min,parsed_intraday,subject_median,candidate,1,MCI,47,47,0,4,4,5,1,4,0,0,0.1063829787,0.1063829787,0.3516339869
sleep__sleep_hypnogram_5min__longest_awake_run__subject_median,sleep,sleep_hypnogram_5min,parsed_intraday,subject_median,candidate,2,DEM,9,9,0,5,4,6.5,2.5,4,1,0.5958885147,0.3516339869,0.3516339869,0.3516339869
sleep__sleep_hypnogram_5min__longest_awake_run__subject_missing_fraction,sleep,sleep_hypnogram_5min,parsed_intraday,subject_missing_fraction,negative_control,0,CN,85,85,0,0,0,0,0,0,0,,0,0,0
sleep__sleep_hypnogram_5min__longest_awake_run__subject_missing_fraction,sleep,sleep_hypnogram_5min,parsed_intraday,subject_missing_fraction,negative_control,1,MCI,47,47,0,0,0,0,0,0,0,,0,0,0
sleep__sleep_hypnogram_5min__longest_awake_run__subject_missing_fraction,sleep,sleep_hypnogram_5min,parsed_intraday,subject_missing_fraction,negative_control,2,DEM,9,9,0,0,0,0,0,0,0,,0,0,0
sleep__sleep_hypnogram_5min__longest_deep_run__subject_day_iqr,sleep,sleep_hypnogram_5min,parsed_intraday,subject_day_iqr,candidate,0,CN,85,85,0,3,3,4,1,3,0,0,0,0,0.05490196078
sleep__sleep_hypnogram_5min__longest_deep_run__subject_day_iqr,sleep,sleep_hypnogram_5min,parsed_intraday,subject_day_iqr,candidate,1,MCI,47,47,0,3,2.375,4,1.625,3,0,0,0.01001251564,0.01001251564,0.05490196078
sleep__sleep_hypnogram_5min__longest_deep_run__subject_day_iqr,sleep,sleep_hypnogram_5min,parsed_intraday,subject_day_iqr,candidate,2,DEM,9,9,0,3,2,3.5,1.5,3,0,0,-0.05490196078,0.05490196078,0.05490196078
sleep__sleep_hypnogram_5min__longest_deep_run__subject_median,sleep,sleep_hypnogram_5min,parsed_intraday,subject_median,candidate,0,CN,85,85,0,6,5,7,2,6,0,0,0,0,0.3607843137
sleep__sleep_hypnogram_5min__longest_deep_run__subject_median,sleep,sleep_hypnogram_5min,parsed_intraday,subject_median,candidate,1,MCI,47,47,0,6,4,7,3,6,0,0,-0.08560700876,0.08560700876,0.3607843137
sleep__sleep_hypnogram_5min__longest_deep_run__subject_median,sleep,sleep_hypnogram_5min,parsed_intraday,subject_median,candidate,2,DEM,9,9,0,4,4,6,2,6,-2,-1.349,-0.3607843137,0.3607843137,0.3607843137
sleep__sleep_hypnogram_5min__longest_deep_run__subject_missing_fraction,sleep,sleep_hypnogram_5min,parsed_intraday,subject_missing_fraction,negative_control,0,CN,85,85,0,0,0,0,0,0,0,,0,0,0
sleep__sleep_hypnogram_5min__longest_deep_run__subject_missing_fraction,sleep,sleep_hypnogram_5min,parsed_intraday,subject_missing_fraction,negative_control,1,MCI,47,47,0,0,0,0,0,0,0,,0,0,0
sleep__sleep_hypnogram_5min__longest_deep_run__subject_missing_fraction,sleep,sleep_hypnogram_5min,parsed_intraday,subject_missing_fraction,negative_control,2,DEM,9,9,0,0,0,0,0,0,0,,0,0,0
sleep__sleep_hypnogram_5min__longest_rem_run__subject_day_iqr,sleep,sleep_hypnogram_5min,parsed_intraday,subject_day_iqr,candidate,0,CN,85,85,0,2.5,2,3,1,2.5,0,0,0,0,0.2287581699
sleep__sleep_hypnogram_5min__longest_rem_run__subject_day_iqr,sleep,sleep_hypnogram_5min,parsed_intraday,subject_day_iqr,candidate,1,MCI,47,47,0,3,2,3,1,2.5,0.5,0.6745,0.06633291615,0.06633291615,0.2287581699
sleep__sleep_hypnogram_5min__longest_rem_run__subject_day_iqr,sleep,sleep_hypnogram_5min,parsed_intraday,subject_day_iqr,candidate,2,DEM,9,9,0,3,2,3,1,2.5,0.5,0.6745,0.2287581699,0.2287581699,0.2287581699
sleep__sleep_hypnogram_5min__longest_rem_run__subject_median,sleep,sleep_hypnogram_5min,parsed_intraday,subject_median,candidate,0,CN,85,85,0,4,3,5,2,4,0,0,0,0,0.06535947712
sleep__sleep_hypnogram_5min__longest_rem_run__subject_median,sleep,sleep_hypnogram_5min,parsed_intraday,subject_median,candidate,1,MCI,47,47,0,4,3.5,5,1.5,4,0,0,-0.03579474343,0.03579474343,0.06535947712
sleep__sleep_hypnogram_5min__longest_rem_run__subject_median,sleep,sleep_hypnogram_5min,parsed_intraday,subject_median,candidate,2,DEM,9,9,0,5,3,6,3,4,1,0.5291213326,0.06535947712,0.06535947712,0.06535947712
sleep__sleep_hypnogram_5min__longest_rem_run__subject_missing_fraction,sleep,sleep_hypnogram_5min,parsed_intraday,subject_missing_fraction,negative_control,0,CN,85,85,0,0,0,0,0,0,0,,0,0,0
sleep__sleep_hypnogram_5min__longest_rem_run__subject_missing_fraction,sleep,sleep_hypnogram_5min,parsed_intraday,subject_missing_fraction,negative_control,1,MCI,47,47,0,0,0,0,0,0,0,,0,0,0
sleep__sleep_hypnogram_5min__longest_rem_run__subject_missing_fraction,sleep,sleep_hypnogram_5min,parsed_intraday,subject_missing_fraction,negative_control,2,DEM,9,9,0,0,0,0,0,0,0,,0,0,0
sleep__sleep_hypnogram_5min__rem_bout_count__subject_day_iqr,sleep,sleep_hypnogram_5min,parsed_intraday,subject_day_iqr,candidate,0,CN,85,85,0,3,2,3,1,3,0,0,0,0,0.4784313725
sleep__sleep_hypnogram_5min__rem_bout_count__subject_day_iqr,sleep,sleep_hypnogram_5min,parsed_intraday,subject_day_iqr,candidate,1,MCI,47,47,0,3,2.125,3,0.875,3,0,0,0.119649562,0.119649562,0.4784313725
sleep__sleep_hypnogram_5min__rem_bout_count__subject_day_iqr,sleep,sleep_hypnogram_5min,parsed_intraday,subject_day_iqr,candidate,2,DEM,9,9,0,3,3,4,1,3,0,0,0.4784313725,0.4784313725,0.4784313725
sleep__sleep_hypnogram_5min__rem_bout_count__subject_median,sleep,sleep_hypnogram_5min,parsed_intraday,subject_median,candidate,0,CN,85,85,0,5,3.5,6,2.5,5,0,0,0,0,0.1960784314
sleep__sleep_hypnogram_5min__rem_bout_count__subject_median,sleep,sleep_hypnogram_5min,parsed_intraday,subject_median,candidate,1,MCI,47,47,0,4,4,6,2,5,-1,-0.5958885147,-0.01351689612,0.01351689612,0.1960784314
sleep__sleep_hypnogram_5min__rem_bout_count__subject_median,sleep,sleep_hypnogram_5min,parsed_intraday,subject_median,candidate,2,DEM,9,9,0,6,3,7,4,5,1,0.4044472994,0.1960784314,0.1960784314,0.1960784314
sleep__sleep_hypnogram_5min__rem_bout_count__subject_missing_fraction,sleep,sleep_hypnogram_5min,parsed_intraday,subject_missing_fraction,negative_control,0,CN,85,85,0,0,0,0,0,0,0,,0,0,0
sleep__sleep_hypnogram_5min__rem_bout_count__subject_missing_fraction,sleep,sleep_hypnogram_5min,parsed_intraday,subject_missing_fraction,negative_control,1,MCI,47,47,0,0,0,0,0,0,0,,0,0,0
sleep__sleep_hypnogram_5min__rem_bout_count__subject_missing_fraction,sleep,sleep_hypnogram_5min,parsed_intraday,subject_missing_fraction,negative_control,2,DEM,9,9,0,0,0,0,0,0,0,,0,0,0
sleep__sleep_hypnogram_5min__transition_rate__subject_day_iqr,sleep,sleep_hypnogram_5min,parsed_intraday,subject_day_iqr,candidate,0,CN,85,85,0,0.06678940034,0.05795249752,0.07363939165,0.01568689414,0.06678940034,0,0,0,0,0.1634543179
sleep__sleep_hypnogram_5min__transition_rate__subject_day_iqr,sleep,sleep_hypnogram_5min,parsed_intraday,subject_day_iqr,candidate,1,MCI,47,47,0,0.06235012368,0.05674149023,0.07240760289,0.01566611267,0.06678940034,-0.004439276661,-0.3820101171,-0.1634543179,0.1634543179,0.1634543179
sleep__sleep_hypnogram_5min__transition_rate__subject_day_iqr,sleep,sleep_hypnogram_5min,parsed_intraday,subject_day_iqr,candidate,2,DEM,9,9,0,0.06696428571,0.06638146734,0.06854237806,0.002160910718,0.06678940034,0.0001748853733,0.0210698546,0.1163398693,0.1163398693,0.1634543179
sleep__sleep_hypnogram_5min__transition_rate__subject_median,sleep,sleep_hypnogram_5min,parsed_intraday,subject_median,candidate,0,CN,85,85,0,0.3027502541,0.28,0.3225806452,0.04258064516,0.3027502541,0,0,0,0,0.4928104575
sleep__sleep_hypnogram_5min__transition_rate__subject_median,sleep,sleep_hypnogram_5min,parsed_intraday,subject_median,candidate,1,MCI,47,47,0,0.2903225806,0.2762378693,0.3202599955,0.04402212619,0.3027502541,-0.01242767342,-0.3871148538,-0.09612015019,0.09612015019,0.4928104575
sleep__sleep_hypnogram_5min__transition_rate__subject_median,sleep,sleep_hypnogram_5min,parsed_intraday,subject_median,candidate,2,DEM,9,9,0,0.2621597501,0.252968379,0.3009708738,0.04800249483,0.3027502541,-0.04059050395,-1.206819872,-0.4928104575,0.4928104575,0.4928104575
sleep__sleep_hypnogram_5min__transition_rate__subject_missing_fraction,sleep,sleep_hypnogram_5min,parsed_intraday,subject_missing_fraction,negative_control,0,CN,85,85,0,0,0,0,0,0,0,,0,0,0
sleep__sleep_hypnogram_5min__transition_rate__subject_missing_fraction,sleep,sleep_hypnogram_5min,parsed_intraday,subject_missing_fraction,negative_control,1,MCI,47,47,0,0,0,0,0,0,0,,0,0,0
sleep__sleep_hypnogram_5min__transition_rate__subject_missing_fraction,sleep,sleep_hypnogram_5min,parsed_intraday,subject_missing_fraction,negative_control,2,DEM,9,9,0,0,0,0,0,0,0,,0,0,0
sleep__sleep_hypnogram_5min__unknown_ratio__subject_day_iqr,sleep,sleep_hypnogram_5min,parsed_intraday,subject_day_iqr,negative_control,0,CN,85,85,0,0,0,0,0,0,0,,0,0,0
sleep__sleep_hypnogram_5min__unknown_ratio__subject_day_iqr,sleep,sleep_hypnogram_5min,parsed_intraday,subject_day_iqr,negative_control,1,MCI,47,47,0,0,0,0,0,0,0,,0,0,0
sleep__sleep_hypnogram_5min__unknown_ratio__subject_day_iqr,sleep,sleep_hypnogram_5min,parsed_intraday,subject_day_iqr,negative_control,2,DEM,9,9,0,0,0,0,0,0,0,,0,0,0
sleep__sleep_hypnogram_5min__unknown_ratio__subject_median,sleep,sleep_hypnogram_5min,parsed_intraday,subject_median,negative_control,0,CN,85,85,0,0,0,0,0,0,0,,0,0,0
sleep__sleep_hypnogram_5min__unknown_ratio__subject_median,sleep,sleep_hypnogram_5min,parsed_intraday,subject_median,negative_control,1,MCI,47,47,0,0,0,0,0,0,0,,0,0,0
sleep__sleep_hypnogram_5min__unknown_ratio__subject_median,sleep,sleep_hypnogram_5min,parsed_intraday,subject_median,negative_control,2,DEM,9,9,0,0,0,0,0,0,0,,0,0,0
sleep__sleep_hypnogram_5min__unknown_ratio__subject_missing_fraction,sleep,sleep_hypnogram_5min,parsed_intraday,subject_missing_fraction,negative_control,0,CN,85,85,0,0,0,0,0,0,0,,0,0,0
sleep__sleep_hypnogram_5min__unknown_ratio__subject_missing_fraction,sleep,sleep_hypnogram_5min,parsed_intraday,subject_missing_fraction,negative_control,1,MCI,47,47,0,0,0,0,0,0,0,,0,0,0
sleep__sleep_hypnogram_5min__unknown_ratio__subject_missing_fraction,sleep,sleep_hypnogram_5min,parsed_intraday,subject_missing_fraction,negative_control,2,DEM,9,9,0,0,0,0,0,0,0,,0,0,0
sleep__sleep_hypnogram_5min__valid_count__subject_day_iqr,sleep,sleep_hypnogram_5min,parsed_intraday,subject_day_iqr,negative_control,0,CN,85,85,0,22,17.75,29,11.25,22,0,0,0,0,0.3594771242
sleep__sleep_hypnogram_5min__valid_count__subject_day_iqr,sleep,sleep_hypnogram_5min,parsed_intraday,subject_day_iqr,negative_control,1,MCI,47,47,0,24,19.375,30.5,11.125,22,2,0.2411582479,0.1056320401,0.1056320401,0.3594771242
sleep__sleep_hypnogram_5min__valid_count__subject_day_iqr,sleep,sleep_hypnogram_5min,parsed_intraday,subject_day_iqr,negative_control,2,DEM,9,9,0,26,24,38,14,22,4,0.4248934152,0.3594771242,0.3594771242,0.3594771242
sleep__sleep_hypnogram_5min__valid_count__subject_median,sleep,sleep_hypnogram_5min,parsed_intraday,subject_median,negative_control,0,CN,85,85,0,95,86,103,17,95,0,0,0,0,0.4562091503
sleep__sleep_hypnogram_5min__valid_count__subject_median,sleep,sleep_hypnogram_5min,parsed_intraday,subject_median,negative_control,1,MCI,47,47,0,97,89,103.5,14.5,95,2,0.1707646241,0.08235294118,0.08235294118,0.4562091503
sleep__sleep_hypnogram_5min__valid_count__subject_median,sleep,sleep_hypnogram_5min,parsed_intraday,subject_median,negative_control,2,DEM,9,9,0,122,91,123,32,95,27,1.421537591,0.4562091503,0.4562091503,0.4562091503
sleep__sleep_hypnogram_5min__valid_count__subject_missing_fraction,sleep,sleep_hypnogram_5min,parsed_intraday,subject_missing_fraction,negative_control,0,CN,85,85,0,0,0,0,0,0,0,,0,0,0
sleep__sleep_hypnogram_5min__valid_count__subject_missing_fraction,sleep,sleep_hypnogram_5min,parsed_intraday,subject_missing_fraction,negative_control,1,MCI,47,47,0,0,0,0,0,0,0,,0,0,0
sleep__sleep_hypnogram_5min__valid_count__subject_missing_fraction,sleep,sleep_hypnogram_5min,parsed_intraday,subject_missing_fraction,negative_control,2,DEM,9,9,0,0,0,0,0,0,0,,0,0,0
sleep__sleep_hypnogram_5min__valid_ratio__subject_day_iqr,sleep,sleep_hypnogram_5min,parsed_intraday,subject_day_iqr,negative_control,0,CN,85,0,1,,,,,,,,,,
sleep__sleep_hypnogram_5min__valid_ratio__subject_day_iqr,sleep,sleep_hypnogram_5min,parsed_intraday,subject_day_iqr,negative_control,1,MCI,47,0,1,,,,,,,,,,
sleep__sleep_hypnogram_5min__valid_ratio__subject_day_iqr,sleep,sleep_hypnogram_5min,parsed_intraday,subject_day_iqr,negative_control,2,DEM,9,0,1,,,,,,,,,,
sleep__sleep_hypnogram_5min__valid_ratio__subject_median,sleep,sleep_hypnogram_5min,parsed_intraday,subject_median,negative_control,0,CN,85,0,1,,,,,,,,,,
sleep__sleep_hypnogram_5min__valid_ratio__subject_median,sleep,sleep_hypnogram_5min,parsed_intraday,subject_median,negative_control,1,MCI,47,0,1,,,,,,,,,,
sleep__sleep_hypnogram_5min__valid_ratio__subject_median,sleep,sleep_hypnogram_5min,parsed_intraday,subject_median,negative_control,2,DEM,9,0,1,,,,,,,,,,
sleep__sleep_hypnogram_5min__valid_ratio__subject_missing_fraction,sleep,sleep_hypnogram_5min,parsed_intraday,subject_missing_fraction,negative_control,0,CN,85,85,0,1,1,1,0,1,0,,0,0,0
sleep__sleep_hypnogram_5min__valid_ratio__subject_missing_fraction,sleep,sleep_hypnogram_5min,parsed_intraday,subject_missing_fraction,negative_control,1,MCI,47,47,0,1,1,1,0,1,0,,0,0,0
sleep__sleep_hypnogram_5min__valid_ratio__subject_missing_fraction,sleep,sleep_hypnogram_5min,parsed_intraday,subject_missing_fraction,negative_control,2,DEM,9,9,0,1,1,1,0,1,0,,0,0,0
sleep__sleep_light__subject_day_iqr,sleep,daily_scalar,scalar,subject_day_iqr,candidate,0,CN,85,85,0,4320,3600,5160,1560,4320,0,0,0,0,0.3359477124
sleep__sleep_light__subject_day_iqr,sleep,daily_scalar,scalar,subject_day_iqr,candidate,1,MCI,47,47,0,4357.5,3765,4758.75,993.75,4320,37.5,0.0386787875,0.02778473091,0.02778473091,0.3359477124
sleep__sleep_light__subject_day_iqr,sleep,daily_scalar,scalar,subject_day_iqr,candidate,2,DEM,9,9,0,4605,4305,6165,1860,4320,285,0.2239732838,0.3359477124,0.3359477124,0.3359477124
sleep__sleep_light__subject_median,sleep,daily_scalar,scalar,subject_median,candidate,0,CN,85,85,0,14400,12195,15810,3615,14400,0,0,0,0,0.5843137255
sleep__sleep_light__subject_median,sleep,daily_scalar,scalar,subject_median,candidate,1,MCI,47,47,0,14745,13117.5,16545,3427.5,14400,345,0.132123575,0.09186483104,0.09186483104,0.5843137255
sleep__sleep_light__subject_median,sleep,daily_scalar,scalar,subject_median,candidate,2,DEM,9,9,0,19500,14100,20685,6585,14400,5100,1.295210531,0.5843137255,0.5843137255,0.5843137255
sleep__sleep_light__subject_missing_fraction,sleep,daily_scalar,scalar,subject_missing_fraction,negative_control,0,CN,85,85,0,0,0,0,0,0,0,,0,0,0
sleep__sleep_light__subject_missing_fraction,sleep,daily_scalar,scalar,subject_missing_fraction,negative_control,1,MCI,47,47,0,0,0,0,0,0,0,,0,0,0
sleep__sleep_light__subject_missing_fraction,sleep,daily_scalar,scalar,subject_missing_fraction,negative_control,2,DEM,9,9,0,0,0,0,0,0,0,,0,0,0
sleep__sleep_midpoint_at_delta__subject_day_iqr,sleep,daily_scalar,scalar,subject_day_iqr,candidate,0,CN,85,85,0,3690.75,2775,5034.5,2259.5,3690.75,0,0,0,0,0.3137254902
sleep__sleep_midpoint_at_delta__subject_day_iqr,sleep,daily_scalar,scalar,subject_day_iqr,candidate,1,MCI,47,47,0,4455,3027.75,5562.125,2534.375,3690.75,764.25,0.4294157161,0.1429286608,0.1429286608,0.3137254902
sleep__sleep_midpoint_at_delta__subject_day_iqr,sleep,daily_scalar,scalar,subject_day_iqr,candidate,2,DEM,9,9,0,4438.5,4109.5,5156,1046.5,3690.75,747.75,0.5728882643,0.3137254902,0.3137254902,0.3137254902
sleep__sleep_midpoint_at_delta__subject_median,sleep,daily_scalar,scalar,subject_median,candidate,0,CN,85,85,0,8270,6290,11332,5042,8270,0,0,0,0,0.2660826033
sleep__sleep_midpoint_at_delta__subject_median,sleep,daily_scalar,scalar,subject_median,candidate,1,MCI,47,47,0,7102,4681.75,8762,4080.25,8270,-1168,-0.3435440894,-0.2660826033,0.2660826033,0.2660826033
sleep__sleep_midpoint_at_delta__subject_median,sleep,daily_scalar,scalar,subject_median,candidate,2,DEM,9,9,0,9628.5,6719,11921,5202,8270,1358.5,0.3577495134,0.1895424837,0.1895424837,0.2660826033
sleep__sleep_midpoint_at_delta__subject_missing_fraction,sleep,daily_scalar,scalar,subject_missing_fraction,negative_control,0,CN,85,85,0,0,0,0,0,0,0,,0,0,0
sleep__sleep_midpoint_at_delta__subject_missing_fraction,sleep,daily_scalar,scalar,subject_missing_fraction,negative_control,1,MCI,47,47,0,0,0,0,0,0,0,,0,0,0
sleep__sleep_midpoint_at_delta__subject_missing_fraction,sleep,daily_scalar,scalar,subject_missing_fraction,negative_control,2,DEM,9,9,0,0,0,0,0,0,0,,0,0,0
sleep__sleep_midpoint_time__subject_day_iqr,sleep,daily_scalar,scalar,subject_day_iqr,candidate,0,CN,85,85,0,3390,2640,4530,1890,3390,0,0,0,0,0.339869281
sleep__sleep_midpoint_time__subject_day_iqr,sleep,daily_scalar,scalar,subject_day_iqr,candidate,1,MCI,47,47,0,3637.5,3011.25,4725,1713.75,3390,247.5,0.1850732757,0.112640801,0.112640801,0.339869281
sleep__sleep_midpoint_time__subject_day_iqr,sleep,daily_scalar,scalar,subject_day_iqr,candidate,2,DEM,9,9,0,3840,3495,6660,3165,3390,450,0.2328844648,0.339869281,0.339869281,0.339869281
sleep__sleep_midpoint_time__subject_median,sleep,daily_scalar,scalar,subject_median,candidate,0,CN,85,85,0,14055,12930,15525,2595,14055,0,0,0,0,0.5045751634
sleep__sleep_midpoint_time__subject_median,sleep,daily_scalar,scalar,subject_median,candidate,1,MCI,47,47,0,14310,13305,15660,2355,14055,255,0.1388248013,0.06933667084,0.06933667084,0.5045751634
sleep__sleep_midpoint_time__subject_median,sleep,daily_scalar,scalar,subject_median,candidate,2,DEM,9,9,0,18180,14550,18780,4230,14055,4125,1.585790481,0.5045751634,0.5045751634,0.5045751634
sleep__sleep_midpoint_time__subject_missing_fraction,sleep,daily_scalar,scalar,subject_missing_fraction,negative_control,0,CN,85,85,0,0,0,0,0,0,0,,0,0,0
sleep__sleep_midpoint_time__subject_missing_fraction,sleep,daily_scalar,scalar,subject_missing_fraction,negative_control,1,MCI,47,47,0,0,0,0,0,0,0,,0,0,0
sleep__sleep_midpoint_time__subject_missing_fraction,sleep,daily_scalar,scalar,subject_missing_fraction,negative_control,2,DEM,9,9,0,0,0,0,0,0,0,,0,0,0
sleep__sleep_onset_latency__subject_day_iqr,sleep,daily_scalar,scalar,subject_day_iqr,candidate,0,CN,85,85,0,540,420,600,180,540,0,0,0,0,0.3934640523
sleep__sleep_onset_latency__subject_day_iqr,sleep,daily_scalar,scalar,subject_day_iqr,candidate,1,MCI,47,47,0,525,390,630,240,540,-15,-0.09538870478,-0.02002503129,0.02002503129,0.3934640523
sleep__sleep_onset_latency__subject_day_iqr,sleep,daily_scalar,scalar,subject_day_iqr,candidate,2,DEM,9,9,0,660,510,720,210,540,120,0.827708616,0.3934640523,0.3934640523,0.3934640523
sleep__sleep_onset_latency__subject_median,sleep,daily_scalar,scalar,subject_median,candidate,0,CN,85,85,0,600,450,750,300,600,0,0,0,0,0.1803921569
sleep__sleep_onset_latency__subject_median,sleep,daily_scalar,scalar,subject_median,candidate,1,MCI,47,47,0,540,420,810,390,600,-60,-0.2326380791,-0.01526908636,0.01526908636,0.1803921569
sleep__sleep_onset_latency__subject_median,sleep,daily_scalar,scalar,subject_median,candidate,2,DEM,9,9,0,720,525,900,375,600,120,0.4767108118,0.1803921569,0.1803921569,0.1803921569
sleep__sleep_onset_latency__subject_missing_fraction,sleep,daily_scalar,scalar,subject_missing_fraction,negative_control,0,CN,85,85,0,0,0,0,0,0,0,,0,0,0
sleep__sleep_onset_latency__subject_missing_fraction,sleep,daily_scalar,scalar,subject_missing_fraction,negative_control,1,MCI,47,47,0,0,0,0,0,0,0,,0,0,0
sleep__sleep_onset_latency__subject_missing_fraction,sleep,daily_scalar,scalar,subject_missing_fraction,negative_control,2,DEM,9,9,0,0,0,0,0,0,0,,0,0,0
sleep__sleep_rem__subject_day_iqr,sleep,daily_scalar,scalar,subject_day_iqr,candidate,0,CN,85,85,0,1957.5,1575,2317.5,742.5,1957.5,0,0,0,0,0.2797385621
sleep__sleep_rem__subject_day_iqr,sleep,daily_scalar,scalar,subject_day_iqr,candidate,1,MCI,47,47,0,1987.5,1627.5,2265,637.5,1957.5,30,0.05848313221,0.0140175219,0.0140175219,0.2797385621
sleep__sleep_rem__subject_day_iqr,sleep,daily_scalar,scalar,subject_day_iqr,candidate,2,DEM,9,9,0,2205,2100,2520,420,1957.5,247.5,0.5535082499,0.2797385621,0.2797385621,0.2797385621
sleep__sleep_rem__subject_median,sleep,daily_scalar,scalar,subject_median,candidate,0,CN,85,85,0,3360,2130,4500,2370,3360,0,0,0,0,0.1189542484
sleep__sleep_rem__subject_median,sleep,daily_scalar,scalar,subject_median,candidate,1,MCI,47,47,0,3240,2325,4005,1680,3360,-120,-0.0788052191,-0.04906132666,0.04906132666,0.1189542484
sleep__sleep_rem__subject_median,sleep,daily_scalar,scalar,subject_median,candidate,2,DEM,9,9,0,4410,1650,5340,3690,3360,1050,0.4567649079,0.1189542484,0.1189542484,0.1189542484
sleep__sleep_rem__subject_missing_fraction,sleep,daily_scalar,scalar,subject_missing_fraction,negative_control,0,CN,85,85,0,0,0,0,0,0,0,,0,0,0
sleep__sleep_rem__subject_missing_fraction,sleep,daily_scalar,scalar,subject_missing_fraction,negative_control,1,MCI,47,47,0,0,0,0,0,0,0,,0,0,0
sleep__sleep_rem__subject_missing_fraction,sleep,daily_scalar,scalar,subject_missing_fraction,negative_control,2,DEM,9,9,0,0,0,0,0,0,0,,0,0,0
sleep__sleep_restless__subject_day_iqr,sleep,daily_scalar,scalar,subject_day_iqr,candidate,0,CN,85,85,0,7,6,9,3,7,0,0,0,0,0.3647058824
sleep__sleep_restless__subject_day_iqr,sleep,daily_scalar,scalar,subject_day_iqr,candidate,1,MCI,47,47,0,8,7,10,3,7,1,0.4496666667,0.2540675845,0.2540675845,0.3647058824
sleep__sleep_restless__subject_day_iqr,sleep,daily_scalar,scalar,subject_day_iqr,candidate,2,DEM,9,9,0,8.5,7,13.5,6.5,7,1.5,0.3997341678,0.3647058824,0.3647058824,0.3647058824
sleep__sleep_restless__subject_median,sleep,daily_scalar,scalar,subject_median,candidate,0,CN,85,85,0,33,29,42,13,33,0,0,0,0,0.5111111111
sleep__sleep_restless__subject_median,sleep,daily_scalar,scalar,subject_median,candidate,1,MCI,47,47,0,35,30.25,44.5,14.25,33,2,0.1978103417,0.09311639549,0.09311639549,0.5111111111
sleep__sleep_restless__subject_median,sleep,daily_scalar,scalar,subject_median,candidate,2,DEM,9,9,0,46,40,53.5,13.5,33,13,1.323311642,0.5111111111,0.5111111111,0.5111111111
sleep__sleep_restless__subject_missing_fraction,sleep,daily_scalar,scalar,subject_missing_fraction,negative_control,0,CN,85,85,0,0,0,0,0,0,0,,0,0,0
sleep__sleep_restless__subject_missing_fraction,sleep,daily_scalar,scalar,subject_missing_fraction,negative_control,1,MCI,47,47,0,0,0,0,0,0,0,,0,0,0
sleep__sleep_restless__subject_missing_fraction,sleep,daily_scalar,scalar,subject_missing_fraction,negative_control,2,DEM,9,9,0,0,0,0,0,0,0,,0,0,0
sleep__sleep_rmssd_5min__iqr__subject_day_iqr,sleep,sleep_rmssd_5min,parsed_intraday,subject_day_iqr,candidate,0,CN,85,85,0,7.25,5.375,10.25,4.875,7.25,0,0,0,0,0.1150326797
sleep__sleep_rmssd_5min__iqr__subject_day_iqr,sleep,sleep_rmssd_5min,parsed_intraday,subject_day_iqr,candidate,1,MCI,47,47,0,8.1875,5.53125,11.8125,6.28125,7.25,0.9375,0.2249427071,0.04480600751,0.04480600751,0.1150326797
sleep__sleep_rmssd_5min__iqr__subject_day_iqr,sleep,sleep_rmssd_5min,parsed_intraday,subject_day_iqr,candidate,2,DEM,9,9,0,8.3125,5.75,12.625,6.875,7.25,1.0625,0.240508903,0.1150326797,0.1150326797,0.1150326797
sleep__sleep_rmssd_5min__iqr__subject_median,sleep,sleep_rmssd_5min,parsed_intraday,subject_median,candidate,0,CN,85,85,0,13,10.25,16.125,5.875,13,0,0,0,0,0.03229036295
sleep__sleep_rmssd_5min__iqr__subject_median,sleep,sleep_rmssd_5min,parsed_intraday,subject_median,candidate,1,MCI,47,47,0,14,10,18,8,13,1,0.1922092964,0.03229036295,0.03229036295,0.03229036295
sleep__sleep_rmssd_5min__iqr__subject_median,sleep,sleep_rmssd_5min,parsed_intraday,subject_median,candidate,2,DEM,9,9,0,15,10,16.5,6.5,13,2,0.4354853484,0.02091503268,0.02091503268,0.03229036295
sleep__sleep_rmssd_5min__iqr__subject_missing_fraction,sleep,sleep_rmssd_5min,parsed_intraday,subject_missing_fraction,negative_control,0,CN,85,85,0,0,0,0,0,0,0,,0,0,0
sleep__sleep_rmssd_5min__iqr__subject_missing_fraction,sleep,sleep_rmssd_5min,parsed_intraday,subject_missing_fraction,negative_control,1,MCI,47,47,0,0,0,0,0,0,0,,0,0,0
sleep__sleep_rmssd_5min__iqr__subject_missing_fraction,sleep,sleep_rmssd_5min,parsed_intraday,subject_missing_fraction,negative_control,2,DEM,9,9,0,0,0,0,0,0,0,,0,0,0
sleep__sleep_rmssd_5min__mean__subject_day_iqr,sleep,sleep_rmssd_5min,parsed_intraday,subject_day_iqr,candidate,0,CN,85,85,0,6.960914582,5.4170245,8.93030303,3.51327853,6.960914582,0,0,0,0,0.1215686275
sleep__sleep_rmssd_5min__mean__subject_day_iqr,sleep,sleep_rmssd_5min,parsed_intraday,subject_day_iqr,candidate,1,MCI,47,47,0,6.580944181,5.365552532,8.011407811,2.645855279,6.960914582,-0.3799704002,-0.1648189742,-0.08886107635,0.08886107635,0.1215686275
sleep__sleep_rmssd_5min__mean__subject_day_iqr,sleep,sleep_rmssd_5min,parsed_intraday,subject_day_iqr,candidate,2,DEM,9,9,0,8.069506078,5.873372758,8.759486769,2.886114011,6.960914582,1.108591497,0.4651564505,0.1215686275,0.1215686275,0.1215686275
sleep__sleep_rmssd_5min__mean__subject_median,sleep,sleep_rmssd_5min,parsed_intraday,subject_median,candidate,0,CN,85,85,0,26.72307692,22.72940107,31.52056445,8.791163374,26.72307692,0,0,0,0,0.2
sleep__sleep_rmssd_5min__mean__subject_median,sleep,sleep_rmssd_5min,parsed_intraday,subject_median,candidate,1,MCI,47,47,0,26.82407407,20.22028833,30.64962766,10.42933934,26.72307692,0.100997151,0.01412585074,-0.07784730914,0.07784730914,0.2
sleep__sleep_rmssd_5min__mean__subject_median,sleep,sleep_rmssd_5min,parsed_intraday,subject_median,candidate,2,DEM,9,9,0,22.05263158,19.42990654,32.61904762,13.18914108,26.72307692,-4.670445344,-0.5621375305,-0.2,0.2,0.2
sleep__sleep_rmssd_5min__mean__subject_missing_fraction,sleep,sleep_rmssd_5min,parsed_intraday,subject_missing_fraction,negative_control,0,CN,85,85,0,0,0,0,0,0,0,,0,0,0
sleep__sleep_rmssd_5min__mean__subject_missing_fraction,sleep,sleep_rmssd_5min,parsed_intraday,subject_missing_fraction,negative_control,1,MCI,47,47,0,0,0,0,0,0,0,,0,0,0
sleep__sleep_rmssd_5min__mean__subject_missing_fraction,sleep,sleep_rmssd_5min,parsed_intraday,subject_missing_fraction,negative_control,2,DEM,9,9,0,0,0,0,0,0,0,,0,0,0
sleep__sleep_rmssd_5min__median__subject_day_iqr,sleep,sleep_rmssd_5min,parsed_intraday,subject_day_iqr,candidate,0,CN,85,85,0,7,5,10,5,7,0,0,0,0,0.1294117647
sleep__sleep_rmssd_5min__median__subject_day_iqr,sleep,sleep_rmssd_5min,parsed_intraday,subject_day_iqr,candidate,1,MCI,47,47,0,6.75,5,8.6875,3.6875,7,-0.25,-0.07676910707,-0.1294117647,0.1294117647,0.1294117647
sleep__sleep_rmssd_5min__median__subject_day_iqr,sleep,sleep_rmssd_5min,parsed_intraday,subject_day_iqr,candidate,2,DEM,9,9,0,7.5,5.25,9.5,4.25,7,0.5,0.1453608093,0.0339869281,0.0339869281,0.1294117647
sleep__sleep_rmssd_5min__median__subject_median,sleep,sleep_rmssd_5min,parsed_intraday,subject_median,candidate,0,CN,85,85,0,26,22,31,9,26,0,0,0,0,0.214379085
sleep__sleep_rmssd_5min__median__subject_median,sleep,sleep_rmssd_5min,parsed_intraday,subject_median,candidate,1,MCI,47,47,0,26,19.5,30.25,10.75,26,0,0,-0.09812265332,0.09812265332,0.214379085
sleep__sleep_rmssd_5min__median__subject_median,sleep,sleep_rmssd_5min,parsed_intraday,subject_median,candidate,2,DEM,9,9,0,21,18,32,14,26,-5,-0.5731351804,-0.214379085,0.214379085,0.214379085
sleep__sleep_rmssd_5min__median__subject_missing_fraction,sleep,sleep_rmssd_5min,parsed_intraday,subject_missing_fraction,negative_control,0,CN,85,85,0,0,0,0,0,0,0,,0,0,0
sleep__sleep_rmssd_5min__median__subject_missing_fraction,sleep,sleep_rmssd_5min,parsed_intraday,subject_missing_fraction,negative_control,1,MCI,47,47,0,0,0,0,0,0,0,,0,0,0
sleep__sleep_rmssd_5min__median__subject_missing_fraction,sleep,sleep_rmssd_5min,parsed_intraday,subject_missing_fraction,negative_control,2,DEM,9,9,0,0,0,0,0,0,0,,0,0,0
sleep__sleep_rmssd_5min__nonzero_count__subject_day_iqr,sleep,sleep_rmssd_5min,parsed_intraday,subject_day_iqr,negative_control,0,CN,85,85,0,21.5,17,26,9,21.5,0,0,0,0,0.3594771242
sleep__sleep_rmssd_5min__nonzero_count__subject_day_iqr,sleep,sleep_rmssd_5min,parsed_intraday,subject_day_iqr,negative_control,1,MCI,47,47,0,21,17.375,24.5,7.125,21.5,-0.5,-0.08309901743,-0.03754693367,0.03754693367,0.3594771242
sleep__sleep_rmssd_5min__nonzero_count__subject_day_iqr,sleep,sleep_rmssd_5min,parsed_intraday,subject_day_iqr,negative_control,2,DEM,9,9,0,27.5,21,29.5,8.5,21.5,6,0.9246512398,0.3594771242,0.3594771242,0.3594771242
sleep__sleep_rmssd_5min__nonzero_count__subject_median,sleep,sleep_rmssd_5min,parsed_intraday,subject_median,negative_control,0,CN,85,85,0,85,79.5,92,12.5,85,0,0,0,0,0.4026143791
sleep__sleep_rmssd_5min__nonzero_count__subject_median,sleep,sleep_rmssd_5min,parsed_intraday,subject_median,negative_control,1,MCI,47,47,0,85,80.5,93.25,12.75,85,0,0,0.02277847309,0.02277847309,0.4026143791
sleep__sleep_rmssd_5min__nonzero_count__subject_median,sleep,sleep_rmssd_5min,parsed_intraday,subject_median,negative_control,2,DEM,9,9,0,101.5,83,109,26,85,16.5,1.091148826,0.4026143791,0.4026143791,0.4026143791
sleep__sleep_rmssd_5min__nonzero_count__subject_missing_fraction,sleep,sleep_rmssd_5min,parsed_intraday,subject_missing_fraction,negative_control,0,CN,85,85,0,0,0,0,0,0,0,,0,0,0
sleep__sleep_rmssd_5min__nonzero_count__subject_missing_fraction,sleep,sleep_rmssd_5min,parsed_intraday,subject_missing_fraction,negative_control,1,MCI,47,47,0,0,0,0,0,0,0,,0,0,0
sleep__sleep_rmssd_5min__nonzero_count__subject_missing_fraction,sleep,sleep_rmssd_5min,parsed_intraday,subject_missing_fraction,negative_control,2,DEM,9,9,0,0,0,0,0,0,0,,0,0,0
sleep__sleep_rmssd_5min__nonzero_iqr__subject_day_iqr,sleep,sleep_rmssd_5min,parsed_intraday,subject_day_iqr,candidate,0,CN,85,85,0,6,4.5,8,3.5,6,0,0,0,0,0.07189542484
sleep__sleep_rmssd_5min__nonzero_iqr__subject_day_iqr,sleep,sleep_rmssd_5min,parsed_intraday,subject_day_iqr,candidate,1,MCI,47,47,0,6.125,4.21875,7.9375,3.71875,6,0.125,0.04669717924,-0.02953692115,0.02953692115,0.07189542484
sleep__sleep_rmssd_5min__nonzero_iqr__subject_day_iqr,sleep,sleep_rmssd_5min,parsed_intraday,subject_day_iqr,candidate,2,DEM,9,9,0,5.25,5.125,8,2.875,6,-0.75,-0.3158972424,0.07189542484,0.07189542484,0.07189542484
sleep__sleep_rmssd_5min__nonzero_iqr__subject_median,sleep,sleep_rmssd_5min,parsed_intraday,subject_median,candidate,0,CN,85,85,0,12,10,14.25,4.25,12,0,0,0,0,0.05490196078
sleep__sleep_rmssd_5min__nonzero_iqr__subject_median,sleep,sleep_rmssd_5min,parsed_intraday,subject_median,candidate,1,MCI,47,47,0,12,9.3125,16,6.6875,12,0,0,0.0005006257822,0.0005006257822,0.05490196078
sleep__sleep_rmssd_5min__nonzero_iqr__subject_median,sleep,sleep_rmssd_5min,parsed_intraday,subject_median,candidate,2,DEM,9,9,0,14,9,15,6,12,2,0.5189301222,0.05490196078,0.05490196078,0.05490196078
sleep__sleep_rmssd_5min__nonzero_iqr__subject_missing_fraction,sleep,sleep_rmssd_5min,parsed_intraday,subject_missing_fraction,negative_control,0,CN,85,85,0,0,0,0,0,0,0,,0,0,0
sleep__sleep_rmssd_5min__nonzero_iqr__subject_missing_fraction,sleep,sleep_rmssd_5min,parsed_intraday,subject_missing_fraction,negative_control,1,MCI,47,47,0,0,0,0,0,0,0,,0,0,0
sleep__sleep_rmssd_5min__nonzero_iqr__subject_missing_fraction,sleep,sleep_rmssd_5min,parsed_intraday,subject_missing_fraction,negative_control,2,DEM,9,9,0,0,0,0,0,0,0,,0,0,0
sleep__sleep_rmssd_5min__nonzero_median__subject_day_iqr,sleep,sleep_rmssd_5min,parsed_intraday,subject_day_iqr,candidate,0,CN,85,85,0,8,5.625,10.5,4.875,8,0,0,0,0,0.1045751634
sleep__sleep_rmssd_5min__nonzero_median__subject_day_iqr,sleep,sleep_rmssd_5min,parsed_intraday,subject_day_iqr,candidate,1,MCI,47,47,0,7.875,6,10.4375,4.4375,8,-0.125,-0.03617486619,-0.01326658323,0.01326658323,0.1045751634
sleep__sleep_rmssd_5min__nonzero_median__subject_day_iqr,sleep,sleep_rmssd_5min,parsed_intraday,subject_day_iqr,candidate,2,DEM,9,9,0,9.875,5.75,10,4.25,8,1.875,0.5530877262,0.1045751634,0.1045751634,0.1045751634
sleep__sleep_rmssd_5min__nonzero_median__subject_median,sleep,sleep_rmssd_5min,parsed_intraday,subject_median,candidate,0,CN,85,85,0,27,23,35.75,12.75,27,0,0,0,0,0.1843137255
sleep__sleep_rmssd_5min__nonzero_median__subject_median,sleep,sleep_rmssd_5min,parsed_intraday,subject_median,candidate,1,MCI,47,47,0,27.5,21.25,32.375,11.125,27,0.5,0.05637219521,-0.06833541927,0.06833541927,0.1843137255
sleep__sleep_rmssd_5min__nonzero_median__subject_median,sleep,sleep_rmssd_5min,parsed_intraday,subject_median,candidate,2,DEM,9,9,0,21.5,20,32,12,27,-5.5,-0.599280467,-0.1843137255,0.1843137255,0.1843137255
sleep__sleep_rmssd_5min__nonzero_median__subject_missing_fraction,sleep,sleep_rmssd_5min,parsed_intraday,subject_missing_fraction,negative_control,0,CN,85,85,0,0,0,0,0,0,0,,0,0,0
sleep__sleep_rmssd_5min__nonzero_median__subject_missing_fraction,sleep,sleep_rmssd_5min,parsed_intraday,subject_missing_fraction,negative_control,1,MCI,47,47,0,0,0,0,0,0,0,,0,0,0
sleep__sleep_rmssd_5min__nonzero_median__subject_missing_fraction,sleep,sleep_rmssd_5min,parsed_intraday,subject_missing_fraction,negative_control,2,DEM,9,9,0,0,0,0,0,0,0,,0,0,0
sleep__sleep_rmssd_5min__nonzero_q10__subject_day_iqr,sleep,sleep_rmssd_5min,parsed_intraday,subject_day_iqr,candidate,0,CN,85,85,0,4.5,3,7,4,4.5,0,0,0,0,0.09803921569
sleep__sleep_rmssd_5min__nonzero_q10__subject_day_iqr,sleep,sleep_rmssd_5min,parsed_intraday,subject_day_iqr,candidate,1,MCI,47,47,0,4.15,3,5.875,2.875,4.5,-0.35,-0.1355499154,-0.07284105131,0.07284105131,0.09803921569
sleep__sleep_rmssd_5min__nonzero_q10__subject_day_iqr,sleep,sleep_rmssd_5min,parsed_intraday,subject_day_iqr,candidate,2,DEM,9,9,0,5,3.95,6.6,2.65,4.5,0.5,0.1988019825,0.09803921569,0.09803921569,0.09803921569
sleep__sleep_rmssd_5min__nonzero_q10__subject_median,sleep,sleep_rmssd_5min,parsed_intraday,subject_median,candidate,0,CN,85,85,0,18,16.05,22.1,6.05,18,0,0,0,0,0.2235294118
sleep__sleep_rmssd_5min__nonzero_q10__subject_median,sleep,sleep_rmssd_5min,parsed_intraday,subject_median,candidate,1,MCI,47,47,0,18,15.6,21.925,6.325,18,0,0,-0.08260325407,0.08260325407,0.2235294118
sleep__sleep_rmssd_5min__nonzero_q10__subject_median,sleep,sleep_rmssd_5min,parsed_intraday,subject_median,candidate,2,DEM,9,9,0,17,14.2,20,5.8,18,-1,-0.2276286734,-0.2235294118,0.2235294118,0.2235294118
sleep__sleep_rmssd_5min__nonzero_q10__subject_missing_fraction,sleep,sleep_rmssd_5min,parsed_intraday,subject_missing_fraction,negative_control,0,CN,85,85,0,0,0,0,0,0,0,,0,0,0
sleep__sleep_rmssd_5min__nonzero_q10__subject_missing_fraction,sleep,sleep_rmssd_5min,parsed_intraday,subject_missing_fraction,negative_control,1,MCI,47,47,0,0,0,0,0,0,0,,0,0,0
sleep__sleep_rmssd_5min__nonzero_q10__subject_missing_fraction,sleep,sleep_rmssd_5min,parsed_intraday,subject_missing_fraction,negative_control,2,DEM,9,9,0,0,0,0,0,0,0,,0,0,0
sleep__sleep_rmssd_5min__nonzero_q90__subject_day_iqr,sleep,sleep_rmssd_5min,parsed_intraday,subject_day_iqr,candidate,0,CN,85,85,0,12.3,10,19.35,9.35,12.3,0,0,0,0,0.03006535948
sleep__sleep_rmssd_5min__nonzero_q90__subject_day_iqr,sleep,sleep_rmssd_5min,parsed_intraday,subject_day_iqr,candidate,1,MCI,47,47,0,12.45,9.8875,17.175,7.2875,12.3,0.15,0.02413978746,-0.01727158949,0.01727158949,0.03006535948
sleep__sleep_rmssd_5min__nonzero_q90__subject_day_iqr,sleep,sleep_rmssd_5min,parsed_intraday,subject_day_iqr,candidate,2,DEM,9,9,0,13,10.05,19.5,9.45,12.3,0.7,0.1004560257,0.03006535948,0.03006535948,0.03006535948
sleep__sleep_rmssd_5min__nonzero_q90__subject_median,sleep,sleep_rmssd_5min,parsed_intraday,subject_median,candidate,0,CN,85,85,0,42.3,36.9,51,14.1,42.3,0,0,0,0,0.08758169935
sleep__sleep_rmssd_5min__nonzero_q90__subject_median,sleep,sleep_rmssd_5min,parsed_intraday,subject_median,candidate,1,MCI,47,47,0,43.4,32.2,51.45,19.25,42.3,1.1,0.08794707276,-0.004005006258,0.004005006258,0.08758169935
sleep__sleep_rmssd_5min__nonzero_q90__subject_median,sleep,sleep_rmssd_5min,parsed_intraday,subject_median,candidate,2,DEM,9,9,0,39,34.8,48.5,13.7,42.3,-3.3,-0.3202330401,-0.08758169935,0.08758169935,0.08758169935
sleep__sleep_rmssd_5min__nonzero_q90__subject_missing_fraction,sleep,sleep_rmssd_5min,parsed_intraday,subject_missing_fraction,negative_control,0,CN,85,85,0,0,0,0,0,0,0,,0,0,0
sleep__sleep_rmssd_5min__nonzero_q90__subject_missing_fraction,sleep,sleep_rmssd_5min,parsed_intraday,subject_missing_fraction,negative_control,1,MCI,47,47,0,0,0,0,0,0,0,,0,0,0
sleep__sleep_rmssd_5min__nonzero_q90__subject_missing_fraction,sleep,sleep_rmssd_5min,parsed_intraday,subject_missing_fraction,negative_control,2,DEM,9,9,0,0,0,0,0,0,0,,0,0,0
sleep__sleep_rmssd_5min__nonzero_ratio__subject_day_iqr,sleep,sleep_rmssd_5min,parsed_intraday,subject_day_iqr,negative_control,0,CN,85,85,0,0.08316281552,0.05336904406,0.1099447478,0.05657570378,0.08316281552,0,0,0,0,0.3045751634
sleep__sleep_rmssd_5min__nonzero_ratio__subject_day_iqr,sleep,sleep_rmssd_5min,parsed_intraday,subject_day_iqr,negative_control,1,MCI,47,47,0,0.08367933568,0.05276266302,0.1122285838,0.05946592073,0.08316281552,0.0005165201532,0.01200551382,0.04580725907,0.04580725907,0.3045751634
sleep__sleep_rmssd_5min__nonzero_ratio__subject_day_iqr,sleep,sleep_rmssd_5min,parsed_intraday,subject_day_iqr,negative_control,2,DEM,9,9,0,0.1118904726,0.09039461851,0.1322506742,0.04185605573,0.08316281552,0.0287276571,0.7787613795,0.3045751634,0.3045751634,0.3045751634
sleep__sleep_rmssd_5min__nonzero_ratio__subject_median,sleep,sleep_rmssd_5min,parsed_intraday,subject_median,negative_control,0,CN,85,85,0,0.9234432234,0.8874782609,0.9520803443,0.06460208346,0.9234432234,0,0,0,0,0.1712418301
sleep__sleep_rmssd_5min__nonzero_ratio__subject_median,sleep,sleep_rmssd_5min,parsed_intraday,subject_median,negative_control,1,MCI,47,47,0,0.9166666667,0.8771106976,0.9443464703,0.06723577268,0.9234432234,-0.006776556777,-0.1386513986,-0.1261576971,0.1261576971,0.1712418301
sleep__sleep_rmssd_5min__nonzero_ratio__subject_median,sleep,sleep_rmssd_5min,parsed_intraday,subject_median,negative_control,2,DEM,9,9,0,0.9115347019,0.8549618321,0.925,0.07003816794,0.9234432234,-0.01190852159,-0.2384356497,-0.1712418301,0.1712418301,0.1712418301
sleep__sleep_rmssd_5min__nonzero_ratio__subject_missing_fraction,sleep,sleep_rmssd_5min,parsed_intraday,subject_missing_fraction,negative_control,0,CN,85,85,0,0,0,0,0,0,0,,0,0,0
sleep__sleep_rmssd_5min__nonzero_ratio__subject_missing_fraction,sleep,sleep_rmssd_5min,parsed_intraday,subject_missing_fraction,negative_control,1,MCI,47,47,0,0,0,0,0,0,0,,0,0,0
sleep__sleep_rmssd_5min__nonzero_ratio__subject_missing_fraction,sleep,sleep_rmssd_5min,parsed_intraday,subject_missing_fraction,negative_control,2,DEM,9,9,0,0,0,0,0,0,0,,0,0,0
sleep__sleep_rmssd_5min__q10__subject_day_iqr,sleep,sleep_rmssd_5min,parsed_intraday,subject_day_iqr,candidate,0,CN,85,85,0,11.2,4,15.4,11.4,11.2,0,0,0,0,0.1018773467
sleep__sleep_rmssd_5min__q10__subject_day_iqr,sleep,sleep_rmssd_5min,parsed_intraday,subject_day_iqr,candidate,1,MCI,47,47,0,13.1,4.4125,17,12.5875,11.2,1.9,0.2134415854,0.1018773467,0.1018773467,0.1018773467
sleep__sleep_rmssd_5min__q10__subject_day_iqr,sleep,sleep_rmssd_5min,parsed_intraday,subject_day_iqr,candidate,2,DEM,9,9,0,12.85,4.55,13.375,8.825,11.2,1.65,0.218346217,0.01699346405,0.01699346405,0.1018773467
sleep__sleep_rmssd_5min__q10__subject_median,sleep,sleep_rmssd_5min,parsed_intraday,subject_median,candidate,0,CN,85,85,0,13,0,16.5,16.5,13,0,0,0,0,0.168627451
sleep__sleep_rmssd_5min__q10__subject_median,sleep,sleep_rmssd_5min,parsed_intraday,subject_median,candidate,1,MCI,47,47,0,12,0,14.2,14.2,13,-1,-0.08763713581,-0.1309136421,0.1309136421,0.168627451
sleep__sleep_rmssd_5min__q10__subject_median,sleep,sleep_rmssd_5min,parsed_intraday,subject_median,candidate,2,DEM,9,9,0,10,0,15.4,15.4,13,-3,-0.2535796915,-0.168627451,0.168627451,0.168627451
sleep__sleep_rmssd_5min__q10__subject_missing_fraction,sleep,sleep_rmssd_5min,parsed_intraday,subject_missing_fraction,negative_control,0,CN,85,85,0,0,0,0,0,0,0,,0,0,0
sleep__sleep_rmssd_5min__q10__subject_missing_fraction,sleep,sleep_rmssd_5min,parsed_intraday,subject_missing_fraction,negative_control,1,MCI,47,47,0,0,0,0,0,0,0,,0,0,0
sleep__sleep_rmssd_5min__q10__subject_missing_fraction,sleep,sleep_rmssd_5min,parsed_intraday,subject_missing_fraction,negative_control,2,DEM,9,9,0,0,0,0,0,0,0,,0,0,0
sleep__sleep_rmssd_5min__q25__subject_day_iqr,sleep,sleep_rmssd_5min,parsed_intraday,subject_day_iqr,candidate,0,CN,85,85,0,5.5,4,9.375,5.375,5.5,0,0,0,0,0.06458072591
sleep__sleep_rmssd_5min__q25__subject_day_iqr,sleep,sleep_rmssd_5min,parsed_intraday,subject_day_iqr,candidate,1,MCI,47,47,0,5.875,3.90625,8.25,4.34375,5.5,0.375,0.1035217397,-0.06458072591,0.06458072591,0.06458072591
sleep__sleep_rmssd_5min__q25__subject_day_iqr,sleep,sleep_rmssd_5min,parsed_intraday,subject_day_iqr,candidate,2,DEM,9,9,0,5.125,4.625,7.75,3.125,5.5,-0.375,-0.1150663546,-0.02352941176,0.02352941176,0.06458072591
sleep__sleep_rmssd_5min__q25__subject_median,sleep,sleep_rmssd_5min,parsed_intraday,subject_median,candidate,0,CN,85,85,0,19,17,22.375,5.375,19,0,0,0,0,0.2797385621
sleep__sleep_rmssd_5min__q25__subject_median,sleep,sleep_rmssd_5min,parsed_intraday,subject_median,candidate,1,MCI,47,47,0,19,15,22.5,7.5,19,0,0,-0.06232790989,0.06232790989,0.2797385621
sleep__sleep_rmssd_5min__q25__subject_median,sleep,sleep_rmssd_5min,parsed_intraday,subject_median,candidate,2,DEM,9,9,0,18,14.625,19,4.375,19,-1,-0.2752738791,-0.2797385621,0.2797385621,0.2797385621
sleep__sleep_rmssd_5min__q25__subject_missing_fraction,sleep,sleep_rmssd_5min,parsed_intraday,subject_missing_fraction,negative_control,0,CN,85,85,0,0,0,0,0,0,0,,0,0,0
sleep__sleep_rmssd_5min__q25__subject_missing_fraction,sleep,sleep_rmssd_5min,parsed_intraday,subject_missing_fraction,negative_control,1,MCI,47,47,0,0,0,0,0,0,0,,0,0,0
sleep__sleep_rmssd_5min__q25__subject_missing_fraction,sleep,sleep_rmssd_5min,parsed_intraday,subject_missing_fraction,negative_control,2,DEM,9,9,0,0,0,0,0,0,0,,0,0,0
sleep__sleep_rmssd_5min__q75__subject_day_iqr,sleep,sleep_rmssd_5min,parsed_intraday,subject_day_iqr,candidate,0,CN,85,85,0,9.0625,7,13.1875,6.1875,9.0625,0,0,0,0,0.1921568627
sleep__sleep_rmssd_5min__q75__subject_day_iqr,sleep,sleep_rmssd_5min,parsed_intraday,subject_day_iqr,candidate,1,MCI,47,47,0,9.25,7.6875,11.8125,4.125,9.0625,0.1875,0.04810193933,-0.01952440551,0.01952440551,0.1921568627
sleep__sleep_rmssd_5min__q75__subject_day_iqr,sleep,sleep_rmssd_5min,parsed_intraday,subject_day_iqr,candidate,2,DEM,9,9,0,11.125,9.125,15,5.875,9.0625,2.0625,0.4611613319,0.1921568627,0.1921568627,0.1921568627
sleep__sleep_rmssd_5min__q75__subject_median,sleep,sleep_rmssd_5min,parsed_intraday,subject_median,candidate,0,CN,85,85,0,33.5,29,42,13,33.5,0,0,0,0,0.1620915033
sleep__sleep_rmssd_5min__q75__subject_median,sleep,sleep_rmssd_5min,parsed_intraday,subject_median,candidate,1,MCI,47,47,0,34,25.75,38.75,13,33.5,0.5,0.05188461538,-0.06683354193,0.06683354193,0.1620915033
sleep__sleep_rmssd_5min__q75__subject_median,sleep,sleep_rmssd_5min,parsed_intraday,subject_median,candidate,2,DEM,9,9,0,26.75,26,40,14,33.5,-6.75,-0.6740378554,-0.1620915033,0.1620915033,0.1620915033
sleep__sleep_rmssd_5min__q75__subject_missing_fraction,sleep,sleep_rmssd_5min,parsed_intraday,subject_missing_fraction,negative_control,0,CN,85,85,0,0,0,0,0,0,0,,0,0,0
sleep__sleep_rmssd_5min__q75__subject_missing_fraction,sleep,sleep_rmssd_5min,parsed_intraday,subject_missing_fraction,negative_control,1,MCI,47,47,0,0,0,0,0,0,0,,0,0,0
sleep__sleep_rmssd_5min__q75__subject_missing_fraction,sleep,sleep_rmssd_5min,parsed_intraday,subject_missing_fraction,negative_control,2,DEM,9,9,0,0,0,0,0,0,0,,0,0,0
sleep__sleep_rmssd_5min__q90__subject_day_iqr,sleep,sleep_rmssd_5min,parsed_intraday,subject_day_iqr,candidate,0,CN,85,85,0,12.3,9.3,16.925,7.625,12.3,0,0,0,0,0.02653316646
sleep__sleep_rmssd_5min__q90__subject_day_iqr,sleep,sleep_rmssd_5min,parsed_intraday,subject_day_iqr,candidate,1,MCI,47,47,0,11.65,9.425,16.0625,6.6375,12.3,-0.65,-0.1226651415,-0.02653316646,0.02653316646,0.02653316646
sleep__sleep_rmssd_5min__q90__subject_day_iqr,sleep,sleep_rmssd_5min,parsed_intraday,subject_day_iqr,candidate,2,DEM,9,9,0,12.525,9.65,17,7.35,12.3,0.225,0.040530729,0.02483660131,0.02483660131,0.02653316646
sleep__sleep_rmssd_5min__q90__subject_median,sleep,sleep_rmssd_5min,parsed_intraday,subject_median,candidate,0,CN,85,85,0,41,36,50.9,14.9,41,0,0,0,0,0.0954248366
sleep__sleep_rmssd_5min__q90__subject_median,sleep,sleep_rmssd_5min,parsed_intraday,subject_median,candidate,1,MCI,47,47,0,42,31.95,50,18.05,41,1,0.08151001604,-0.01902377972,0.01902377972,0.0954248366
sleep__sleep_rmssd_5min__q90__subject_median,sleep,sleep_rmssd_5min,parsed_intraday,subject_median,candidate,2,DEM,9,9,0,38,33.4,48.5,15.1,41,-3,-0.2697940046,-0.0954248366,0.0954248366,0.0954248366
sleep__sleep_rmssd_5min__q90__subject_missing_fraction,sleep,sleep_rmssd_5min,parsed_intraday,subject_missing_fraction,negative_control,0,CN,85,85,0,0,0,0,0,0,0,,0,0,0
sleep__sleep_rmssd_5min__q90__subject_missing_fraction,sleep,sleep_rmssd_5min,parsed_intraday,subject_missing_fraction,negative_control,1,MCI,47,47,0,0,0,0,0,0,0,,0,0,0
sleep__sleep_rmssd_5min__q90__subject_missing_fraction,sleep,sleep_rmssd_5min,parsed_intraday,subject_missing_fraction,negative_control,2,DEM,9,9,0,0,0,0,0,0,0,,0,0,0
sleep__sleep_rmssd_5min__std__subject_day_iqr,sleep,sleep_rmssd_5min,parsed_intraday,subject_day_iqr,candidate,0,CN,85,85,0,5.342833436,4.250367285,7.096562642,2.846195357,5.342833436,0,0,0,0,0.1163398693
sleep__sleep_rmssd_5min__std__subject_day_iqr,sleep,sleep_rmssd_5min,parsed_intraday,subject_day_iqr,candidate,1,MCI,47,47,0,5.293797268,4.463174989,7.547340557,3.084165569,5.342833436,-0.04903616738,-0.02229091864,-0.004755944931,0.004755944931,0.1163398693
sleep__sleep_rmssd_5min__std__subject_day_iqr,sleep,sleep_rmssd_5min,parsed_intraday,subject_day_iqr,candidate,2,DEM,9,9,0,5.743525731,4.34343178,8.138647246,3.795215465,5.342833436,0.400692295,0.1611400026,0.1163398693,0.1163398693,0.1163398693
sleep__sleep_rmssd_5min__std__subject_median,sleep,sleep_rmssd_5min,parsed_intraday,subject_median,candidate,0,CN,85,85,0,12.66954952,10.15086203,15.29303351,5.14217148,12.66954952,0,0,0,0,0.0703379224
sleep__sleep_rmssd_5min__std__subject_median,sleep,sleep_rmssd_5min,parsed_intraday,subject_median,candidate,1,MCI,47,47,0,13.42013105,10.03316631,17.51361852,7.480452209,12.66954952,0.7505815239,0.1577479057,0.0703379224,0.0703379224,0.0703379224
sleep__sleep_rmssd_5min__std__subject_median,sleep,sleep_rmssd_5min,parsed_intraday,subject_median,candidate,2,DEM,9,9,0,12.89577004,10.57545085,15.31409746,4.738646607,12.66954952,0.2262205167,0.06171904054,0.04575163399,0.04575163399,0.0703379224
sleep__sleep_rmssd_5min__std__subject_missing_fraction,sleep,sleep_rmssd_5min,parsed_intraday,subject_missing_fraction,negative_control,0,CN,85,85,0,0,0,0,0,0,0,,0,0,0
sleep__sleep_rmssd_5min__std__subject_missing_fraction,sleep,sleep_rmssd_5min,parsed_intraday,subject_missing_fraction,negative_control,1,MCI,47,47,0,0,0,0,0,0,0,,0,0,0
sleep__sleep_rmssd_5min__std__subject_missing_fraction,sleep,sleep_rmssd_5min,parsed_intraday,subject_missing_fraction,negative_control,2,DEM,9,9,0,0,0,0,0,0,0,,0,0,0
sleep__sleep_rmssd_5min__valid_count__subject_day_iqr,sleep,sleep_rmssd_5min,parsed_intraday,subject_day_iqr,negative_control,0,CN,85,85,0,22,17.75,28.75,11,22,0,0,0,0,0.3620915033
sleep__sleep_rmssd_5min__valid_count__subject_day_iqr,sleep,sleep_rmssd_5min,parsed_intraday,subject_day_iqr,negative_control,1,MCI,47,47,0,24,19.625,30.125,10.5,22,2,0.2509089035,0.1071339174,0.1071339174,0.3620915033
sleep__sleep_rmssd_5min__valid_count__subject_day_iqr,sleep,sleep_rmssd_5min,parsed_intraday,subject_day_iqr,negative_control,2,DEM,9,9,0,25.75,25,38,13,22,3.75,0.4201063212,0.3620915033,0.3620915033,0.3620915033
sleep__sleep_rmssd_5min__valid_count__subject_median,sleep,sleep_rmssd_5min,parsed_intraday,subject_median,negative_control,0,CN,85,85,0,95,86,103,17,95,0,0,0,0,0.4588235294
sleep__sleep_rmssd_5min__valid_count__subject_median,sleep,sleep_rmssd_5min,parsed_intraday,subject_median,negative_control,1,MCI,47,47,0,97,90,103.5,13.5,95,2,0.1757645399,0.08685857322,0.08685857322,0.4588235294
sleep__sleep_rmssd_5min__valid_count__subject_median,sleep,sleep_rmssd_5min,parsed_intraday,subject_median,negative_control,2,DEM,9,9,0,122,91,123,32,95,27,1.421537591,0.4588235294,0.4588235294,0.4588235294
sleep__sleep_rmssd_5min__valid_count__subject_missing_fraction,sleep,sleep_rmssd_5min,parsed_intraday,subject_missing_fraction,negative_control,0,CN,85,85,0,0,0,0,0,0,0,,0,0,0
sleep__sleep_rmssd_5min__valid_count__subject_missing_fraction,sleep,sleep_rmssd_5min,parsed_intraday,subject_missing_fraction,negative_control,1,MCI,47,47,0,0,0,0,0,0,0,,0,0,0
sleep__sleep_rmssd_5min__valid_count__subject_missing_fraction,sleep,sleep_rmssd_5min,parsed_intraday,subject_missing_fraction,negative_control,2,DEM,9,9,0,0,0,0,0,0,0,,0,0,0
sleep__sleep_rmssd_5min__valid_ratio__subject_day_iqr,sleep,sleep_rmssd_5min,parsed_intraday,subject_day_iqr,negative_control,0,CN,85,0,1,,,,,,,,,,
sleep__sleep_rmssd_5min__valid_ratio__subject_day_iqr,sleep,sleep_rmssd_5min,parsed_intraday,subject_day_iqr,negative_control,1,MCI,47,0,1,,,,,,,,,,
sleep__sleep_rmssd_5min__valid_ratio__subject_day_iqr,sleep,sleep_rmssd_5min,parsed_intraday,subject_day_iqr,negative_control,2,DEM,9,0,1,,,,,,,,,,
sleep__sleep_rmssd_5min__valid_ratio__subject_median,sleep,sleep_rmssd_5min,parsed_intraday,subject_median,negative_control,0,CN,85,0,1,,,,,,,,,,
sleep__sleep_rmssd_5min__valid_ratio__subject_median,sleep,sleep_rmssd_5min,parsed_intraday,subject_median,negative_control,1,MCI,47,0,1,,,,,,,,,,
sleep__sleep_rmssd_5min__valid_ratio__subject_median,sleep,sleep_rmssd_5min,parsed_intraday,subject_median,negative_control,2,DEM,9,0,1,,,,,,,,,,
sleep__sleep_rmssd_5min__valid_ratio__subject_missing_fraction,sleep,sleep_rmssd_5min,parsed_intraday,subject_missing_fraction,negative_control,0,CN,85,85,0,1,1,1,0,1,0,,0,0,0
sleep__sleep_rmssd_5min__valid_ratio__subject_missing_fraction,sleep,sleep_rmssd_5min,parsed_intraday,subject_missing_fraction,negative_control,1,MCI,47,47,0,1,1,1,0,1,0,,0,0,0
sleep__sleep_rmssd_5min__valid_ratio__subject_missing_fraction,sleep,sleep_rmssd_5min,parsed_intraday,subject_missing_fraction,negative_control,2,DEM,9,9,0,1,1,1,0,1,0,,0,0,0
sleep__sleep_rmssd_5min__zero_ratio__subject_day_iqr,sleep,sleep_rmssd_5min,parsed_intraday,subject_day_iqr,negative_control,0,CN,85,85,0,0.08316281552,0.05336904406,0.1099447478,0.05657570378,0.08316281552,0,0,0,0,0.3045751634
sleep__sleep_rmssd_5min__zero_ratio__subject_day_iqr,sleep,sleep_rmssd_5min,parsed_intraday,subject_day_iqr,negative_control,1,MCI,47,47,0,0.08367933568,0.05276266302,0.1122285838,0.05946592073,0.08316281552,0.0005165201532,0.01200551382,0.04580725907,0.04580725907,0.3045751634
sleep__sleep_rmssd_5min__zero_ratio__subject_day_iqr,sleep,sleep_rmssd_5min,parsed_intraday,subject_day_iqr,negative_control,2,DEM,9,9,0,0.1118904726,0.09039461851,0.1322506742,0.04185605573,0.08316281552,0.0287276571,0.7787613795,0.3045751634,0.3045751634,0.3045751634
sleep__sleep_rmssd_5min__zero_ratio__subject_median,sleep,sleep_rmssd_5min,parsed_intraday,subject_median,negative_control,0,CN,85,85,0,0.07655677656,0.04791965567,0.1125217391,0.06460208346,0.07655677656,0,0,0,0,0.1712418301
sleep__sleep_rmssd_5min__zero_ratio__subject_median,sleep,sleep_rmssd_5min,parsed_intraday,subject_median,negative_control,1,MCI,47,47,0,0.08333333333,0.05565352971,0.1228893024,0.06723577268,0.07655677656,0.006776556777,0.1386513986,0.1261576971,0.1261576971,0.1712418301
sleep__sleep_rmssd_5min__zero_ratio__subject_median,sleep,sleep_rmssd_5min,parsed_intraday,subject_median,negative_control,2,DEM,9,9,0,0.08846529814,0.075,0.1450381679,0.07003816794,0.07655677656,0.01190852159,0.2384356497,0.1712418301,0.1712418301,0.1712418301
sleep__sleep_rmssd_5min__zero_ratio__subject_missing_fraction,sleep,sleep_rmssd_5min,parsed_intraday,subject_missing_fraction,negative_control,0,CN,85,85,0,0,0,0,0,0,0,,0,0,0
sleep__sleep_rmssd_5min__zero_ratio__subject_missing_fraction,sleep,sleep_rmssd_5min,parsed_intraday,subject_missing_fraction,negative_control,1,MCI,47,47,0,0,0,0,0,0,0,,0,0,0
sleep__sleep_rmssd_5min__zero_ratio__subject_missing_fraction,sleep,sleep_rmssd_5min,parsed_intraday,subject_missing_fraction,negative_control,2,DEM,9,9,0,0,0,0,0,0,0,,0,0,0
sleep__sleep_rmssd__subject_day_iqr,sleep,daily_scalar,scalar,subject_day_iqr,candidate,0,CN,85,85,0,8.25,6,11.75,5.75,8.25,0,0,0,0,0.1098039216
sleep__sleep_rmssd__subject_day_iqr,sleep,daily_scalar,scalar,subject_day_iqr,candidate,1,MCI,47,47,0,8.25,6,11,5,8.25,0,0,-0.0365456821,0.0365456821,0.1098039216
sleep__sleep_rmssd__subject_day_iqr,sleep,daily_scalar,scalar,subject_day_iqr,candidate,2,DEM,9,9,0,10.75,7,12,5,8.25,2.5,0.6259203772,0.1098039216,0.1098039216,0.1098039216
sleep__sleep_rmssd__subject_median,sleep,daily_scalar,scalar,subject_median,candidate,0,CN,85,85,0,29,25,36,11,29,0,0,0,0,0.1647058824
sleep__sleep_rmssd__subject_median,sleep,daily_scalar,scalar,subject_median,candidate,1,MCI,47,47,0,30,22,34,12,29,1,0.1171936311,-0.05031289111,0.05031289111,0.1647058824
sleep__sleep_rmssd__subject_median,sleep,daily_scalar,scalar,subject_median,candidate,2,DEM,9,9,0,24,23,35,12,29,-5,-0.5859681555,-0.1647058824,0.1647058824,0.1647058824
sleep__sleep_rmssd__subject_missing_fraction,sleep,daily_scalar,scalar,subject_missing_fraction,negative_control,0,CN,85,85,0,0,0,0,0,0,0,,0,0,0
sleep__sleep_rmssd__subject_missing_fraction,sleep,daily_scalar,scalar,subject_missing_fraction,negative_control,1,MCI,47,47,0,0,0,0,0,0,0,,0,0,0
sleep__sleep_rmssd__subject_missing_fraction,sleep,daily_scalar,scalar,subject_missing_fraction,negative_control,2,DEM,9,9,0,0,0,0,0,0,0,,0,0,0
sleep__sleep_score__subject_day_iqr,sleep,daily_scalar,scalar,subject_day_iqr,candidate,0,CN,85,85,0,10.25,8.5,13,4.5,10.25,0,0,0,0,0.2196078431
sleep__sleep_score__subject_day_iqr,sleep,daily_scalar,scalar,subject_day_iqr,candidate,1,MCI,47,47,0,11,9.25,13.625,4.375,10.25,0.75,0.2279773888,0.1306633292,0.1306633292,0.2196078431
sleep__sleep_score__subject_day_iqr,sleep,daily_scalar,scalar,subject_day_iqr,candidate,2,DEM,9,9,0,11.75,9,14.5,5.5,10.25,1.5,0.4026915509,0.2196078431,0.2196078431,0.2196078431
sleep__sleep_score__subject_median,sleep,daily_scalar,scalar,subject_median,candidate,0,CN,85,85,0,74.5,68,80,12,74.5,0,0,0,0,0.05106382979
sleep__sleep_score__subject_median,sleep,daily_scalar,scalar,subject_median,candidate,1,MCI,47,47,0,74,69.5,78,8.5,74.5,-0.5,-0.06486626527,-0.05106382979,0.05106382979,0.05106382979
sleep__sleep_score__subject_median,sleep,daily_scalar,scalar,subject_median,candidate,2,DEM,9,9,0,72,68,80,12,74.5,-2.5,-0.2810416667,-0.03921568627,0.03921568627,0.05106382979
sleep__sleep_score__subject_missing_fraction,sleep,daily_scalar,scalar,subject_missing_fraction,negative_control,0,CN,85,85,0,0,0,0,0,0,0,,0,0,0
sleep__sleep_score__subject_missing_fraction,sleep,daily_scalar,scalar,subject_missing_fraction,negative_control,1,MCI,47,47,0,0,0,0,0,0,0,,0,0,0
sleep__sleep_score__subject_missing_fraction,sleep,daily_scalar,scalar,subject_missing_fraction,negative_control,2,DEM,9,9,0,0,0,0,0,0,0,,0,0,0
sleep__sleep_score_alignment__subject_day_iqr,sleep,daily_scalar,scalar,subject_day_iqr,candidate,0,CN,85,85,0,7,0,20.75,20.75,7,0,0,0,0,0.2247809762
sleep__sleep_score_alignment__subject_day_iqr,sleep,daily_scalar,scalar,subject_day_iqr,candidate,1,MCI,47,47,0,0,0,10.125,10.125,7,-7,-0.5784016947,-0.2247809762,0.2247809762,0.2247809762
sleep__sleep_score_alignment__subject_day_iqr,sleep,daily_scalar,scalar,subject_day_iqr,candidate,2,DEM,9,9,0,5,0,24,24,7,-2,-0.1202642563,0.08235294118,0.08235294118,0.2247809762
sleep__sleep_score_alignment__subject_median,sleep,daily_scalar,scalar,subject_median,candidate,0,CN,85,85,0,100,94,100,6,100,0,0,0,0,0.1972465582
sleep__sleep_score_alignment__subject_median,sleep,daily_scalar,scalar,subject_median,candidate,1,MCI,47,47,0,100,100,100,0,100,0,0,0.1972465582,0.1972465582,0.1972465582
sleep__sleep_score_alignment__subject_median,sleep,daily_scalar,scalar,subject_median,candidate,2,DEM,9,9,0,100,94,100,6,100,0,0,-0.001307189542,0.001307189542,0.1972465582
sleep__sleep_score_alignment__subject_missing_fraction,sleep,daily_scalar,scalar,subject_missing_fraction,negative_control,0,CN,85,85,0,0,0,0,0,0,0,,0,0,0
sleep__sleep_score_alignment__subject_missing_fraction,sleep,daily_scalar,scalar,subject_missing_fraction,negative_control,1,MCI,47,47,0,0,0,0,0,0,0,,0,0,0
sleep__sleep_score_alignment__subject_missing_fraction,sleep,daily_scalar,scalar,subject_missing_fraction,negative_control,2,DEM,9,9,0,0,0,0,0,0,0,,0,0,0
sleep__sleep_score_deep__subject_day_iqr,sleep,daily_scalar,scalar,subject_day_iqr,candidate,0,CN,85,85,0,5.5,2.25,25.75,23.5,5.5,0,0,0,0,0.5516339869
sleep__sleep_score_deep__subject_day_iqr,sleep,daily_scalar,scalar,subject_day_iqr,candidate,1,MCI,47,47,0,16,2.5,33.25,30.75,5.5,10.5,0.5175919596,0.1599499374,0.1599499374,0.5516339869
sleep__sleep_score_deep__subject_day_iqr,sleep,daily_scalar,scalar,subject_day_iqr,candidate,2,DEM,9,9,0,35,23.5,39.5,16,5.5,29.5,1.9795939,0.5516339869,0.5516339869,0.5516339869
sleep__sleep_score_deep__subject_median,sleep,daily_scalar,scalar,subject_median,candidate,0,CN,85,85,0,96,89,98,9,96,0,0,0,0,0.4196078431
sleep__sleep_score_deep__subject_median,sleep,daily_scalar,scalar,subject_median,candidate,1,MCI,47,47,0,95.5,68.5,96.5,28,96,-0.5,-0.03243313263,-0.176971214,0.176971214,0.4196078431
sleep__sleep_score_deep__subject_median,sleep,daily_scalar,scalar,subject_median,candidate,2,DEM,9,9,0,69,55,95,40,96,-27,-1.256339039,-0.4196078431,0.4196078431,0.4196078431
sleep__sleep_score_deep__subject_missing_fraction,sleep,daily_scalar,scalar,subject_missing_fraction,negative_control,0,CN,85,85,0,0,0,0,0,0,0,,0,0,0
sleep__sleep_score_deep__subject_missing_fraction,sleep,daily_scalar,scalar,subject_missing_fraction,negative_control,1,MCI,47,47,0,0,0,0,0,0,0,,0,0,0
sleep__sleep_score_deep__subject_missing_fraction,sleep,daily_scalar,scalar,subject_missing_fraction,negative_control,2,DEM,9,9,0,0,0,0,0,0,0,,0,0,0
sleep__sleep_score_disturbances__subject_day_iqr,sleep,daily_scalar,scalar,subject_day_iqr,candidate,0,CN,85,85,0,9.5,8,11,3,9.5,0,0,0,0,0.211514393
sleep__sleep_score_disturbances__subject_day_iqr,sleep,daily_scalar,scalar,subject_day_iqr,candidate,1,MCI,47,47,0,10.5,9,12.25,3.25,9.5,1,0.4313350699,0.211514393,0.211514393,0.211514393
sleep__sleep_score_disturbances__subject_day_iqr,sleep,daily_scalar,scalar,subject_day_iqr,candidate,2,DEM,9,9,0,9.5,9,11.5,2.5,9.5,0,0,0.1490196078,0.1490196078,0.211514393
sleep__sleep_score_disturbances__subject_median,sleep,daily_scalar,scalar,subject_median,candidate,0,CN,85,85,0,66,58,73,15,66,0,0,0,0,0.2169934641
sleep__sleep_score_disturbances__subject_median,sleep,daily_scalar,scalar,subject_median,candidate,1,MCI,47,47,0,64.5,57.25,70,12.75,66,-1.5,-0.1453608093,-0.05882352941,0.05882352941,0.2169934641
sleep__sleep_score_disturbances__subject_median,sleep,daily_scalar,scalar,subject_median,candidate,2,DEM,9,9,0,60,48,68,20,66,-6,-0.457865783,-0.2169934641,0.2169934641,0.2169934641
sleep__sleep_score_disturbances__subject_missing_fraction,sleep,daily_scalar,scalar,subject_missing_fraction,negative_control,0,CN,85,85,0,0,0,0,0,0,0,,0,0,0
sleep__sleep_score_disturbances__subject_missing_fraction,sleep,daily_scalar,scalar,subject_missing_fraction,negative_control,1,MCI,47,47,0,0,0,0,0,0,0,,0,0,0
sleep__sleep_score_disturbances__subject_missing_fraction,sleep,daily_scalar,scalar,subject_missing_fraction,negative_control,2,DEM,9,9,0,0,0,0,0,0,0,,0,0,0
sleep__sleep_score_efficiency__subject_day_iqr,sleep,daily_scalar,scalar,subject_day_iqr,candidate,0,CN,85,85,0,19,14,23,9,19,0,0,0,0,0.2169934641
sleep__sleep_score_efficiency__subject_day_iqr,sleep,daily_scalar,scalar,subject_day_iqr,candidate,1,MCI,47,47,0,19,15.75,23,7.25,19,0,0,0.01476846058,0.01476846058,0.2169934641
sleep__sleep_score_efficiency__subject_day_iqr,sleep,daily_scalar,scalar,subject_day_iqr,candidate,2,DEM,9,9,0,21,19,26,7,19,2,0.3346457139,0.2169934641,0.2169934641,0.2169934641
sleep__sleep_score_efficiency__subject_median,sleep,daily_scalar,scalar,subject_median,candidate,0,CN,85,85,0,79,72,88,16,79,0,0,0,0,0.1529411765
sleep__sleep_score_efficiency__subject_median,sleep,daily_scalar,scalar,subject_median,candidate,1,MCI,47,47,0,81,67,84.5,17.5,79,2,0.1609133999,-0.140175219,0.140175219,0.1529411765
sleep__sleep_score_efficiency__subject_median,sleep,daily_scalar,scalar,subject_median,candidate,2,DEM,9,9,0,72,61,95,34,79,-7,-0.3553919932,-0.1529411765,0.1529411765,0.1529411765
sleep__sleep_score_efficiency__subject_missing_fraction,sleep,daily_scalar,scalar,subject_missing_fraction,negative_control,0,CN,85,85,0,0,0,0,0,0,0,,0,0,0
sleep__sleep_score_efficiency__subject_missing_fraction,sleep,daily_scalar,scalar,subject_missing_fraction,negative_control,1,MCI,47,47,0,0,0,0,0,0,0,,0,0,0
sleep__sleep_score_efficiency__subject_missing_fraction,sleep,daily_scalar,scalar,subject_missing_fraction,negative_control,2,DEM,9,9,0,0,0,0,0,0,0,,0,0,0
sleep__sleep_score_latency__subject_day_iqr,sleep,daily_scalar,scalar,subject_day_iqr,candidate,0,CN,85,85,0,17,14.5,19,4.5,17,0,0,0,0,0.4509803922
sleep__sleep_score_latency__subject_day_iqr,sleep,daily_scalar,scalar,subject_day_iqr,candidate,1,MCI,47,47,0,17.5,15.375,20,4.625,17,0.5,0.1478217475,0.0846057572,0.0846057572,0.4509803922
sleep__sleep_score_latency__subject_day_iqr,sleep,daily_scalar,scalar,subject_day_iqr,candidate,2,DEM,9,9,0,21.5,19,23.25,4.25,17,4.5,1.38697686,0.4509803922,0.4509803922,0.4509803922
sleep__sleep_score_latency__subject_median,sleep,daily_scalar,scalar,subject_median,candidate,0,CN,85,85,0,83,78,86,8,83,0,0,0,0,0.2091503268
sleep__sleep_score_latency__subject_median,sleep,daily_scalar,scalar,subject_median,candidate,1,MCI,47,47,0,81,78,84.5,6.5,83,-2,-0.3701625462,-0.1036295369,0.1036295369,0.2091503268
sleep__sleep_score_latency__subject_median,sleep,daily_scalar,scalar,subject_median,candidate,2,DEM,9,9,0,78,75,83,8,83,-5,-0.843125,-0.2091503268,0.2091503268,0.2091503268
sleep__sleep_score_latency__subject_missing_fraction,sleep,daily_scalar,scalar,subject_missing_fraction,negative_control,0,CN,85,85,0,0,0,0,0,0,0,,0,0,0
sleep__sleep_score_latency__subject_missing_fraction,sleep,daily_scalar,scalar,subject_missing_fraction,negative_control,1,MCI,47,47,0,0,0,0,0,0,0,,0,0,0
sleep__sleep_score_latency__subject_missing_fraction,sleep,daily_scalar,scalar,subject_missing_fraction,negative_control,2,DEM,9,9,0,0,0,0,0,0,0,,0,0,0
sleep__sleep_score_rem__subject_day_iqr,sleep,daily_scalar,scalar,subject_day_iqr,candidate,0,CN,85,85,0,30,23,34.25,11.25,30,0,0,0,0,0.1019607843
sleep__sleep_score_rem__subject_day_iqr,sleep,daily_scalar,scalar,subject_day_iqr,candidate,1,MCI,47,47,0,29.75,26.25,34,7.75,30,-0.25,-0.03491258819,0.04680851064,0.04680851064,0.1019607843
sleep__sleep_score_rem__subject_day_iqr,sleep,daily_scalar,scalar,subject_day_iqr,candidate,2,DEM,9,9,0,31.5,23,39,16,30,1.5,0.146307641,0.1019607843,0.1019607843,0.1019607843
sleep__sleep_score_rem__subject_median,sleep,daily_scalar,scalar,subject_median,candidate,0,CN,85,85,0,54.5,34,70,36,54.5,0,0,0,0,0.08235294118
sleep__sleep_score_rem__subject_median,sleep,daily_scalar,scalar,subject_median,candidate,1,MCI,47,47,0,51,34.5,62.25,27.75,54.5,-3.5,-0.1469004967,-0.04455569462,0.04455569462,0.08235294118
sleep__sleep_score_rem__subject_median,sleep,daily_scalar,scalar,subject_median,candidate,2,DEM,9,9,0,66,24,80,56,54.5,11.5,0.3295527287,0.08235294118,0.08235294118,0.08235294118
sleep__sleep_score_rem__subject_missing_fraction,sleep,daily_scalar,scalar,subject_missing_fraction,negative_control,0,CN,85,85,0,0,0,0,0,0,0,,0,0,0
sleep__sleep_score_rem__subject_missing_fraction,sleep,daily_scalar,scalar,subject_missing_fraction,negative_control,1,MCI,47,47,0,0,0,0,0,0,0,,0,0,0
sleep__sleep_score_rem__subject_missing_fraction,sleep,daily_scalar,scalar,subject_missing_fraction,negative_control,2,DEM,9,9,0,0,0,0,0,0,0,,0,0,0
sleep__sleep_score_total__subject_day_iqr,sleep,daily_scalar,scalar,subject_day_iqr,candidate,0,CN,85,85,0,22,17,25,8,22,0,0,0,0,0.1056320401
sleep__sleep_score_total__subject_day_iqr,sleep,daily_scalar,scalar,subject_day_iqr,candidate,1,MCI,47,47,0,23,17.375,26.75,9.375,22,1,0.1547966162,0.1056320401,0.1056320401,0.1056320401
sleep__sleep_score_total__subject_day_iqr,sleep,daily_scalar,scalar,subject_day_iqr,candidate,2,DEM,9,9,0,23,16,25,9,22,1,0.1584320152,0.06666666667,0.06666666667,0.1056320401
sleep__sleep_score_total__subject_median,sleep,daily_scalar,scalar,subject_median,candidate,0,CN,85,85,0,72,63,82,19,72,0,0,0,0,0.339869281
sleep__sleep_score_total__subject_median,sleep,daily_scalar,scalar,subject_median,candidate,1,MCI,47,47,0,73,65.5,80.75,15.25,72,1,0.07830576196,-0.005506883605,0.005506883605,0.339869281
sleep__sleep_score_total__subject_median,sleep,daily_scalar,scalar,subject_median,candidate,2,DEM,9,9,0,90,63,95,32,72,18,0.9227298411,0.339869281,0.339869281,0.339869281
sleep__sleep_score_total__subject_missing_fraction,sleep,daily_scalar,scalar,subject_missing_fraction,negative_control,0,CN,85,85,0,0,0,0,0,0,0,,0,0,0
sleep__sleep_score_total__subject_missing_fraction,sleep,daily_scalar,scalar,subject_missing_fraction,negative_control,1,MCI,47,47,0,0,0,0,0,0,0,,0,0,0
sleep__sleep_score_total__subject_missing_fraction,sleep,daily_scalar,scalar,subject_missing_fraction,negative_control,2,DEM,9,9,0,0,0,0,0,0,0,,0,0,0
sleep__sleep_temperature_delta__subject_day_iqr,sleep,daily_scalar,scalar,subject_day_iqr,candidate,0,CN,85,85,0,0.34,0.3,0.39,0.09,0.34,0,0,0,0,0.1647058824
sleep__sleep_temperature_delta__subject_day_iqr,sleep,daily_scalar,scalar,subject_day_iqr,candidate,1,MCI,47,47,0,0.3225,0.26625,0.39125,0.125,0.34,-0.0175,-0.2167513872,-0.1176470588,0.1176470588,0.1647058824
sleep__sleep_temperature_delta__subject_day_iqr,sleep,daily_scalar,scalar,subject_day_iqr,candidate,2,DEM,9,9,0,0.38,0.31,0.405,0.095,0.34,0.04,0.5831384105,0.1647058824,0.1647058824,0.1647058824
sleep__sleep_temperature_delta__subject_median,sleep,daily_scalar,scalar,subject_median,candidate,0,CN,85,85,0,-0.01,-0.05,0.04,0.09,-0.01,0,0,0,0,0.1399249061
sleep__sleep_temperature_delta__subject_median,sleep,daily_scalar,scalar,subject_median,candidate,1,MCI,47,47,0,0.005,-0.0325,0.06,0.0925,-0.01,0.015,0.2217326213,0.1399249061,0.1399249061,0.1399249061
sleep__sleep_temperature_delta__subject_median,sleep,daily_scalar,scalar,subject_median,candidate,2,DEM,9,9,0,-0.01,-0.07,0.04,0.11,-0.01,0,0,-0.05359477124,0.05359477124,0.1399249061
sleep__sleep_temperature_delta__subject_missing_fraction,sleep,daily_scalar,scalar,subject_missing_fraction,negative_control,0,CN,85,85,0,0,0,0,0,0,0,,0,0,0
sleep__sleep_temperature_delta__subject_missing_fraction,sleep,daily_scalar,scalar,subject_missing_fraction,negative_control,1,MCI,47,47,0,0,0,0,0,0,0,,0,0,0
sleep__sleep_temperature_delta__subject_missing_fraction,sleep,daily_scalar,scalar,subject_missing_fraction,negative_control,2,DEM,9,9,0,0,0,0,0,0,0,,0,0,0
sleep__sleep_temperature_deviation__subject_day_iqr,sleep,daily_scalar,scalar,subject_day_iqr,candidate,0,CN,85,85,0,0.34,0.3,0.39,0.09,0.34,0,0,0,0,0.1647058824
sleep__sleep_temperature_deviation__subject_day_iqr,sleep,daily_scalar,scalar,subject_day_iqr,candidate,1,MCI,47,47,0,0.3225,0.26625,0.39125,0.125,0.34,-0.0175,-0.2167513872,-0.1176470588,0.1176470588,0.1647058824
sleep__sleep_temperature_deviation__subject_day_iqr,sleep,daily_scalar,scalar,subject_day_iqr,candidate,2,DEM,9,9,0,0.38,0.31,0.405,0.095,0.34,0.04,0.5831384105,0.1647058824,0.1647058824,0.1647058824
sleep__sleep_temperature_deviation__subject_median,sleep,daily_scalar,scalar,subject_median,candidate,0,CN,85,85,0,-0.01,-0.05,0.04,0.09,-0.01,0,0,0,0,0.1399249061
sleep__sleep_temperature_deviation__subject_median,sleep,daily_scalar,scalar,subject_median,candidate,1,MCI,47,47,0,0.005,-0.0325,0.06,0.0925,-0.01,0.015,0.2217326213,0.1399249061,0.1399249061,0.1399249061
sleep__sleep_temperature_deviation__subject_median,sleep,daily_scalar,scalar,subject_median,candidate,2,DEM,9,9,0,-0.01,-0.07,0.04,0.11,-0.01,0,0,-0.05359477124,0.05359477124,0.1399249061
sleep__sleep_temperature_deviation__subject_missing_fraction,sleep,daily_scalar,scalar,subject_missing_fraction,negative_control,0,CN,85,85,0,0,0,0,0,0,0,,0,0,0
sleep__sleep_temperature_deviation__subject_missing_fraction,sleep,daily_scalar,scalar,subject_missing_fraction,negative_control,1,MCI,47,47,0,0,0,0,0,0,0,,0,0,0
sleep__sleep_temperature_deviation__subject_missing_fraction,sleep,daily_scalar,scalar,subject_missing_fraction,negative_control,2,DEM,9,9,0,0,0,0,0,0,0,,0,0,0
sleep__sleep_total__subject_day_iqr,sleep,daily_scalar,scalar,subject_day_iqr,candidate,0,CN,85,85,0,5235,4320,6510,2190,5235,0,0,0,0,0.3647058824
sleep__sleep_total__subject_day_iqr,sleep,daily_scalar,scalar,subject_day_iqr,candidate,1,MCI,47,47,0,5550,4425,6442.5,2017.5,5235,315,0.2018197613,0.07759699625,0.07759699625,0.3647058824
sleep__sleep_total__subject_day_iqr,sleep,daily_scalar,scalar,subject_day_iqr,candidate,2,DEM,9,9,0,6502.5,5535,7140,1605,5235,1267.5,0.8905915502,0.3647058824,0.3647058824,0.3647058824
sleep__sleep_total__subject_median,sleep,daily_scalar,scalar,subject_median,candidate,0,CN,85,85,0,23370,21510,25710,4200,23370,0,0,0,0,0.3960784314
sleep__sleep_total__subject_median,sleep,daily_scalar,scalar,subject_median,candidate,1,MCI,47,47,0,23580,21202.5,25635,4432.5,23370,210,0.06560957028,0.004255319149,0.004255319149,0.3960784314
sleep__sleep_total__subject_median,sleep,daily_scalar,scalar,subject_median,candidate,2,DEM,9,9,0,28215,21600,29400,7800,23370,4845,1.043376934,0.3960784314,0.3960784314,0.3960784314
sleep__sleep_total__subject_missing_fraction,sleep,daily_scalar,scalar,subject_missing_fraction,negative_control,0,CN,85,85,0,0,0,0,0,0,0,,0,0,0
sleep__sleep_total__subject_missing_fraction,sleep,daily_scalar,scalar,subject_missing_fraction,negative_control,1,MCI,47,47,0,0,0,0,0,0,0,,0,0,0
sleep__sleep_total__subject_missing_fraction,sleep,daily_scalar,scalar,subject_missing_fraction,negative_control,2,DEM,9,9,0,0,0,0,0,0,0,,0,0,0
