feature,feature_family,comparison,class_median,cn_median,cliffs_delta,abs_cliffs_delta,class_nonmissing,cn_nonmissing
mmse__orientation_sum,MMSE,DEM vs CN,17.0,20.0,-0.9267973856209151,0.9267973856209151,9,85
mmse__total,MMSE,DEM vs CN,22.0,28.0,-0.9098039215686274,0.9098039215686274,9,85
mmse__memory_language_sum,MMSE,DEM vs CN,34.0,38.0,-0.8,0.8,9,85
mmse__q03,MMSE,DEM vs CN,1.0,2.0,-0.7542483660130719,0.7542483660130719,9,85
sleep__scalar_sleep_score_latency__q10,sleep,DEM vs CN,62.0,67.0,-0.6248366013071895,0.6248366013071895,9,85
activity__seq_activity_state_state_1_ratio__q10,activity,DEM vs CN,0.35563379526138306,0.27826619148254395,0.6052287581699346,0.6052287581699346,9,85
activity__seq_activity_state_state_1_ratio__median,activity,DEM vs CN,0.4305555522441864,0.34375,0.6026143790849673,0.6026143790849673,9,85
sleep__scalar_sleep_light__q90,sleep,DEM vs CN,23292.0,18234.0,0.6026143790849673,0.6026143790849673,9,85
sleep__scalar_sleep_light__mean,sleep,DEM vs CN,19578.62109375,14164.4345703125,0.5947712418300654,0.5947712418300654,9,85
sleep__scalar_sleep_light__median,sleep,DEM vs CN,19500.0,14400.0,0.5843137254901961,0.5843137254901961,9,85
sleep__scalar_sleep_score_deep__std,sleep,DEM vs CN,23.63938331604004,15.20207405090332,0.5843137254901961,0.5843137254901961,9,85
activity__scalar_activity_rest__median,activity,DEM vs CN,666.0,505.0,0.5816993464052288,0.5816993464052288,9,85
activity__scalar_activity_low__std,activity,DEM vs CN,52.668304443359375,81.72998046875,-0.5764705882352941,0.5764705882352941,9,85
activity__seq_activity_state_state_1_ratio__mean,activity,DEM vs CN,0.43744760751724243,0.34538233280181885,0.5738562091503268,0.5738562091503268,9,85
activity__scalar_activity_rest__mean,activity,DEM vs CN,659.02001953125,510.4571533203125,0.5686274509803921,0.5686274509803921,9,85
activity__scalar_activity_rest__q10,activity,DEM vs CN,538.0,413.0,0.5686274509803921,0.5686274509803921,9,85
activity__scalar_activity_met_min_low__std,activity,DEM vs CN,37.90060806274414,65.32978820800781,-0.5581699346405229,0.5581699346405229,9,85
sleep__scalar_sleep_restless__q90,sleep,DEM vs CN,55.70000076293945,43.0,0.5581699346405229,0.5581699346405229,9,85
mmse__q05,MMSE,DEM vs CN,1.0,2.0,-0.5555555555555556,0.5555555555555556,9,85
sleep__scalar_sleep_score_deep__iqr,sleep,DEM vs CN,35.0,5.5,0.5516339869281046,0.5516339869281046,9,85
activity__scalar_activity_total__iqr,activity,DEM vs CN,73.0,113.5,-0.5490196078431373,0.5490196078431373,9,85
sleep__seq_sleep_stage_state_2_ratio__q90,sleep,DEM vs CN,0.6902192831039429,0.60317462682724,0.5450980392156862,0.5450980392156862,9,85
sleep__scalar_sleep_midpoint_time__q90,sleep,DEM vs CN,21216.0,17700.0,0.5372549019607843,0.5372549019607843,9,85
sleep__scalar_sleep_restless__mean,sleep,DEM vs CN,46.72972869873047,33.63793182373047,0.5320261437908497,0.5320261437908497,9,85
sleep__scalar_sleep_score_deep__q10,sleep,DEM vs CN,24.399999618530273,71.0,-0.5320261437908497,0.5320261437908497,9,85
activity__seq_activity_state_active_ratio__q90,activity,DEM vs CN,0.2717770040035248,0.35832923650741577,-0.526797385620915,0.526797385620915,9,85
activity__seq_activity_met_median__mean,activity,DEM vs CN,1.1065573692321777,1.1972222328186035,-0.526797385620915,0.526797385620915,9,85
activity__seq_activity_state_state_3_ratio__std,activity,DEM vs CN,0.03833451494574547,0.06030953302979469,-0.5215686274509804,0.5215686274509804,9,85
sleep__seq_sleep_stage_state_1_ratio__q10,sleep,DEM vs CN,0.04444444552063942,0.09785134345293045,-0.5215686274509804,0.5215686274509804,9,85
activity__scalar_activity_total__std,activity,DEM vs CN,63.789485931396484,94.9700698852539,-0.5189542483660131,0.5189542483660131,9,85
activity__scalar_activity_total__q90,activity,DEM vs CN,342.0,471.0,-0.5189542483660131,0.5189542483660131,9,85
sleep__scalar_sleep_restless__std,sleep,DEM vs CN,7.21540641784668,5.575218200683594,0.5189542483660131,0.5189542483660131,9,85
activity__seq_activity_state_active_ratio__std,activity,DEM vs CN,0.047359853982925415,0.06935089081525803,-0.5137254901960784,0.5137254901960784,9,85
activity__seq_activity_met_iqr__std,activity,DEM vs CN,0.10570065677165985,0.16858193278312683,-0.5137254901960784,0.5137254901960784,9,85
activity__scalar_activity_low__q90,activity,DEM vs CN,245.0,397.6000061035156,-0.5124183006535947,0.5124183006535947,9,85
activity__scalar_activity_average_met__iqr,activity,DEM vs CN,0.09375,0.15625,-0.5111111111111111,0.5111111111111111,9,85
activity__seq_activity_state_state_1_ratio__q90,activity,DEM vs CN,0.5131944417953491,0.41602563858032227,0.5111111111111111,0.5111111111111111,9,85
sleep__scalar_sleep_restless__median,sleep,DEM vs CN,46.0,33.0,0.5111111111111111,0.5111111111111111,9,85
sleep__scalar_sleep_midpoint_time__median,sleep,DEM vs CN,18180.0,14055.0,0.5045751633986928,0.5045751633986928,9,85
activity__seq_activity_met_iqr__q90,activity,DEM vs CN,0.6000000238418579,0.8999999761581421,-0.5032679738562091,0.5032679738562091,9,85
activity__scalar_activity_rest__q90,activity,DEM vs CN,764.7999877929688,618.0,0.5006535947712418,0.5006535947712418,9,85
activity__scalar_activity_score_meet_daily_targets__q90,activity,DEM vs CN,78.0,100.0,-0.5006535947712418,0.5006535947712418,9,85
sleep__seq_sleep_stage_entropy__std,sleep,DEM vs CN,0.12865279614925385,0.09121574461460114,0.5006535947712418,0.5006535947712418,9,85
sleep__seq_sleep_stage_entropy__q10,sleep,DEM vs CN,0.8837937116622925,1.0233545303344727,-0.5006535947712418,0.5006535947712418,9,85
activity__scalar_activity_low__iqr,activity,DEM vs CN,66.5,96.75,-0.49673202614379086,0.49673202614379086,9,85
mmse__q16_3,MMSE,DEM vs CN,1.0,2.0,-0.49673202614379086,0.49673202614379086,9,85
mmse__q12_2,MMSE,DEM vs CN,1.0,2.0,-0.4954248366013072,0.4954248366013072,9,85
sleep__scalar_sleep_score_latency__std,sleep,DEM vs CN,16.530563354492188,13.114588737487793,0.4928104575163399,0.4928104575163399,9,85
sleep__seq_sleep_stage_transition_rate__median,sleep,DEM vs CN,0.2621597647666931,0.30275025963783264,-0.4928104575163399,0.4928104575163399,9,85
activity__scalar_activity_average_met__q90,activity,DEM vs CN,1.4375,1.618749976158142,-0.49019607843137253,0.49019607843137253,9,85
sleep__scalar_sleep_midpoint_at_delta__rank_slope,sleep,DEM vs CN,-4132.1904296875,1395.2335205078125,-0.49019607843137253,0.49019607843137253,9,85
sleep__scalar_sleep_light__q10,sleep,DEM vs CN,13608.0,10194.0,0.4888888888888889,0.4888888888888889,9,85
sleep__scalar_sleep_duration__q90,sleep,DEM vs CN,39948.0,35070.0,0.4875816993464052,0.4875816993464052,9,85
sleep__scalar_sleep_light__std,sleep,DEM vs CN,3819.238525390625,3216.7451171875,0.4875816993464052,0.4875816993464052,9,85
sleep__scalar_sleep_awake__iqr,sleep,DEM vs CN,4125.0,3000.0,0.4823529411764706,0.4823529411764706,9,85
activity__scalar_activity_met_min_low__iqr,activity,DEM vs CN,46.5,76.0,-0.48104575163398694,0.48104575163398694,9,85
activity__seq_activity_state_active_ratio__iqr,activity,DEM vs CN,0.0542256124317646,0.0842013880610466,-0.4797385620915033,0.4797385620915033,9,85
sleep__seq_sleep_stage_state_1_ratio__mean,sleep,DEM vs CN,0.12443406134843826,0.19129876792430878,-0.4797385620915033,0.4797385620915033,9,85
activity__scalar_activity_met_min_low__q90,activity,DEM vs CN,149.0,268.0,-0.477124183006536,0.477124183006536,9,85
activity__seq_activity_state_state_3_ratio__q90,activity,DEM vs CN,0.1944444477558136,0.2951388955116272,-0.477124183006536,0.477124183006536,9,85
sleep__scalar_sleep_awake__std,sleep,DEM vs CN,3605.344970703125,2672.27490234375,0.477124183006536,0.477124183006536,9,85
sleep__seq_sleep_stage_longest_inactive_run__iqr,sleep,DEM vs CN,5.0,3.0,0.477124183006536,0.477124183006536,9,85
sleep__scalar_sleep_score_latency__mean,sleep,DEM vs CN,76.49019622802734,80.60563659667969,-0.4745098039215686,0.4745098039215686,9,85
activity__scalar_activity_score_meet_daily_targets__mean,activity,DEM vs CN,40.60784149169922,85.53845977783203,-0.469281045751634,0.469281045751634,9,85
sleep__seq_sleep_stage_state_1_ratio__median,sleep,DEM vs CN,0.10059171915054321,0.18677325546741486,-0.469281045751634,0.469281045751634,9,85
sleep__seq_sleep_stage_transition_rate__mean,sleep,DEM vs CN,0.26339077949523926,0.30112674832344055,-0.469281045751634,0.469281045751634,9,85
sleep__scalar_sleep_restless__q10,sleep,DEM vs CN,35.0,26.899999618530273,0.4666666666666667,0.4666666666666667,9,85
mmse__q13_2,MMSE,DEM vs CN,1.0,2.0,-0.4666666666666667,0.4666666666666667,9,85
activity__seq_activity_state_entropy__q90,activity,DEM vs CN,1.2124353647232056,1.289401888847351,-0.46143790849673205,0.46143790849673205,9,85
sleep__seq_sleep_hr_iqr__iqr,sleep,DEM vs CN,2.25,2.0,0.46013071895424834,0.46013071895424834,9,85
sleep__seq_sleep_stage_state_2_ratio__median,sleep,DEM vs CN,0.5463435649871826,0.5056179761886597,0.46013071895424834,0.46013071895424834,9,85
activity__seq_activity_state_state_3_ratio__iqr,activity,DEM vs CN,0.045030537992715836,0.06838839501142502,-0.4588235294117647,0.4588235294117647,9,85
sleep__scalar_sleep_duration__median,sleep,DEM vs CN,36420.0,28350.0,0.4588235294117647,0.4588235294117647,9,85
sleep__seq_sleep_stage_state_2_ratio__mean,sleep,DEM vs CN,0.5533050894737244,0.5057899355888367,0.4588235294117647,0.4588235294117647,9,85
sleep__scalar_sleep_deep__q10,sleep,DEM vs CN,1272.0,3108.0,-0.4562091503267974,0.4562091503267974,9,85
sleep__scalar_sleep_onset_latency__std,sleep,DEM vs CN,719.382568359375,503.68585205078125,0.4562091503267974,0.4562091503267974,9,85
sleep__scalar_sleep_midpoint_time__mean,sleep,DEM vs CN,17993.529296875,14217.0869140625,0.45359477124183006,0.45359477124183006,9,85
sleep__seq_sleep_stage_entropy__iqr,sleep,DEM vs CN,0.1562412679195404,0.11464937776327133,0.45359477124183006,0.45359477124183006,9,85
sleep__seq_sleep_stage_transition_rate__q90,sleep,DEM vs CN,0.33661970496177673,0.3644711375236511,-0.45359477124183006,0.45359477124183006,9,85
activity__scalar_activity_cal_total__iqr,activity,DEM vs CN,138.75,261.0,-0.4522875816993464,0.4522875816993464,9,85
sleep__scalar_sleep_duration__mean,sleep,DEM vs CN,35783.53125,28222.857421875,0.45098039215686275,0.45098039215686275,9,85
sleep__scalar_sleep_score_latency__iqr,sleep,DEM vs CN,21.5,17.0,0.45098039215686275,0.45098039215686275,9,85
sleep__seq_sleep_stage_transition_rate__q10,sleep,DEM vs CN,0.1894736886024475,0.2426571249961853,-0.45098039215686275,0.45098039215686275,9,85
activity__scalar_activity_score_meet_daily_targets__median,activity,DEM vs CN,43.0,95.0,-0.4444444444444444,0.4444444444444444,9,85
activity__seq_activity_met_mean__q90,activity,DEM vs CN,1.432083249092102,1.597902774810791,-0.44052287581699345,0.44052287581699345,9,85
activity__seq_activity_met_median__q90,activity,DEM vs CN,1.2000000476837158,1.2999999523162842,-0.43790849673202614,0.43790849673202614,9,85
activity__seq_activity_met_iqr__mean,activity,DEM vs CN,0.4479508101940155,0.6284884214401245,-0.43790849673202614,0.43790849673202614,9,85
sleep__scalar_sleep_score_deep__mean,sleep,DEM vs CN,68.96363830566406,89.33000183105469,-0.43790849673202614,0.43790849673202614,9,85
sleep__seq_sleep_stage_entropy__mean,sleep,DEM vs CN,1.045088529586792,1.143018364906311,-0.43529411764705883,0.43529411764705883,9,85
sleep__scalar_sleep_midpoint_time__std,sleep,DEM vs CN,3464.130615234375,2925.514892578125,0.4326797385620915,0.4326797385620915,9,85
mmse__q13_3,MMSE,DEM vs CN,1.0,2.0,-0.43137254901960786,0.43137254901960786,9,85
activity__scalar_activity_average_met__mean,activity,DEM vs CN,1.3314950466156006,1.4720394611358643,-0.4300653594771242,0.4300653594771242,9,85
sleep__seq_sleep_stage_state_2_ratio__q10,sleep,DEM vs CN,0.4371296167373657,0.41346919536590576,0.4300653594771242,0.4300653594771242,9,85
activity__seq_activity_met_q90__q90,activity,DEM vs CN,2.299999952316284,2.799999952316284,-0.42745098039215684,0.42745098039215684,9,85
sleep__scalar_sleep_midpoint_at_delta__std,sleep,DEM vs CN,14754.2646484375,4694.28173828125,0.42745098039215684,0.42745098039215684,9,85
sleep__scalar_sleep_score_latency__rank_slope,sleep,DEM vs CN,3.7123215198516846,-1.423076868057251,0.42745098039215684,0.42745098039215684,9,85
sleep__scalar_sleep_total__q90,sleep,DEM vs CN,33900.0,28584.0,0.42745098039215684,0.42745098039215684,9,85
activity__scalar_activity_total__mean,activity,DEM vs CN,256.0,345.2432556152344,-0.42483660130718953,0.42483660130718953,9,85
sleep__scalar_sleep_score_deep__median,sleep,DEM vs CN,69.0,96.0,-0.4196078431372549,0.4196078431372549,9,85
sleep__scalar_sleep_score_total__q90,sleep,DEM vs CN,100.0,92.0,0.4196078431372549,0.4196078431372549,9,85
sleep__scalar_sleep_duration__std,sleep,DEM vs CN,6507.10302734375,5488.9970703125,0.4169934640522876,0.4169934640522876,9,85
activity__seq_activity_met_mean__mean,activity,DEM vs CN,1.3051661252975464,1.4431201219558716,-0.4143790849673203,0.4143790849673203,9,85
mmse__q08,MMSE,DEM vs CN,1.0,2.0,-0.4143790849673203,0.4143790849673203,9,85
sleep__scalar_sleep_onset_latency__q90,sleep,DEM vs CN,1662.0,1122.0,0.4117647058823529,0.4117647058823529,9,85
activity__seq_activity_met_q90__iqr,activity,DEM vs CN,0.24999994039535522,0.5,-0.41045751633986927,0.41045751633986927,9,85
activity__scalar_activity_cal_total__std,activity,DEM vs CN,159.2121124267578,203.11366271972656,-0.4091503267973856,0.4091503267973856,9,85
activity__scalar_activity_met_min_low__mean,activity,DEM vs CN,104.0655746459961,200.04225158691406,-0.4091503267973856,0.4091503267973856,9,85
activity__seq_activity_state_active_ratio__mean,activity,DEM vs CN,0.2026827335357666,0.2614317536354065,-0.4091503267973856,0.4091503267973856,9,85
sleep__scalar_sleep_rem__std,sleep,DEM vs CN,1625.00439453125,1462.9124755859375,0.4091503267973856,0.4091503267973856,9,85
sleep__seq_sleep_stage_state_1_ratio__q90,sleep,DEM vs CN,0.22175824642181396,0.2780798673629761,-0.4091503267973856,0.4091503267973856,9,85
activity__seq_activity_state_transition_rate__std,activity,DEM vs CN,0.03279421851038933,0.03701917454600334,-0.4065359477124183,0.4065359477124183,9,85
activity__seq_activity_met_median__median,activity,DEM vs CN,1.100000023841858,1.2000000476837158,-0.4065359477124183,0.4065359477124183,9,85
activity__scalar_activity_total__median,activity,DEM vs CN,252.0,337.5,-0.40522875816993464,0.40522875816993464,9,85
sleep__scalar_sleep_awake__q90,sleep,DEM vs CN,11460.0,8406.0,0.403921568627451,0.403921568627451,9,85
sleep__seq_sleep_stage_entropy__q90,sleep,DEM vs CN,1.1971691846847534,1.253207802772522,-0.4013071895424837,0.4013071895424837,9,85
mmse__q16_1,MMSE,DEM vs CN,1.0,2.0,-0.4013071895424837,0.4013071895424837,9,85
sleep__scalar_sleep_total__mean,sleep,DEM vs CN,27824.189453125,23275.71484375,0.39869281045751637,0.39869281045751637,9,85
mmse__q01,MMSE,DEM vs CN,2.0,2.0,-0.39738562091503266,0.39738562091503266,9,85
mmse__q04,MMSE,DEM vs CN,2.0,2.0,-0.39738562091503266,0.39738562091503266,9,85
mmse__q10,MMSE,DEM vs CN,2.0,2.0,-0.39738562091503266,0.39738562091503266,9,85
activity__seq_activity_met_mean__median,activity,DEM vs CN,1.301041603088379,1.4322916269302368,-0.396078431372549,0.396078431372549,9,85
sleep__scalar_sleep_total__median,sleep,DEM vs CN,28215.0,23370.0,0.396078431372549,0.396078431372549,9,85
sleep__seq_sleep_stage_entropy__median,sleep,DEM vs CN,1.0592364072799683,1.155898928642273,-0.396078431372549,0.396078431372549,9,85
activity__scalar_activity_low__mean,activity,DEM vs CN,171.7541046142578,284.1666564941406,-0.3934640522875817,0.3934640522875817,9,85
activity__seq_activity_state_entropy__median,activity,DEM vs CN,1.1118686199188232,1.1937426328659058,-0.3934640522875817,0.3934640522875817,9,85
activity__seq_activity_met_mean__iqr,activity,DEM vs CN,0.11850696802139282,0.17104172706604004,-0.3934640522875817,0.3934640522875817,9,85
activity__seq_activity_met_median__q10,activity,DEM vs CN,0.9599999785423279,1.1200000047683716,-0.3934640522875817,0.3934640522875817,9,85
sleep__scalar_sleep_onset_latency__iqr,sleep,DEM vs CN,660.0,540.0,0.3934640522875817,0.3934640522875817,9,85
sleep__seq_sleep_hr_low_high_delta__std,sleep,DEM vs CN,3.1961662769317627,2.3909378051757812,0.3934640522875817,0.3934640522875817,9,85
mmse__q13_1,MMSE,DEM vs CN,1.0,2.0,-0.3908496732026144,0.3908496732026144,9,85
activity__seq_activity_met_q90__mean,activity,DEM vs CN,1.9629411697387695,2.2895889282226562,-0.38562091503267976,0.38562091503267976,9,85
sleep__clock_bedtime_start_sin__q10,sleep,DEM vs CN,-0.8509610891342163,-0.7237919569015503,-0.3803921568627451,0.3803921568627451,9,85
sleep__clock_bedtime_start_cos__q10,sleep,DEM vs CN,0.468002587556839,0.689900815486908,-0.3803921568627451,0.3803921568627451,9,85
sleep__seq_sleep_stage_state_4_ratio__iqr,sleep,DEM vs CN,0.1111111119389534,0.08614703267812729,0.3803921568627451,0.3803921568627451,9,85
sleep__seq_sleep_stage_active_ratio__iqr,sleep,DEM vs CN,0.1111111119389534,0.08614703267812729,0.3803921568627451,0.3803921568627451,9,85
sleep__seq_sleep_stage_longest_inactive_run__mean,sleep,DEM vs CN,6.436363697052002,5.099999904632568,0.3803921568627451,0.3803921568627451,9,85
activity__scalar_activity_average_met__median,activity,DEM vs CN,1.328125,1.46875,-0.3790849673202614,0.3790849673202614,9,85
activity__seq_activity_state_entropy__mean,activity,DEM vs CN,1.1306909322738647,1.1820993423461914,-0.37777777777777777,0.37777777777777777,9,85
activity__seq_activity_met_iqr__median,activity,DEM vs CN,0.3999999761581421,0.6000000238418579,-0.37777777777777777,0.37777777777777777,9,85
activity__scalar_activity_low__median,activity,DEM vs CN,164.0,278.0,-0.3764705882352941,0.3764705882352941,9,85
activity__scalar_activity_met_min_low__median,activity,DEM vs CN,97.0,189.5,-0.37516339869281046,0.37516339869281046,9,85
activity__seq_activity_state_active_ratio__median,activity,DEM vs CN,0.2013888955116272,0.2569444477558136,-0.37516339869281046,0.37516339869281046,9,85
activity__scalar_activity_daily_movement__q90,activity,DEM vs CN,8438.2998046875,12532.400390625,-0.37254901960784315,0.37254901960784315,9,85
activity__scalar_activity_daily_movement__iqr,activity,DEM vs CN,2668.75,4185.25,-0.36993464052287583,0.36993464052287583,9,85
activity__seq_activity_met_mean__std,activity,DEM vs CN,0.10094533860683441,0.13100561499595642,-0.36993464052287583,0.36993464052287583,9,85
activity__scalar_activity_steps__q90,activity,DEM vs CN,10899.0,15165.0,-0.3673202614379085,0.3673202614379085,9,85
activity__seq_activity_met_median__iqr,activity,DEM vs CN,0.20000004768371582,0.09999990463256836,0.3673202614379085,0.3673202614379085,9,85
sleep__scalar_sleep_score_disturbances__std,sleep,DEM vs CN,8.274515151977539,7.413331031799316,0.3673202614379085,0.3673202614379085,9,85
mmse__q12_5,MMSE,DEM vs CN,1.0,2.0,-0.3673202614379085,0.3673202614379085,9,85
sleep__scalar_sleep_deep__median,sleep,DEM vs CN,3390.0,5310.0,-0.36470588235294116,0.36470588235294116,9,85
sleep__scalar_sleep_restless__iqr,sleep,DEM vs CN,8.5,7.0,0.36470588235294116,0.36470588235294116,9,85
sleep__scalar_sleep_total__iqr,sleep,DEM vs CN,6502.5,5235.0,0.36470588235294116,0.36470588235294116,9,85
activity__seq_activity_met_q90__std,activity,DEM vs CN,0.24447059631347656,0.3892797827720642,-0.36209150326797385,0.36209150326797385,9,85
activity__scalar_activity_met_min_inactive__q90,activity,DEM vs CN,8.0,10.0,-0.3607843137254902,0.3607843137254902,9,85
activity__scalar_activity_score_meet_daily_targets__q10,activity,DEM vs CN,1.0,60.0,-0.3607843137254902,0.3607843137254902,9,85
sleep__scalar_sleep_efficiency__iqr,sleep,DEM vs CN,10.0,8.0,0.3568627450980392,0.3568627450980392,9,85
sleep__seq_sleep_hr_low_high_delta__q10,sleep,DEM vs CN,-6.07311487197876,-4.785186290740967,-0.3542483660130719,0.3542483660130719,9,85
sleep__scalar_sleep_duration__iqr,sleep,DEM vs CN,7740.0,6540.0,0.35294117647058826,0.35294117647058826,9,85
activity__seq_activity_met_iqr__iqr,activity,DEM vs CN,0.10000002384185791,0.20000004768371582,-0.3516339869281046,0.3516339869281046,9,85
sleep__seq_sleep_hr_std__std,sleep,DEM vs CN,1.045247197151184,0.8968149423599243,0.3516339869281046,0.3516339869281046,9,85
sleep__seq_sleep_stage_longest_inactive_run__median,sleep,DEM vs CN,5.0,4.0,0.3516339869281046,0.3516339869281046,9,85
activity__scalar_activity_score__rank_slope,activity,DEM vs CN,-13.249411582946777,-4.521417140960693,-0.3464052287581699,0.3464052287581699,9,85
activity__seq_activity_met_q10__rank_slope,activity,DEM vs CN,0.09576469659805298,5.39251184334711e-17,0.3464052287581699,0.3464052287581699,9,85
sleep__scalar_sleep_deep__mean,sleep,DEM vs CN,3634.9091796875,5210.2705078125,-0.3464052287581699,0.3464052287581699,9,85
activity__seq_activity_state_transition_rate__recent_early,activity,DEM vs CN,-0.011627307161688805,-0.0029823414515703917,-0.34509803921568627,0.34509803921568627,9,85
mmse__q12_4,MMSE,DEM vs CN,1.0,2.0,-0.3437908496732026,0.3437908496732026,9,85
sleep__seq_sleep_stage_longest_inactive_run__q90,sleep,DEM vs CN,11.600000381469727,10.0,0.34248366013071896,0.34248366013071896,9,85
activity__seq_activity_state_state_3_ratio__mean,activity,DEM vs CN,0.13720287382602692,0.21435679495334625,-0.3411764705882353,0.3411764705882353,9,85
activity__scalar_activity_cal_total__q90,activity,DEM vs CN,2500.699951171875,2766.89990234375,-0.33986928104575165,0.33986928104575165,9,85
sleep__scalar_sleep_midpoint_time__iqr,sleep,DEM vs CN,3840.0,3390.0,0.33986928104575165,0.33986928104575165,9,85
sleep__scalar_sleep_score_total__median,sleep,DEM vs CN,90.0,72.0,0.33986928104575165,0.33986928104575165,9,85
activity__scalar_activity_rest__std,activity,DEM vs CN,106.57965850830078,90.8017349243164,0.338562091503268,0.338562091503268,9,85
activity__seq_activity_state_longest_inactive_run__q90,activity,DEM vs CN,103.0,87.0,0.33725490196078434,0.33725490196078434,9,85
sleep__scalar_sleep_light__iqr,sleep,DEM vs CN,4605.0,4320.0,0.3359477124183007,0.3359477124183007,9,85
sleep__scalar_sleep_score_disturbances__q10,sleep,DEM vs CN,48.400001525878906,57.0,-0.3359477124183007,0.3359477124183007,9,85
sleep__clock_bedtime_end_cos__median,sleep,DEM vs CN,-0.2630312144756317,-0.13059072196483612,-0.3359477124183007,0.3359477124183007,9,85
activity__scalar_activity_cal_active__q90,activity,DEM vs CN,463.6000061035156,645.0,-0.33464052287581697,0.33464052287581697,9,85
activity__scalar_activity_score_move_every_hour__rank_slope,activity,DEM vs CN,-0.18808777630329132,0.287262886762619,-0.3333333333333333,0.3333333333333333,9,85
sleep__seq_sleep_stage_state_4_ratio__std,sleep,DEM vs CN,0.07634732127189636,0.06993541121482849,0.3333333333333333,0.3333333333333333,9,85
sleep__seq_sleep_stage_active_ratio__std,sleep,DEM vs CN,0.07634732127189636,0.06993541121482849,0.3333333333333333,0.3333333333333333,9,85
activity__scalar_activity_cal_active__iqr,activity,DEM vs CN,131.75,199.0,-0.330718954248366,0.330718954248366,9,85
activity__scalar_activity_rest__iqr,activity,DEM vs CN,139.5,111.5,0.330718954248366,0.330718954248366,9,85
sleep__scalar_sleep_rem__recent_early,sleep,DEM vs CN,-390.0,0.0,-0.330718954248366,0.330718954248366,9,85
sleep__scalar_sleep_score_latency__recent_early,sleep,DEM vs CN,0.0,0.0,0.330718954248366,0.330718954248366,9,85
sleep__clock_bedtime_start_sin__recent_early,sleep,DEM vs CN,0.13941575586795807,0.03138268366456032,0.330718954248366,0.330718954248366,9,85
activity__seq_activity_state_state_3_ratio__median,activity,DEM vs CN,0.1423611044883728,0.20499466359615326,-0.32941176470588235,0.32941176470588235,9,85
activity__scalar_activity_daily_movement__std,activity,DEM vs CN,2551.8095703125,3256.071044921875,-0.3281045751633987,0.3281045751633987,9,85
sleep__scalar_sleep_hr_lowest__std,sleep,DEM vs CN,2.863506555557251,2.386528968811035,0.3281045751633987,0.3281045751633987,9,85
activity__seq_activity_state_transition_rate__q90,activity,DEM vs CN,0.28780487179756165,0.29699569940567017,-0.32679738562091504,0.32679738562091504,9,85
activity__seq_activity_met_q90__median,activity,DEM vs CN,1.899999976158142,2.2100000381469727,-0.32679738562091504,0.32679738562091504,9,85
sleep__seq_sleep_rmssd_q10__q10,sleep,DEM vs CN,14.0,14.899999618530273,-0.3254901960784314,0.3254901960784314,9,85
activity__scalar_activity_met_min_inactive__mean,activity,DEM vs CN,5.931034564971924,7.461538314819336,-0.32287581699346407,0.32287581699346407,9,85
sleep__scalar_sleep_total__std,sleep,DEM vs CN,4638.43408203125,4198.16943359375,0.32287581699346407,0.32287581699346407,9,85
sleep__seq_sleep_rmssd_median__q10,sleep,DEM vs CN,17.0,20.0,-0.3215686274509804,0.3215686274509804,9,85
mmse__q09,MMSE,DEM vs CN,2.0,2.0,-0.3215686274509804,0.3215686274509804,9,85
activity__scalar_activity_score_move_every_hour__mean,activity,DEM vs CN,99.0545425415039,97.46154022216797,0.3176470588235294,0.3176470588235294,9,85
sleep__seq_sleep_hr_low_high_delta__iqr,sleep,DEM vs CN,3.7785215377807617,2.9649105072021484,0.3176470588235294,0.3176470588235294,9,85
sleep__seq_sleep_stage_state_4_ratio__q90,sleep,DEM vs CN,0.28890323638916016,0.25,0.3176470588235294,0.3176470588235294,9,85
sleep__seq_sleep_stage_active_ratio__q10,sleep,DEM vs CN,0.7110967636108398,0.75,-0.3176470588235294,0.3176470588235294,9,85
activity__scalar_activity_score__median,activity,DEM vs CN,75.5,88.0,-0.31633986928104574,0.31633986928104574,9,85
activity__scalar_activity_daily_movement__mean,activity,DEM vs CN,5727.2294921875,8602.974609375,-0.3150326797385621,0.3150326797385621,9,85
activity__scalar_activity_score__mean,activity,DEM vs CN,74.09333038330078,86.05660247802734,-0.3150326797385621,0.3150326797385621,9,85
sleep__scalar_sleep_efficiency__std,sleep,DEM vs CN,7.562512397766113,6.665046215057373,0.3150326797385621,0.3150326797385621,9,85
activity__seq_activity_state_state_4_ratio__iqr,activity,DEM vs CN,0.01998157612979412,0.03023132123053074,-0.3137254901960784,0.3137254901960784,9,85
sleep__scalar_sleep_midpoint_at_delta__iqr,sleep,DEM vs CN,4438.5,3690.75,0.3137254901960784,0.3137254901960784,9,85
activity__scalar_activity_inactivity_alerts__std,activity,DEM vs CN,0.4008255898952484,0.593009889125824,-0.31241830065359477,0.31241830065359477,9,85
activity__scalar_activity_met_min_inactive__median,activity,DEM vs CN,6.0,7.0,-0.31241830065359477,0.31241830065359477,9,85
activity__scalar_activity_steps__mean,activity,DEM vs CN,7833.62158203125,10341.162109375,-0.31241830065359477,0.31241830065359477,9,85
activity__seq_activity_state_state_4_ratio__q90,activity,DEM vs CN,0.058672480285167694,0.07857543975114822,-0.31241830065359477,0.31241830065359477,9,85
sleep__clock_bedtime_end_sin__std,sleep,DEM vs CN,0.1284962296485901,0.08423813432455063,0.31241830065359477,0.31241830065359477,9,85
activity__scalar_activity_high__std,activity,DEM vs CN,0.9560273885726929,2.5286948680877686,-0.30980392156862746,0.30980392156862746,9,85
activity__seq_activity_state_state_1_ratio__recent_early,activity,DEM vs CN,-0.011749482713639736,0.004611111246049404,-0.30980392156862746,0.30980392156862746,9,85
activity__seq_activity_met_mean__q10,activity,DEM vs CN,1.1902778148651123,1.246180534362793,-0.30980392156862746,0.30980392156862746,9,85
sleep__clock_bedtime_start_cos__iqr,sleep,DEM vs CN,0.22121751308441162,0.12756477296352386,0.30980392156862746,0.30980392156862746,9,85
sleep__seq_sleep_stage_longest_inactive_run__q10,sleep,DEM vs CN,3.0,2.0,0.30980392156862746,0.30980392156862746,9,85
activity__scalar_activity_steps__iqr,activity,DEM vs CN,3696.0,4579.25,-0.30718954248366015,0.30718954248366015,9,85
sleep__clock_bedtime_start_cos__mean,sleep,DEM vs CN,0.7851316928863525,0.8424414992332458,-0.30718954248366015,0.30718954248366015,9,85
sleep__seq_sleep_rmssd_mean__q10,sleep,DEM vs CN,18.72450828552246,22.38570785522461,-0.30718954248366015,0.30718954248366015,9,85
activity__seq_activity_state_entropy__q10,activity,DEM vs CN,1.0491771697998047,1.0821436643600464,-0.3045751633986928,0.3045751633986928,9,85
activity__scalar_activity_score_move_every_hour__std,activity,DEM vs CN,3.260887622833252,5.5269856452941895,-0.30196078431372547,0.30196078431372547,9,85
sleep__scalar_sleep_score_total__mean,sleep,DEM vs CN,84.0810775756836,71.24637603759766,0.30196078431372547,0.30196078431372547,9,85
sleep__clock_bedtime_start_cos__rank_slope,sleep,DEM vs CN,0.13243404030799866,0.020628342404961586,0.30196078431372547,0.30196078431372547,9,85
activity__scalar_activity_cal_active__std,activity,DEM vs CN,131.45169067382812,160.25457763671875,-0.29934640522875816,0.29934640522875816,9,85
sleep__seq_sleep_hr_std__iqr,sleep,DEM vs CN,1.2320691347122192,1.0481655597686768,0.29934640522875816,0.29934640522875816,9,85
activity__scalar_activity_average_met__q10,activity,DEM vs CN,1.25,1.3125,-0.2980392156862745,0.2980392156862745,9,85
activity__scalar_activity_met_min_high__std,activity,DEM vs CN,6.967746257781982,16.30759048461914,-0.29673202614379085,0.29673202614379085,9,85
activity__scalar_activity_steps__std,activity,DEM vs CN,3031.781982421875,3741.036376953125,-0.29673202614379085,0.29673202614379085,9,85
sleep__scalar_sleep_awake__mean,sleep,DEM vs CN,7465.22705078125,5048.02001953125,0.29411764705882354,0.29411764705882354,9,85
sleep__scalar_sleep_score_rem__recent_early,sleep,DEM vs CN,-3.0,0.0,-0.29411764705882354,0.29411764705882354,9,85
activity__scalar_activity_score__q90,activity,DEM vs CN,87.0,96.19999694824219,-0.2928104575163399,0.2928104575163399,9,85
activity__scalar_activity_inactivity_alerts__mean,activity,DEM vs CN,0.16091954708099365,0.3799999952316284,-0.29150326797385623,0.29150326797385623,9,85
sleep__seq_sleep_stage_entropy__recent_early,sleep,DEM vs CN,-0.024465594440698624,-0.0019853939302265644,-0.29150326797385623,0.29150326797385623,9,85
activity__scalar_activity_score__recent_early,activity,DEM vs CN,-5.0,-2.0,-0.28888888888888886,0.28888888888888886,9,85
activity__seq_activity_state_longest_inactive_run__std,activity,DEM vs CN,19.277122497558594,16.380693435668945,0.28888888888888886,0.28888888888888886,9,85
activity__seq_activity_met_median__std,activity,DEM vs CN,0.10109392553567886,0.08214729279279709,0.28888888888888886,0.28888888888888886,9,85
sleep__scalar_sleep_duration__q10,sleep,DEM vs CN,24408.0,21756.0,0.28888888888888886,0.28888888888888886,9,85
sleep__scalar_sleep_rem__q90,sleep,DEM vs CN,6606.0,5514.0,0.28888888888888886,0.28888888888888886,9,85
sleep__scalar_sleep_score__std,sleep,DEM vs CN,10.206536293029785,8.080131530761719,0.28888888888888886,0.28888888888888886,9,85
sleep__scalar_sleep_score_deep__q90,sleep,DEM vs CN,96.69999694824219,98.0,-0.2875816993464052,0.2875816993464052,9,85
activity__scalar_activity_inactivity_alerts__rank_slope,activity,DEM vs CN,0.07675676047801971,-0.01490683201700449,0.28627450980392155,0.28627450980392155,9,85
sleep__scalar_sleep_score_efficiency__std,sleep,DEM vs CN,16.699804306030273,15.253143310546875,0.28627450980392155,0.28627450980392155,9,85
sleep__clock_bedtime_end_cos__mean,sleep,DEM vs CN,-0.2101399153470993,-0.09770715236663818,-0.28627450980392155,0.28627450980392155,9,85
sleep__scalar_sleep_awake__median,sleep,DEM vs CN,6510.0,4530.0,0.2849673202614379,0.2849673202614379,9,85
activity__scalar_activity_cal_active__mean,activity,DEM vs CN,316.33782958984375,457.4683532714844,-0.28366013071895424,0.28366013071895424,9,85
activity__scalar_activity_steps__q10,activity,DEM vs CN,3533.0,5697.7001953125,-0.28366013071895424,0.28366013071895424,9,85
sleep__scalar_sleep_score_efficiency__q10,sleep,DEM vs CN,48.0,58.0,-0.28366013071895424,0.28366013071895424,9,85
activity__scalar_activity_medium__q10,activity,DEM vs CN,2.0,13.100000381469727,-0.2823529411764706,0.2823529411764706,9,85
sleep__scalar_sleep_rem__iqr,sleep,DEM vs CN,2205.0,1957.5,0.2797385620915033,0.2797385620915033,9,85
activity__scalar_activity_cal_total__mean,activity,DEM vs CN,2327.4189453125,2517.267822265625,-0.2784313725490196,0.2784313725490196,9,85
activity__scalar_activity_score_training_volume__q90,activity,DEM vs CN,98.0,99.0,-0.2784313725490196,0.2784313725490196,9,85
sleep__clock_bedtime_end_cos__q90,sleep,DEM vs CN,0.005181820131838322,0.2647381126880646,-0.2758169934640523,0.2758169934640523,9,85
activity__scalar_activity_score_recovery_time__recent_early,activity,DEM vs CN,0.0,0.0,-0.27450980392156865,0.27450980392156865,9,85
activity__scalar_activity_average_met__std,activity,DEM vs CN,0.08975274860858917,0.11588436365127563,-0.27320261437908494,0.27320261437908494,9,85
activity__scalar_activity_medium__q90,activity,DEM vs CN,70.5999984741211,85.30000305175781,-0.27320261437908494,0.27320261437908494,9,85
sleep__scalar_sleep_score_disturbances__recent_early,sleep,DEM vs CN,0.5,-0.5,0.27320261437908494,0.27320261437908494,9,85
sleep__seq_sleep_stage_longest_inactive_run__std,sleep,DEM vs CN,4.242596626281738,3.859970808029175,0.27320261437908494,0.27320261437908494,9,85
activity__scalar_activity_score__q10,activity,DEM vs CN,62.400001525878906,73.0,-0.2718954248366013,0.2718954248366013,9,85
activity__scalar_activity_met_min_inactive__std,activity,DEM vs CN,1.8400965929031372,2.2951571941375732,-0.27058823529411763,0.27058823529411763,9,85
activity__scalar_activity_met_min_low__q10,activity,DEM vs CN,60.900001525878906,114.9000015258789,-0.27058823529411763,0.27058823529411763,9,85
activity__seq_activity_state_state_4_ratio__q10,activity,DEM vs CN,0.0034722222480922937,0.013509233482182026,-0.27058823529411763,0.27058823529411763,9,85
sleep__scalar_sleep_efficiency__q10,sleep,DEM vs CN,70.0,74.0,-0.27058823529411763,0.27058823529411763,9,85
sleep__scalar_sleep_restless__recent_early,sleep,DEM vs CN,0.0,0.5,-0.27058823529411763,0.27058823529411763,9,85
sleep__clock_bedtime_start_cos__std,sleep,DEM vs CN,0.19338741898536682,0.15907502174377441,0.27058823529411763,0.27058823529411763,9,85
sleep__seq_sleep_hr_low_high_delta__median,sleep,DEM vs CN,-1.64788818359375,-1.6134414672851562,-0.27058823529411763,0.27058823529411763,9,85
activity__scalar_activity_daily_movement__q10,activity,DEM vs CN,2252.0,4402.2001953125,-0.2679738562091503,0.2679738562091503,9,85
activity__seq_activity_state_transition_rate__mean,activity,DEM vs CN,0.25406432151794434,0.25351423025131226,-0.2679738562091503,0.2679738562091503,9,85
activity__seq_activity_state_longest_inactive_run__mean,activity,DEM vs CN,73.8108139038086,65.74193572998047,0.2679738562091503,0.2679738562091503,9,85
activity__scalar_activity_met_min_medium__q10,activity,DEM vs CN,6.0,38.70000076293945,-0.26666666666666666,0.26666666666666666,9,85
activity__seq_activity_state_transition_rate__median,activity,DEM vs CN,0.2538461685180664,0.25089606642723083,-0.2627450980392157,0.2627450980392157,9,85
activity__seq_activity_met_std__q10,activity,DEM vs CN,0.4448324739933014,0.6588116884231567,-0.2627450980392157,0.2627450980392157,9,85
activity__scalar_activity_score_training_volume__std,activity,DEM vs CN,17.96303367614746,3.970569610595703,0.26143790849673204,0.26143790849673204,9,85
activity__scalar_activity_daily_movement__median,activity,DEM vs CN,6166.0,8340.0,-0.2601307189542484,0.2601307189542484,9,85
activity__seq_activity_state_longest_inactive_run__q10,activity,DEM vs CN,52.0,44.79999923706055,0.2601307189542484,0.2601307189542484,9,85
sleep__seq_sleep_hr_q10__std,sleep,DEM vs CN,2.7575201988220215,2.4827115535736084,0.2601307189542484,0.2601307189542484,9,85
activity__seq_activity_state_state_4_ratio__mean,activity,DEM vs CN,0.03680964931845665,0.04421871528029442,-0.257516339869281,0.257516339869281,9,85
sleep__scalar_sleep_rmssd__q10,sleep,DEM vs CN,19.0,22.0,-0.25620915032679736,0.25620915032679736,9,85
mmse__q12_3,MMSE,DEM vs CN,2.0,2.0,-0.25620915032679736,0.25620915032679736,9,85
activity__scalar_activity_low__q10,activity,DEM vs CN,109.0,178.5,-0.2549019607843137,0.2549019607843137,9,85
sleep__scalar_sleep_onset_latency__mean,sleep,DEM vs CN,818.727294921875,686.1972045898438,0.2549019607843137,0.2549019607843137,9,85
sleep__scalar_sleep_score_total__recent_early,sleep,DEM vs CN,-4.0,0.0,-0.25359477124183005,0.25359477124183005,9,85
sleep__clock_bedtime_start_cos__median,sleep,DEM vs CN,0.8724604845046997,0.8860746622085571,-0.2522875816993464,0.2522875816993464,9,85
sleep__seq_sleep_stage_state_2_ratio__std,sleep,DEM vs CN,0.07217058539390564,0.07379550486803055,0.2522875816993464,0.2522875816993464,9,85
activity__seq_activity_met_q90__q10,activity,DEM vs CN,1.7000000476837158,1.899999976158142,-0.25098039215686274,0.25098039215686274,9,85
activity__scalar_activity_steps__median,activity,DEM vs CN,8507.5,9942.0,-0.2496732026143791,0.2496732026143791,9,85
activity__seq_activity_state_state_3_ratio__q10,activity,DEM vs CN,0.08561613410711288,0.1382295787334442,-0.2496732026143791,0.2496732026143791,9,85
sleep__scalar_sleep_midpoint_time__q10,sleep,DEM vs CN,11487.0,10815.0,0.2496732026143791,0.2496732026143791,9,85
activity__scalar_activity_score_training_volume__recent_early,activity,DEM vs CN,-3.0,0.0,-0.24836601307189543,0.24836601307189543,9,85
activity__scalar_activity_total__q10,activity,DEM vs CN,176.0,219.60000610351562,-0.24705882352941178,0.24705882352941178,9,85
activity__scalar_activity_met_min_medium__q90,activity,DEM vs CN,220.0,255.0,-0.24444444444444444,0.24444444444444444,9,85
activity__seq_activity_state_active_ratio__q10,activity,DEM vs CN,0.1354166716337204,0.17720092833042145,-0.24444444444444444,0.24444444444444444,9,85
activity__seq_activity_met_low_high_delta__median,activity,DEM vs CN,-0.251666784286499,-0.29305553436279297,0.24444444444444444,0.24444444444444444,9,85
sleep__seq_sleep_stage_transition_rate__recent_early,sleep,DEM vs CN,-0.009875592775642872,0.00113875069655478,-0.24444444444444444,0.24444444444444444,9,85
activity__scalar_activity_score_training_volume__q10,activity,DEM vs CN,72.19999694824219,95.0,-0.24313725490196078,0.24313725490196078,9,85
activity__scalar_activity_score_training_volume__rank_slope,activity,DEM vs CN,-16.854232788085938,-1.0596330165863037,-0.24313725490196078,0.24313725490196078,9,85
sleep__scalar_sleep_total__recent_early,sleep,DEM vs CN,-2100.0,-75.0,-0.24313725490196078,0.24313725490196078,9,85
sleep__seq_sleep_hr_median__std,sleep,DEM vs CN,3.1005375385284424,2.7591259479522705,0.24183006535947713,0.24183006535947713,9,85
activity__scalar_activity_high__q90,activity,DEM vs CN,2.0,4.0,-0.23921568627450981,0.23921568627450981,9,85
activity__seq_activity_met_low_high_delta__iqr,activity,DEM vs CN,0.23392361402511597,0.29576390981674194,-0.23921568627450981,0.23921568627450981,9,85
sleep__clock_bedtime_start_sin__std,sleep,DEM vs CN,0.3149872124195099,0.275773823261261,0.23921568627450981,0.23921568627450981,9,85
activity__scalar_activity_cal_active__median,activity,DEM vs CN,336.0,435.0,-0.23660130718954248,0.23660130718954248,9,85
sleep__scalar_sleep_hr_average__std,sleep,DEM vs CN,2.9321377277374268,2.715031862258911,0.23660130718954248,0.23660130718954248,9,85
sleep__scalar_sleep_score_rem__q90,sleep,DEM vs CN,95.80000305175781,85.4000015258789,0.23660130718954248,0.23660130718954248,9,85
sleep__seq_sleep_hr_mean__std,sleep,DEM vs CN,2.932232618331909,2.715541124343872,0.23660130718954248,0.23660130718954248,9,85
sleep__seq_sleep_stage_state_3_ratio__recent_early,sleep,DEM vs CN,-0.0025295265950262547,0.0005107252509333193,-0.23529411764705882,0.23529411764705882,9,85
activity__seq_activity_state_state_4_ratio__std,activity,DEM vs CN,0.02240639738738537,0.02385696955025196,-0.23398692810457516,0.23398692810457516,9,85
activity__seq_activity_met_low_high_delta__q10,activity,DEM vs CN,-0.454861044883728,-0.6112778782844543,0.23398692810457516,0.23398692810457516,9,85
sleep__scalar_sleep_score_disturbances__mean,sleep,DEM vs CN,59.05882263183594,65.92424011230469,-0.23398692810457516,0.23398692810457516,9,85
sleep__scalar_sleep_temperature_delta__rank_slope,sleep,DEM vs CN,0.09093939512968063,0.04598173499107361,0.23398692810457516,0.23398692810457516,9,85
sleep__scalar_sleep_temperature_deviation__rank_slope,sleep,DEM vs CN,0.09093939512968063,0.04598173499107361,0.23398692810457516,0.23398692810457516,9,85
activity__scalar_activity_cal_active__q10,activity,DEM vs CN,158.0,244.39999389648438,-0.23137254901960785,0.23137254901960785,9,85
activity__scalar_activity_met_min_high__q10,activity,DEM vs CN,0.0,0.0,0.23137254901960785,0.23137254901960785,9,85
sleep__seq_sleep_rmssd_q10__rank_slope,sleep,DEM vs CN,-1.3951411247253418,0.22776153683662415,-0.23137254901960785,0.23137254901960785,9,85
sleep__scalar_sleep_hr_lowest__q10,sleep,DEM vs CN,47.400001525878906,52.70000076293945,-0.23006535947712417,0.23006535947712417,9,85
sleep__seq_sleep_hr_q10__q10,sleep,DEM vs CN,49.0,54.63999938964844,-0.23006535947712417,0.23006535947712417,9,85
activity__scalar_activity_cal_total__median,activity,DEM vs CN,2353.5,2515.5,-0.22875816993464052,0.22875816993464052,9,85
activity__seq_activity_state_longest_inactive_run__median,activity,DEM vs CN,70.5,65.5,0.22875816993464052,0.22875816993464052,9,85
sleep__scalar_sleep_total__q10,sleep,DEM vs CN,20829.0,17970.0,0.22875816993464052,0.22875816993464052,9,85
sleep__clock_bedtime_start_cos__q90,sleep,DEM vs CN,0.9888973236083984,0.9911604523658752,-0.22875816993464052,0.22875816993464052,9,85
sleep__scalar_sleep_hr_lowest__mean,sleep,DEM vs CN,50.98181915283203,55.725807189941406,-0.2261437908496732,0.2261437908496732,9,85
sleep__seq_sleep_hr_q10__mean,sleep,DEM vs CN,52.80181884765625,57.529998779296875,-0.2261437908496732,0.2261437908496732,9,85
sleep__seq_sleep_hr_q10__q90,sleep,DEM vs CN,56.0,60.0,-0.2261437908496732,0.2261437908496732,9,85
sleep__seq_sleep_hr_iqr__std,sleep,DEM vs CN,1.9759294986724854,1.6530989408493042,0.2261437908496732,0.2261437908496732,9,85
activity__seq_activity_met_std__q90,activity,DEM vs CN,1.000489592552185,1.0754724740982056,-0.2235294117647059,0.2235294117647059,9,85
sleep__scalar_sleep_deep__q90,sleep,DEM vs CN,6255.0,7068.0,-0.2235294117647059,0.2235294117647059,9,85
sleep__seq_sleep_hr_iqr__mean,sleep,DEM vs CN,4.648648738861084,4.100746154785156,0.2235294117647059,0.2235294117647059,9,85
sleep__seq_sleep_hr_low_high_delta__mean,sleep,DEM vs CN,-1.9589905738830566,-1.680425763130188,-0.2235294117647059,0.2235294117647059,9,85
sleep__seq_sleep_rmssd_q10__median,sleep,DEM vs CN,17.0,18.0,-0.2235294117647059,0.2235294117647059,9,85
sleep__seq_sleep_rmssd_q90__q10,sleep,DEM vs CN,25.200000762939453,31.5,-0.2235294117647059,0.2235294117647059,9,85
activity__scalar_activity_met_min_inactive__q10,activity,DEM vs CN,4.300000190734863,5.0,-0.2222222222222222,0.2222222222222222,9,85
sleep__seq_sleep_hr_q10__median,sleep,DEM vs CN,53.0,57.0,-0.2222222222222222,0.2222222222222222,9,85
mmse__q02,MMSE,DEM vs CN,2.0,2.0,-0.2222222222222222,0.2222222222222222,9,85
mmse__q16_2,MMSE,DEM vs CN,2.0,2.0,-0.2222222222222222,0.2222222222222222,9,85
mmse__q18,MMSE,DEM vs CN,2.0,2.0,-0.2222222222222222,0.2222222222222222,9,85
activity__scalar_activity_medium__std,activity,DEM vs CN,18.74249267578125,25.7437801361084,-0.22091503267973855,0.22091503267973855,9,85
activity__scalar_activity_non_wear__rank_slope,activity,DEM vs CN,-15.458823204040527,-1.3006329536437988,-0.22091503267973855,0.22091503267973855,9,85
activity__seq_activity_met_low_high_delta__mean,activity,DEM vs CN,-0.24889980256557465,-0.32179564237594604,0.22091503267973855,0.22091503267973855,9,85
sleep__seq_sleep_hr_std__q90,sleep,DEM vs CN,4.84754753112793,4.0738725662231445,0.22091503267973855,0.22091503267973855,9,85
activity__scalar_activity_inactive__median,activity,DEM vs CN,494.0,503.0,-0.2196078431372549,0.2196078431372549,9,85
activity__seq_activity_state_longest_inactive_run__recent_early,activity,DEM vs CN,1.0,-0.5,0.2196078431372549,0.2196078431372549,9,85
sleep__scalar_sleep_score__iqr,sleep,DEM vs CN,11.75,10.25,0.2196078431372549,0.2196078431372549,9,85
sleep__seq_sleep_stage_state_4_ratio__mean,sleep,DEM vs CN,0.19311125576496124,0.15969964861869812,0.21830065359477124,0.21830065359477124,9,85
sleep__seq_sleep_stage_active_ratio__mean,sleep,DEM vs CN,0.8068887591362,0.8403003215789795,-0.21830065359477124,0.21830065359477124,9,85
sleep__scalar_sleep_score_disturbances__median,sleep,DEM vs CN,60.0,66.0,-0.2169934640522876,0.2169934640522876,9,85
sleep__scalar_sleep_score_efficiency__iqr,sleep,DEM vs CN,21.0,19.0,0.2169934640522876,0.2169934640522876,9,85
activity__scalar_activity_met_min_high__q90,activity,DEM vs CN,14.0,29.0,-0.21568627450980393,0.21568627450980393,9,85
activity__scalar_activity_high__q10,activity,DEM vs CN,0.0,0.0,0.2130718954248366,0.2130718954248366,9,85
sleep__clock_bedtime_end_sin__rank_slope,sleep,DEM vs CN,-0.02849646843969822,-0.02214755490422249,-0.2130718954248366,0.2130718954248366,9,85
sleep__seq_sleep_stage_state_4_ratio__median,sleep,DEM vs CN,0.18965516984462738,0.14814814925193787,0.2130718954248366,0.2130718954248366,9,85
sleep__seq_sleep_stage_active_ratio__median,sleep,DEM vs CN,0.8103448152542114,0.8518518805503845,-0.2130718954248366,0.2130718954248366,9,85
activity__scalar_activity_medium__iqr,activity,DEM vs CN,22.5,35.5,-0.21045751633986928,0.21045751633986928,9,85
activity__scalar_activity_score_training_volume__mean,activity,DEM vs CN,90.17333221435547,95.98591613769531,-0.20915032679738563,0.20915032679738563,9,85
sleep__scalar_sleep_score_latency__median,sleep,DEM vs CN,78.0,83.0,-0.20915032679738563,0.20915032679738563,9,85
activity__scalar_activity_met_min_medium__iqr,activity,DEM vs CN,70.5,107.0,-0.20784313725490197,0.20784313725490197,9,85
sleep__scalar_sleep_score_efficiency__mean,sleep,DEM vs CN,69.09803771972656,76.953125,-0.20784313725490197,0.20784313725490197,9,85
sleep__seq_sleep_rmssd_q10__mean,sleep,DEM vs CN,17.30727195739746,18.83367347717285,-0.20784313725490197,0.20784313725490197,9,85
activity__scalar_activity_inactive__q10,activity,DEM vs CN,383.8999938964844,390.8999938964844,-0.2065359477124183,0.2065359477124183,9,85
sleep__seq_sleep_hr_iqr__q90,sleep,DEM vs CN,7.0,6.0,0.2065359477124183,0.2065359477124183,9,85
activity__scalar_activity_score_recovery_time__mean,activity,DEM vs CN,94.36363983154297,95.03571319580078,0.20522875816993463,0.20522875816993463,9,85
sleep__clock_bedtime_end_cos__q10,sleep,DEM vs CN,-0.4501633644104004,-0.39261719584465027,-0.20522875816993463,0.20522875816993463,9,85
sleep__scalar_sleep_deep__std,sleep,DEM vs CN,1735.7159423828125,1603.4329833984375,0.20261437908496732,0.20261437908496732,9,85
sleep__seq_sleep_hr_iqr__median,sleep,DEM vs CN,4.0,4.0,0.20130718954248367,0.20130718954248367,9,85
sleep__scalar_sleep_hr_lowest__median,sleep,DEM vs CN,51.0,55.0,-0.2,0.2,9,85
sleep__seq_sleep_hr_std__mean,sleep,DEM vs CN,3.3714630603790283,3.0065433979034424,0.2,0.2,9,85
activity__scalar_activity_score_stay_active__median,activity,DEM vs CN,81.0,80.0,0.19869281045751633,0.19869281045751633,9,85
sleep__scalar_sleep_hr_lowest__q90,sleep,DEM vs CN,54.599998474121094,58.0,-0.19869281045751633,0.19869281045751633,9,85
activity__scalar_activity_score_training_frequency__mean,activity,DEM vs CN,85.51351165771484,94.6168212890625,-0.19738562091503267,0.19738562091503267,9,85
activity__seq_activity_met_low_high_delta__recent_early,activity,DEM vs CN,0.0065277814865112305,0.047222256660461426,-0.19738562091503267,0.19738562091503267,9,85
activity__seq_activity_state_longest_inactive_run__iqr,activity,DEM vs CN,24.0,20.75,0.19607843137254902,0.19607843137254902,9,85
activity__seq_activity_met_iqr__q10,activity,DEM vs CN,0.3999999761581421,0.3999999761581421,-0.19607843137254902,0.19607843137254902,9,85
sleep__scalar_sleep_score_efficiency__recent_early,sleep,DEM vs CN,0.5,-1.0,0.19477124183006536,0.19477124183006536,9,85
activity__seq_activity_state_transition_rate__q10,activity,DEM vs CN,0.21478873491287231,0.20897603034973145,-0.19215686274509805,0.19215686274509805,9,85
sleep__seq_sleep_hr_low_high_delta__rank_slope,sleep,DEM vs CN,0.16947732865810394,-0.11543028056621552,0.19215686274509805,0.19215686274509805,9,85
sleep__seq_sleep_stage_state_1_ratio__iqr,sleep,DEM vs CN,0.08148719370365143,0.08927517384290695,-0.19215686274509805,0.19215686274509805,9,85
activity__seq_activity_state_state_4_ratio__median,activity,DEM vs CN,0.0416666679084301,0.0416666679084301,-0.19084967320261437,0.19084967320261437,9,85
activity__scalar_activity_score_stay_active__rank_slope,activity,DEM vs CN,-3.2799999713897705,-3.199404716491699,-0.1895424836601307,0.1895424836601307,9,85
sleep__scalar_sleep_midpoint_at_delta__median,sleep,DEM vs CN,9628.5,8270.0,0.1895424836601307,0.1895424836601307,9,85
sleep__clock_bedtime_end_sin__q90,sleep,DEM vs CN,0.996407151222229,0.9963685274124146,-0.1895424836601307,0.1895424836601307,9,85
sleep__seq_sleep_stage_transition_rate__std,sleep,DEM vs CN,0.05114181712269783,0.049721505492925644,0.1895424836601307,0.1895424836601307,9,85
activity__seq_activity_state_state_2_ratio__recent_early,activity,DEM vs CN,0.02777777798473835,0.012564889155328274,0.18823529411764706,0.18823529411764706,9,85
sleep__seq_sleep_hr_median__q10,sleep,DEM vs CN,53.400001525878906,57.0,-0.18823529411764706,0.18823529411764706,9,85
mmse__q12_1,MMSE,DEM vs CN,2.0,2.0,-0.1869281045751634,0.1869281045751634,9,85
activity__scalar_activity_score_training_frequency__q90,activity,DEM vs CN,100.0,100.0,-0.18562091503267975,0.18562091503267975,9,85
activity__seq_activity_state_state_1_ratio__iqr,activity,DEM vs CN,0.09375,0.07423628866672516,0.1843137254901961,0.1843137254901961,9,85
sleep__scalar_sleep_efficiency__mean,sleep,DEM vs CN,78.70587921142578,82.15625,-0.1843137254901961,0.1843137254901961,9,85
sleep__scalar_sleep_score_alignment__std,sleep,DEM vs CN,19.107316970825195,13.612479209899902,0.1843137254901961,0.1843137254901961,9,85
sleep__clock_bedtime_end_sin__mean,sleep,DEM vs CN,0.9041650891304016,0.9279126524925232,-0.1843137254901961,0.1843137254901961,9,85
sleep__seq_sleep_hr_q90__std,sleep,DEM vs CN,3.6574954986572266,3.594020366668701,0.1843137254901961,0.1843137254901961,9,85
sleep__seq_sleep_rmssd_median__median,sleep,DEM vs CN,21.5,27.0,-0.1843137254901961,0.1843137254901961,9,85
sleep__seq_sleep_rmssd_median__mean,sleep,DEM vs CN,22.81818199157715,27.8150691986084,-0.1843137254901961,0.1843137254901961,9,85
sleep__seq_sleep_rmssd_low_high_delta__q90,sleep,DEM vs CN,12.826976776123047,10.612600326538086,0.1843137254901961,0.1843137254901961,9,85
activity__scalar_activity_medium__mean,activity,DEM vs CN,42.30666732788086,51.75757598876953,-0.18169934640522875,0.18169934640522875,9,85
activity__scalar_activity_score_stay_active__recent_early,activity,DEM vs CN,-4.0,-2.0,-0.18169934640522875,0.18169934640522875,9,85
activity__scalar_activity_score_training_volume__median,activity,DEM vs CN,96.0,97.0,-0.18169934640522875,0.18169934640522875,9,85
activity__seq_activity_state_transition_rate__iqr,activity,DEM vs CN,0.04556317254900932,0.04790940880775452,-0.18169934640522875,0.18169934640522875,9,85
activity__seq_activity_met_std__mean,activity,DEM vs CN,0.7791202068328857,0.8835319876670837,-0.18169934640522875,0.18169934640522875,9,85
activity__scalar_activity_score_move_every_hour__iqr,activity,DEM vs CN,0.0,5.0,-0.1803921568627451,0.1803921568627451,9,85
sleep__scalar_sleep_onset_latency__median,sleep,DEM vs CN,720.0,600.0,0.1803921568627451,0.1803921568627451,9,85
activity__scalar_activity_high__mean,activity,DEM vs CN,0.5098039507865906,1.7166666984558105,-0.17908496732026144,0.17908496732026144,9,85
activity__scalar_activity_inactive__mean,activity,DEM vs CN,501.08197021484375,499.97369384765625,-0.17908496732026144,0.17908496732026144,9,85
sleep__scalar_sleep_score__q10,sleep,DEM vs CN,60.900001525878906,61.70000076293945,-0.17908496732026144,0.17908496732026144,9,85
sleep__seq_sleep_rmssd_mean__median,sleep,DEM vs CN,23.840425491333008,29.258426666259766,-0.17908496732026144,0.17908496732026144,9,85
sleep__scalar_sleep_hr_lowest__iqr,sleep,DEM vs CN,3.5,3.0,0.17777777777777778,0.17777777777777778,9,85
activity__scalar_activity_met_min_inactive__rank_slope,activity,DEM vs CN,-0.2248648703098297,-0.458313912153244,0.17647058823529413,0.17647058823529413,9,85
activity__seq_activity_met_low_high_delta__q90,activity,DEM vs CN,0.06411094963550568,-0.04905564710497856,0.17647058823529413,0.17647058823529413,9,85
sleep__scalar_sleep_efficiency__recent_early,sleep,DEM vs CN,0.5,-0.5,0.17516339869281045,0.17516339869281045,9,85
activity__seq_activity_state_state_2_ratio__iqr,activity,DEM vs CN,0.08340108394622803,0.09004604816436768,-0.1738562091503268,0.1738562091503268,9,85
activity__scalar_activity_inactive__rank_slope,activity,DEM vs CN,26.454545974731445,10.651748657226562,0.17124183006535948,0.17124183006535948,9,85
activity__scalar_activity_met_min_high__mean,activity,DEM vs CN,3.4509804248809814,11.677419662475586,-0.17124183006535948,0.17124183006535948,9,85
activity__seq_activity_met_low_high_delta__std,activity,DEM vs CN,0.1866738498210907,0.23421502113342285,-0.17124183006535948,0.17124183006535948,9,85
sleep__scalar_sleep_deep__iqr,sleep,DEM vs CN,2460.0,2077.5,0.17124183006535948,0.17124183006535948,9,85
sleep__scalar_sleep_midpoint_at_delta__mean,sleep,DEM vs CN,11127.1220703125,10623.794921875,0.17124183006535948,0.17124183006535948,9,85
sleep__scalar_sleep_score_rem__rank_slope,sleep,DEM vs CN,-1.5674246549606323,-0.47354137897491455,-0.17124183006535948,0.17124183006535948,9,85
sleep__scalar_sleep_score_total__q10,sleep,DEM vs CN,59.599998474121094,50.0,0.17124183006535948,0.17124183006535948,9,85
sleep__clock_bedtime_end_cos__iqr,sleep,DEM vs CN,0.2704584300518036,0.29768678545951843,-0.17124183006535948,0.17124183006535948,9,85
sleep__seq_sleep_hr_median__mean,sleep,DEM vs CN,57.400001525878906,60.779998779296875,-0.17124183006535948,0.17124183006535948,9,85
activity__scalar_activity_high__iqr,activity,DEM vs CN,1.0,2.0,-0.16862745098039217,0.16862745098039217,9,85
activity__scalar_activity_inactivity_alerts__iqr,activity,DEM vs CN,0.0,1.0,-0.16862745098039217,0.16862745098039217,9,85
sleep__scalar_sleep_hr_average__q10,sleep,DEM vs CN,54.10200119018555,57.54999923706055,-0.16862745098039217,0.16862745098039217,9,85
sleep__scalar_sleep_temperature_delta__iqr,sleep,DEM vs CN,0.3799999952316284,0.3400000035762787,0.16862745098039217,0.16862745098039217,9,85
sleep__scalar_sleep_temperature_deviation__iqr,sleep,DEM vs CN,0.3799999952316284,0.3400000035762787,0.16862745098039217,0.16862745098039217,9,85
sleep__seq_sleep_hr_mean__q10,sleep,DEM vs CN,54.0992317199707,57.55177307128906,-0.16862745098039217,0.16862745098039217,9,85
sleep__seq_sleep_hr_std__median,sleep,DEM vs CN,3.193924903869629,2.874537467956543,0.16862745098039217,0.16862745098039217,9,85
sleep__seq_sleep_rmssd_std__std,sleep,DEM vs CN,3.6791791915893555,3.4276812076568604,0.16862745098039217,0.16862745098039217,9,85
activity__scalar_activity_met_min_medium__std,activity,DEM vs CN,57.96564865112305,83.14241790771484,-0.16601307189542483,0.16601307189542483,9,85
sleep__scalar_sleep_score_total__std,sleep,DEM vs CN,16.25865936279297,15.712061882019043,0.16601307189542483,0.16601307189542483,9,85
sleep__seq_sleep_rmssd_low_high_delta__q10,sleep,DEM vs CN,-3.6551733016967773,-5.230000019073486,0.16601307189542483,0.16601307189542483,9,85
sleep__scalar_sleep_hr_lowest__recent_early,sleep,DEM vs CN,-1.0,0.0,-0.16470588235294117,0.16470588235294117,9,85
sleep__scalar_sleep_rmssd__median,sleep,DEM vs CN,24.0,29.0,-0.16470588235294117,0.16470588235294117,9,85
sleep__scalar_sleep_score_disturbances__q90,sleep,DEM vs CN,67.0,74.9000015258789,-0.16339869281045752,0.16339869281045752,9,85
sleep__seq_sleep_rmssd_mean__mean,sleep,DEM vs CN,24.505338668823242,30.116941452026367,-0.16339869281045752,0.16339869281045752,9,85
mmse__q17,MMSE,DEM vs CN,2.0,2.0,-0.16339869281045752,0.16339869281045752,9,85
activity__scalar_activity_cal_total__q10,activity,DEM vs CN,2163.0,2272.300048828125,-0.1607843137254902,0.1607843137254902,9,85
activity__scalar_activity_met_min_high__iqr,activity,DEM vs CN,7.0,14.0,-0.1607843137254902,0.1607843137254902,9,85
sleep__scalar_sleep_hr_average__mean,sleep,DEM vs CN,57.431636810302734,61.186798095703125,-0.1607843137254902,0.1607843137254902,9,85
sleep__seq_sleep_hr_mean__mean,sleep,DEM vs CN,57.43122863769531,61.18642807006836,-0.1607843137254902,0.1607843137254902,9,85
activity__scalar_activity_score_recovery_time__q10,activity,DEM vs CN,80.0,86.0,0.15947712418300652,0.15947712418300652,9,85
activity__scalar_activity_met_min_medium__mean,activity,DEM vs CN,132.27999877929688,151.38710021972656,-0.15816993464052287,0.15816993464052287,9,85
activity__scalar_activity_score_stay_active__mean,activity,DEM vs CN,80.27027130126953,79.96202850341797,0.15816993464052287,0.15816993464052287,9,85
sleep__scalar_sleep_hr_average__median,sleep,DEM vs CN,57.02000045776367,60.70000076293945,-0.15816993464052287,0.15816993464052287,9,85
sleep__scalar_sleep_rem__mean,sleep,DEM vs CN,4541.45458984375,3462.162109375,0.15816993464052287,0.15816993464052287,9,85
sleep__seq_sleep_hr_mean__median,sleep,DEM vs CN,57.01612854003906,60.70054244995117,-0.15816993464052287,0.15816993464052287,9,85
sleep__scalar_sleep_awake__q10,sleep,DEM vs CN,2964.0,2460.0,0.1568627450980392,0.1568627450980392,9,85
sleep__scalar_sleep_duration__recent_early,sleep,DEM vs CN,-1620.0,-150.0,-0.1568627450980392,0.1568627450980392,9,85
sleep__seq_sleep_hr_iqr__recent_early,sleep,DEM vs CN,0.0,0.0,-0.1568627450980392,0.1568627450980392,9,85
activity__scalar_activity_score_recovery_time__std,activity,DEM vs CN,12.799174308776855,11.033316612243652,-0.15555555555555556,0.15555555555555556,9,85
activity__seq_activity_met_median__rank_slope,activity,DEM vs CN,-0.020259741693735123,-0.04504749923944473,0.15555555555555556,0.15555555555555556,9,85
sleep__scalar_sleep_hr_average__q90,sleep,DEM vs CN,61.47999954223633,63.88999938964844,-0.15555555555555556,0.15555555555555556,9,85
sleep__scalar_sleep_midpoint_at_delta__q90,sleep,DEM vs CN,15366.2001953125,13772.0,0.15555555555555556,0.15555555555555556,9,85
sleep__scalar_sleep_rmssd__rank_slope,sleep,DEM vs CN,-3.506269693374634,-0.07276995480060577,-0.15555555555555556,0.15555555555555556,9,85
sleep__seq_sleep_hr_mean__q90,sleep,DEM vs CN,61.4782600402832,63.88833999633789,-0.15555555555555556,0.15555555555555556,9,85
sleep__seq_sleep_hr_std__q10,sleep,DEM vs CN,2.3536224365234375,2.122157096862793,0.15555555555555556,0.15555555555555556,9,85
sleep__seq_sleep_rmssd_iqr__std,sleep,DEM vs CN,5.263400077819824,4.725218772888184,0.15555555555555556,0.15555555555555556,9,85
activity__scalar_activity_score_recovery_time__rank_slope,activity,DEM vs CN,0.0,0.0,-0.15294117647058825,0.15294117647058825,9,85
activity__seq_activity_state_entropy__recent_early,activity,DEM vs CN,-0.033443842083215714,-0.02679240144789219,-0.15294117647058825,0.15294117647058825,9,85
activity__seq_activity_state_transition_rate__rank_slope,activity,DEM vs CN,-0.014656314626336098,-0.008979950100183487,-0.15294117647058825,0.15294117647058825,9,85
sleep__scalar_sleep_score_efficiency__median,sleep,DEM vs CN,72.0,79.0,-0.15294117647058825,0.15294117647058825,9,85
sleep__scalar_sleep_efficiency__median,sleep,DEM vs CN,80.0,83.0,-0.15163398692810456,0.15163398692810456,9,85
activity__seq_activity_state_state_2_ratio__rank_slope,activity,DEM vs CN,0.028118116781115532,0.02573930285871029,0.1503267973856209,0.1503267973856209,9,85
sleep__scalar_sleep_breath_average__std,sleep,DEM vs CN,0.6258904933929443,0.5114716291427612,0.1503267973856209,0.1503267973856209,9,85
sleep__scalar_sleep_rmssd__mean,sleep,DEM vs CN,24.079999923706055,30.08108139038086,-0.1503267973856209,0.1503267973856209,9,85
sleep__seq_sleep_hr_median__median,sleep,DEM vs CN,57.0,60.0,-0.1503267973856209,0.1503267973856209,9,85
sleep__seq_sleep_rmssd_mean__rank_slope,sleep,DEM vs CN,-3.0436506271362305,-0.2178163379430771,-0.1503267973856209,0.1503267973856209,9,85
sleep__seq_sleep_stage_state_1_ratio__recent_early,sleep,DEM vs CN,0.002444092184305191,-0.0037488925736397505,0.1503267973856209,0.1503267973856209,9,85
sleep__scalar_sleep_score_alignment__q10,sleep,DEM vs CN,63.400001525878906,76.4000015258789,-0.14901960784313725,0.14901960784313725,9,85
sleep__scalar_sleep_score_disturbances__iqr,sleep,DEM vs CN,9.5,9.5,0.14901960784313725,0.14901960784313725,9,85
activity__seq_activity_state_state_1_ratio__std,activity,DEM vs CN,0.062030158936977386,0.06194237992167473,0.1477124183006536,0.1477124183006536,9,85
sleep__scalar_sleep_onset_latency__rank_slope,sleep,DEM vs CN,-40.85153579711914,-1.3994816541671753,-0.1477124183006536,0.1477124183006536,9,85
sleep__scalar_sleep_score_rem__std,sleep,DEM vs CN,21.13661766052246,20.61725425720215,0.1477124183006536,0.1477124183006536,9,85
sleep__seq_sleep_hr_median__q90,sleep,DEM vs CN,61.0,63.400001525878906,-0.1477124183006536,0.1477124183006536,9,85
sleep__seq_sleep_rmssd_median__rank_slope,sleep,DEM vs CN,-3.3597285747528076,0.03831683099269867,-0.1477124183006536,0.1477124183006536,9,85
activity__scalar_activity_score_training_frequency__median,activity,DEM vs CN,100.0,100.0,-0.1450980392156863,0.1450980392156863,9,85
activity__seq_activity_met_std__iqr,activity,DEM vs CN,0.1730983853340149,0.21070384979248047,-0.1450980392156863,0.1450980392156863,9,85
sleep__scalar_sleep_restless__rank_slope,sleep,DEM vs CN,-1.891764760017395,0.24966078996658325,-0.1450980392156863,0.1450980392156863,9,85
sleep__scalar_sleep_temperature_delta__q10,sleep,DEM vs CN,-0.38099998235702515,-0.335999995470047,-0.1450980392156863,0.1450980392156863,9,85
sleep__scalar_sleep_temperature_deviation__q10,sleep,DEM vs CN,-0.38099998235702515,-0.335999995470047,-0.1450980392156863,0.1450980392156863,9,85
sleep__scalar_sleep_score__recent_early,sleep,DEM vs CN,-1.0,-0.5,-0.1437908496732026,0.1437908496732026,9,85
sleep__scalar_sleep_score__rank_slope,sleep,DEM vs CN,-2.8258824348449707,-0.8310890793800354,-0.14248366013071895,0.14248366013071895,9,85
sleep__scalar_sleep_temperature_delta__std,sleep,DEM vs CN,0.2853211462497711,0.27658334374427795,0.14248366013071895,0.14248366013071895,9,85
sleep__scalar_sleep_temperature_deviation__std,sleep,DEM vs CN,0.2853211462497711,0.27658334374427795,0.14248366013071895,0.14248366013071895,9,85
sleep__seq_sleep_rmssd_q90__std,sleep,DEM vs CN,11.54604721069336,10.134023666381836,0.14248366013071895,0.14248366013071895,9,85
activity__seq_activity_met_iqr__recent_early,activity,DEM vs CN,0.0,-0.050000011920928955,0.1411764705882353,0.1411764705882353,9,85
sleep__seq_sleep_hr_q90__q10,sleep,DEM vs CN,57.599998474121094,61.0,-0.13856209150326798,0.13856209150326798,9,85
activity__scalar_activity_score_training_volume__iqr,activity,DEM vs CN,3.0,2.0,0.13725490196078433,0.13725490196078433,9,85
sleep__clock_bedtime_start_sin__mean,sleep,DEM vs CN,-0.40451788902282715,-0.356751948595047,-0.13725490196078433,0.13725490196078433,9,85
sleep__seq_sleep_hr_iqr__q10,sleep,DEM vs CN,3.0,2.299999952316284,0.13725490196078433,0.13725490196078433,9,85
activity__scalar_activity_score_training_frequency__q10,activity,DEM vs CN,40.0,71.0,-0.13594771241830064,0.13594771241830064,9,85
sleep__clock_bedtime_start_sin__median,sleep,DEM vs CN,-0.48868468403816223,-0.4278174340724945,-0.134640522875817,0.134640522875817,9,85
sleep__seq_sleep_hr_std__recent_early,sleep,DEM vs CN,0.11823523044586182,0.014655351638793945,0.134640522875817,0.134640522875817,9,85
sleep__seq_sleep_rmssd_iqr__q10,sleep,DEM vs CN,6.0,7.300000190734863,-0.134640522875817,0.134640522875817,9,85
sleep__seq_sleep_hr_q10__iqr,sleep,DEM vs CN,3.0,3.0,0.13333333333333333,0.13333333333333333,9,85
activity__scalar_activity_rest__rank_slope,activity,DEM vs CN,-15.71368408203125,10.270270347595215,-0.13202614379084968,0.13202614379084968,9,85
activity__seq_activity_met_std__rank_slope,activity,DEM vs CN,-0.15271584689617157,-0.07078569382429123,-0.13202614379084968,0.13202614379084968,9,85
activity__seq_activity_met_low_high_delta__rank_slope,activity,DEM vs CN,0.02699030563235283,0.0874350443482399,-0.13202614379084968,0.13202614379084968,9,85
activity__scalar_activity_non_wear__q10,activity,DEM vs CN,0.0,0.0,-0.12941176470588237,0.12941176470588237,9,85
sleep__scalar_sleep_score_efficiency__q90,sleep,DEM vs CN,88.0,95.0,-0.12810457516339868,0.12810457516339868,9,85
sleep__seq_sleep_rmssd_mean__std,sleep,DEM vs CN,6.93765926361084,6.155913829803467,0.12679738562091503,0.12679738562091503,9,85
sleep__seq_sleep_rmssd_q90__rank_slope,sleep,DEM vs CN,-4.691849708557129,-1.0944099426269531,-0.12679738562091503,0.12679738562091503,9,85
activity__scalar_activity_cal_total__recent_early,activity,DEM vs CN,-43.0,-61.0,0.12549019607843137,0.12549019607843137,9,85
sleep__seq_sleep_rmssd_q10__q90,sleep,DEM vs CN,20.600000381469727,24.0,-0.12549019607843137,0.12549019607843137,9,85
activity__seq_activity_state_entropy__std,activity,DEM vs CN,0.08752233535051346,0.08121318370103836,0.12418300653594772,0.12418300653594772,9,85
activity__seq_activity_state_entropy__rank_slope,activity,DEM vs CN,-0.05937904492020607,-0.05037475749850273,-0.12418300653594772,0.12418300653594772,9,85
sleep__scalar_sleep_rmssd__std,sleep,DEM vs CN,7.152053356170654,6.488229751586914,0.12418300653594772,0.12418300653594772,9,85
sleep__seq_sleep_rmssd_low_high_delta__mean,sleep,DEM vs CN,2.578341245651245,2.2427539825439453,0.12418300653594772,0.12418300653594772,9,85
activity__scalar_activity_met_min_inactive__iqr,activity,DEM vs CN,2.0,3.0,-0.12287581699346405,0.12287581699346405,9,85
sleep__scalar_sleep_score_latency__q90,sleep,DEM vs CN,97.0,97.0,-0.12287581699346405,0.12287581699346405,9,85
sleep__scalar_sleep_temperature_delta__recent_early,sleep,DEM vs CN,0.06000000238418579,0.0299999937415123,0.12287581699346405,0.12287581699346405,9,85
sleep__scalar_sleep_temperature_deviation__recent_early,sleep,DEM vs CN,0.06000000238418579,0.0299999937415123,0.12287581699346405,0.12287581699346405,9,85
sleep__seq_sleep_rmssd_median__recent_early,sleep,DEM vs CN,-1.0,0.0,-0.12287581699346405,0.12287581699346405,9,85
activity__scalar_activity_inactive__q90,activity,DEM vs CN,611.0,627.5999755859375,-0.12156862745098039,0.12156862745098039,9,85
sleep__seq_sleep_stage_state_1_ratio__std,sleep,DEM vs CN,0.0672752857208252,0.07325079292058945,-0.12156862745098039,0.12156862745098039,9,85
sleep__scalar_sleep_breath_average__rank_slope,sleep,DEM vs CN,-0.023513512685894966,0.0006944444612599909,-0.11895424836601307,0.11895424836601307,9,85
sleep__scalar_sleep_rem__median,sleep,DEM vs CN,4410.0,3360.0,0.11895424836601307,0.11895424836601307,9,85
sleep__scalar_sleep_score_rem__mean,sleep,DEM vs CN,66.30908966064453,52.71875,0.11895424836601307,0.11895424836601307,9,85
sleep__clock_bedtime_end_cos__rank_slope,sleep,DEM vs CN,-0.10730307549238205,-0.12054812908172607,0.11895424836601307,0.11895424836601307,9,85
activity__scalar_activity_score_stay_active__q90,activity,DEM vs CN,95.4000015258789,94.0,0.11764705882352941,0.11764705882352941,9,85
sleep__seq_sleep_hr_median__iqr,sleep,DEM vs CN,3.5,3.0,0.11764705882352941,0.11764705882352941,9,85
activity__seq_activity_state_state_1_ratio__rank_slope,activity,DEM vs CN,0.00203730002976954,0.014433087781071663,-0.11633986928104575,0.11633986928104575,9,85
sleep__seq_sleep_rmssd_mean__iqr,sleep,DEM vs CN,10.537339210510254,7.983493804931641,0.11633986928104575,0.11633986928104575,9,85
sleep__seq_sleep_rmssd_q90__mean,sleep,DEM vs CN,39.110958099365234,43.27846145629883,-0.11633986928104575,0.11633986928104575,9,85
sleep__seq_sleep_stage_transition_rate__iqr,sleep,DEM vs CN,0.0669642835855484,0.0667894035577774,0.11633986928104575,0.11633986928104575,9,85
activity__seq_activity_state_state_2_ratio__median,activity,DEM vs CN,0.3623737394809723,0.36626046895980835,-0.11503267973856209,0.11503267973856209,9,85
sleep__seq_sleep_rmssd_median__q90,sleep,DEM vs CN,31.0,36.0,-0.11372549019607843,0.11372549019607843,9,85
activity__scalar_activity_medium__median,activity,DEM vs CN,49.0,48.0,-0.11241830065359477,0.11241830065359477,9,85
sleep__scalar_sleep_temperature_delta__mean,sleep,DEM vs CN,0.00557377003133297,-0.00916666816920042,-0.11241830065359477,0.11241830065359477,9,85
sleep__scalar_sleep_temperature_deviation__mean,sleep,DEM vs CN,0.00557377003133297,-0.00916666816920042,-0.11241830065359477,0.11241830065359477,9,85
activity__seq_activity_met_q10__q90,activity,DEM vs CN,0.8999999761581421,0.8999999761581421,0.1111111111111111,0.1111111111111111,9,85
mmse__q06,MMSE,DEM vs CN,2.0,2.0,-0.1111111111111111,0.1111111111111111,9,85
mmse__q07,MMSE,DEM vs CN,2.0,2.0,-0.1111111111111111,0.1111111111111111,9,85
mmse__q14_1,MMSE,DEM vs CN,2.0,2.0,-0.1111111111111111,0.1111111111111111,9,85
sleep__scalar_sleep_rmssd__iqr,sleep,DEM vs CN,10.75,8.25,0.10980392156862745,0.10980392156862745,9,85
activity__scalar_activity_high__rank_slope,activity,DEM vs CN,-0.8075675964355469,-0.3124362826347351,-0.1084967320261438,0.1084967320261438,9,85
activity__scalar_activity_low__rank_slope,activity,DEM vs CN,-38.94129943847656,-53.050689697265625,-0.1084967320261438,0.1084967320261438,9,85
activity__scalar_activity_low__recent_early,activity,DEM vs CN,-28.0,-20.5,-0.1084967320261438,0.1084967320261438,9,85
activity__scalar_activity_met_min_low__rank_slope,activity,DEM vs CN,-30.35675621032715,-41.85099792480469,-0.1084967320261438,0.1084967320261438,9,85
activity__scalar_activity_average_met__recent_early,activity,DEM vs CN,-0.03125,-0.03125,0.10588235294117647,0.10588235294117647,9,85
sleep__seq_sleep_rmssd_mean__q90,sleep,DEM vs CN,33.81424331665039,38.64044189453125,-0.10588235294117647,0.10588235294117647,9,85
sleep__seq_sleep_rmssd_median__iqr,sleep,DEM vs CN,9.875,8.0,0.10457516339869281,0.10457516339869281,9,85
sleep__seq_sleep_rmssd_low_high_delta__median,sleep,DEM vs CN,2.743903160095215,2.156322479248047,0.10457516339869281,0.10457516339869281,9,85
activity__seq_activity_state_state_2_ratio__std,activity,DEM vs CN,0.06727611273527145,0.0689086988568306,-0.10326797385620914,0.10326797385620914,9,85
sleep__seq_sleep_stage_state_2_ratio__iqr,sleep,DEM vs CN,0.09481851756572723,0.09990999102592468,0.10326797385620914,0.10326797385620914,9,85
sleep__scalar_sleep_score_rem__iqr,sleep,DEM vs CN,31.5,30.0,0.10196078431372549,0.10196078431372549,9,85
activity__scalar_activity_met_min_high__rank_slope,activity,DEM vs CN,-4.7737555503845215,-2.4863884449005127,-0.10065359477124183,0.10065359477124183,9,85
activity__scalar_activity_met_min_medium__median,activity,DEM vs CN,156.0,148.0,-0.10065359477124183,0.10065359477124183,9,85
activity__seq_activity_state_state_2_ratio__mean,activity,DEM vs CN,0.3655864894390106,0.36666253209114075,-0.10065359477124183,0.10065359477124183,9,85
sleep__clock_bedtime_end_cos__std,sleep,DEM vs CN,0.2609645426273346,0.2435668259859085,0.10065359477124183,0.10065359477124183,9,85
sleep__seq_sleep_hr_iqr__rank_slope,sleep,DEM vs CN,0.038823530077934265,-0.012772276997566223,0.10065359477124183,0.10065359477124183,9,85
mmse__q19,MMSE,DEM vs CN,2.0,2.0,-0.09934640522875816,0.09934640522875816,9,85
activity__scalar_activity_score_training_frequency__std,activity,DEM vs CN,21.638309478759766,12.38742733001709,0.09803921568627451,0.09803921568627451,9,85
sleep__scalar_sleep_hr_lowest__rank_slope,sleep,DEM vs CN,-1.084639549255371,-0.5786885023117065,-0.09803921568627451,0.09803921568627451,9,85
sleep__scalar_sleep_score_total__rank_slope,sleep,DEM vs CN,2.0917646884918213,2.0999999046325684,-0.09803921568627451,0.09803921568627451,9,85
sleep__seq_sleep_rmssd_std__median,sleep,DEM vs CN,11.427791595458984,9.430211067199707,0.09803921568627451,0.09803921568627451,9,85
sleep__seq_sleep_rmssd_q10__iqr,sleep,DEM vs CN,5.0,4.5,0.09803921568627451,0.09803921568627451,9,85
activity__seq_activity_met_std__median,activity,DEM vs CN,0.8457541465759277,0.881560206413269,-0.09542483660130718,0.09542483660130718,9,85
activity__seq_activity_met_std__recent_early,activity,DEM vs CN,-0.05110281705856323,-0.0407525897026062,-0.09542483660130718,0.09542483660130718,9,85
sleep__clock_bedtime_start_sin__iqr,sleep,DEM vs CN,0.35727858543395996,0.3055626153945923,0.09542483660130718,0.09542483660130718,9,85
sleep__seq_sleep_stage_state_4_ratio__q10,sleep,DEM vs CN,0.104347825050354,0.08417470008134842,0.09542483660130718,0.09542483660130718,9,85
sleep__seq_sleep_stage_active_ratio__q90,sleep,DEM vs CN,0.895652174949646,0.9158253073692322,-0.09542483660130718,0.09542483660130718,9,85
sleep__scalar_sleep_score_deep__recent_early,sleep,DEM vs CN,-2.0,0.0,-0.09411764705882353,0.09411764705882353,9,85
sleep__seq_sleep_hr_q90__median,sleep,DEM vs CN,62.0,64.55000305175781,-0.09411764705882353,0.09411764705882353,9,85
activity__seq_activity_state_state_4_ratio__rank_slope,activity,DEM vs CN,-0.011281260289251804,-0.008634565398097038,-0.09281045751633987,0.09281045751633987,9,85
sleep__scalar_sleep_efficiency__q90,sleep,DEM vs CN,87.0,90.0,-0.09281045751633987,0.09281045751633987,9,85
sleep__scalar_sleep_rmssd__q90,sleep,DEM vs CN,33.79999923706055,39.0,-0.09281045751633987,0.09281045751633987,9,85
sleep__seq_sleep_hr_q10__recent_early,sleep,DEM vs CN,-0.30000001192092896,0.0,-0.09281045751633987,0.09281045751633987,9,85
activity__scalar_activity_inactive__recent_early,activity,DEM vs CN,13.0,13.0,0.0915032679738562,0.0915032679738562,9,85
activity__scalar_activity_score_recovery_time__median,activity,DEM vs CN,100.0,100.0,0.09019607843137255,0.09019607843137255,9,85
sleep__seq_sleep_hr_q90__mean,sleep,DEM vs CN,61.970909118652344,65.36799621582031,-0.09019607843137255,0.09019607843137255,9,85
sleep__seq_sleep_rmssd_median__std,sleep,DEM vs CN,6.671264171600342,6.040645122528076,0.09019607843137255,0.09019607843137255,9,85
activity__scalar_activity_score_meet_daily_targets__rank_slope,activity,DEM vs CN,-7.420814514160156,-4.95573616027832,-0.08758169934640522,0.08758169934640522,9,85
activity__scalar_activity_total__rank_slope,activity,DEM vs CN,-50.533935546875,-52.97043991088867,-0.08758169934640522,0.08758169934640522,9,85
activity__seq_activity_state_state_2_ratio__q90,activity,DEM vs CN,0.4376360774040222,0.4547940194606781,-0.08758169934640522,0.08758169934640522,9,85
sleep__scalar_sleep_score__mean,sleep,DEM vs CN,71.09333038330078,73.40908813476562,-0.08758169934640522,0.08758169934640522,9,85
sleep__seq_sleep_hr_q10__rank_slope,sleep,DEM vs CN,-0.4329153597354889,-0.27272728085517883,-0.08758169934640522,0.08758169934640522,9,85
sleep__seq_sleep_rmssd_q90__median,sleep,DEM vs CN,39.0,42.29999923706055,-0.08758169934640522,0.08758169934640522,9,85
activity__scalar_activity_non_wear__mean,activity,DEM vs CN,39.93243408203125,39.10810852050781,-0.08496732026143791,0.08496732026143791,9,85
activity__scalar_activity_score_training_frequency__rank_slope,activity,DEM vs CN,-23.18526268005371,-0.28488242626190186,-0.08496732026143791,0.08496732026143791,9,85
activity__scalar_activity_met_min_low__recent_early,activity,DEM vs CN,-11.0,-21.5,-0.08235294117647059,0.08235294117647059,9,85
activity__seq_activity_state_active_ratio__recent_early,activity,DEM vs CN,-0.01820197142660618,-0.022795893251895905,-0.08235294117647059,0.08235294117647059,9,85
activity__seq_activity_met_q10__std,activity,DEM vs CN,0.21507935225963593,0.19955505430698395,0.08235294117647059,0.08235294117647059,9,85
sleep__scalar_sleep_score_alignment__iqr,sleep,DEM vs CN,5.0,7.0,0.08235294117647059,0.08235294117647059,9,85
sleep__scalar_sleep_score_rem__median,sleep,DEM vs CN,66.0,54.5,0.08235294117647059,0.08235294117647059,9,85
sleep__seq_sleep_hr_q90__iqr,sleep,DEM vs CN,4.0,4.0,0.08235294117647059,0.08235294117647059,9,85
sleep__scalar_sleep_rem__q10,sleep,DEM vs CN,2238.0,1542.0,0.08104575163398693,0.08104575163398693,9,85
activity__scalar_activity_score_stay_active__q10,activity,DEM vs CN,67.0,66.0,0.07973856209150326,0.07973856209150326,9,85
activity__seq_activity_state_state_2_ratio__q10,activity,DEM vs CN,0.2861158549785614,0.2870497703552246,-0.07973856209150326,0.07973856209150326,9,85
sleep__scalar_sleep_midpoint_time__rank_slope,sleep,DEM vs CN,-57.811763763427734,454.211181640625,-0.07973856209150326,0.07973856209150326,9,85
sleep__clock_bedtime_end_sin__median,sleep,DEM vs CN,0.9581770300865173,0.9621280431747437,-0.07973856209150326,0.07973856209150326,9,85
sleep__clock_bedtime_end_sin__q10,sleep,DEM vs CN,0.8153804540634155,0.8494579792022705,-0.07973856209150326,0.07973856209150326,9,85
sleep__clock_bedtime_end_cos__recent_early,sleep,DEM vs CN,-0.08241038024425507,-0.058439452201128006,0.07973856209150326,0.07973856209150326,9,85
sleep__scalar_sleep_breath_average__recent_early,sleep,DEM vs CN,0.0,-0.0625,0.0784313725490196,0.0784313725490196,9,85
sleep__scalar_sleep_light__recent_early,sleep,DEM vs CN,-90.0,150.0,-0.0784313725490196,0.0784313725490196,9,85
activity__scalar_activity_score_move_every_hour__q10,activity,DEM vs CN,95.0,95.0,0.07712418300653595,0.07712418300653595,9,85
activity__scalar_activity_score_recovery_time__iqr,activity,DEM vs CN,2.0,2.0,-0.07712418300653595,0.07712418300653595,9,85
sleep__scalar_sleep_midpoint_at_delta__q10,sleep,DEM vs CN,4902.60009765625,4914.60009765625,0.07712418300653595,0.07712418300653595,9,85
sleep__scalar_sleep_midpoint_time__recent_early,sleep,DEM vs CN,-645.0,-30.0,-0.07712418300653595,0.07712418300653595,9,85
sleep__scalar_sleep_score_alignment__mean,sleep,DEM vs CN,89.21621704101562,93.26087188720703,-0.07712418300653595,0.07712418300653595,9,85
sleep__seq_sleep_rmssd_std__q90,sleep,DEM vs CN,15.112439155578613,14.16109561920166,0.07712418300653595,0.07712418300653595,9,85
activity__scalar_activity_score_meet_daily_targets__std,activity,DEM vs CN,17.58907699584961,15.596993446350098,0.07450980392156863,0.07450980392156863,9,85
sleep__seq_sleep_rmssd_std__iqr,sleep,DEM vs CN,3.8384389877319336,4.220341205596924,0.07450980392156863,0.07450980392156863,9,85
sleep__scalar_sleep_deep__recent_early,sleep,DEM vs CN,-240.0,-60.0,0.07320261437908497,0.07320261437908497,9,85
activity__seq_activity_met_q90__rank_slope,activity,DEM vs CN,-0.14077837765216827,-0.22145932912826538,-0.0718954248366013,0.0718954248366013,9,85
sleep__seq_sleep_rmssd_std__mean,sleep,DEM vs CN,11.527344703674316,10.05281925201416,0.0718954248366013,0.0718954248366013,9,85
sleep__seq_sleep_rmssd_iqr__iqr,sleep,DEM vs CN,5.25,6.0,0.0718954248366013,0.0718954248366013,9,85
activity__scalar_activity_rest__recent_early,activity,DEM vs CN,11.0,8.0,-0.06928104575163399,0.06928104575163399,9,85
sleep__scalar_sleep_hr_average__iqr,sleep,DEM vs CN,3.5100021362304688,3.2099990844726562,0.06928104575163399,0.06928104575163399,9,85
sleep__scalar_sleep_score_deep__rank_slope,sleep,DEM vs CN,-4.0723981857299805,-0.09696969389915466,-0.06928104575163399,0.06928104575163399,9,85
sleep__seq_sleep_hr_mean__iqr,sleep,DEM vs CN,3.5074234008789062,3.204000473022461,0.06928104575163399,0.06928104575163399,9,85
sleep__seq_sleep_stage_entropy__rank_slope,sleep,DEM vs CN,-0.02695615217089653,0.0036432368215173483,-0.06928104575163399,0.06928104575163399,9,85
activity__seq_activity_state_state_4_ratio__recent_early,activity,DEM vs CN,-0.003546099178493023,-0.0034722222480922937,-0.06797385620915032,0.06797385620915032,9,85
sleep__scalar_sleep_score_total__iqr,sleep,DEM vs CN,23.0,22.0,0.06666666666666667,0.06666666666666667,9,85
sleep__clock_bedtime_end_sin__recent_early,sleep,DEM vs CN,-0.016233226284384727,-0.006886411923915148,-0.06666666666666667,0.06666666666666667,9,85
sleep__seq_sleep_rmssd_q10__std,sleep,DEM vs CN,4.263433933258057,3.6146323680877686,0.06666666666666667,0.06666666666666667,9,85
activity__seq_activity_state_state_3_ratio__recent_early,activity,DEM vs CN,-0.012263593263924122,-0.015010268427431583,0.06535947712418301,0.06535947712418301,9,85
activity__scalar_activity_cal_total__rank_slope,activity,DEM vs CN,-105.12324523925781,-142.45880126953125,0.06405228758169934,0.06405228758169934,9,85
activity__scalar_activity_inactivity_alerts__q90,activity,DEM vs CN,1.0,1.0,-0.06405228758169934,0.06405228758169934,9,85
activity__scalar_activity_medium__rank_slope,activity,DEM vs CN,-14.289592742919922,-10.38415813446045,-0.06405228758169934,0.06405228758169934,9,85
activity__seq_activity_state_entropy__iqr,activity,DEM vs CN,0.10135392099618912,0.10061399638652802,-0.06405228758169934,0.06405228758169934,9,85
activity__seq_activity_state_longest_inactive_run__rank_slope,activity,DEM vs CN,-1.3157894611358643,-1.4350240230560303,-0.06405228758169934,0.06405228758169934,9,85
activity__scalar_activity_non_wear__iqr,activity,DEM vs CN,70.25,63.0,-0.06274509803921569,0.06274509803921569,9,85
activity__seq_activity_state_active_ratio__rank_slope,activity,DEM vs CN,-0.024335790425539017,-0.037132713943719864,-0.06143790849673202,0.06143790849673202,9,85
sleep__scalar_sleep_rem__rank_slope,sleep,DEM vs CN,-101.6604995727539,24.507041931152344,-0.06143790849673202,0.06143790849673202,9,85
activity__scalar_activity_cal_active__recent_early,activity,DEM vs CN,-30.0,-44.5,0.06013071895424837,0.06013071895424837,9,85
activity__scalar_activity_score_training_frequency__recent_early,activity,DEM vs CN,0.0,0.0,0.06013071895424837,0.06013071895424837,9,85
sleep__scalar_sleep_rmssd__recent_early,sleep,DEM vs CN,-1.0,0.0,-0.058823529411764705,0.058823529411764705,9,85
sleep__seq_sleep_rmssd_iqr__rank_slope,sleep,DEM vs CN,-0.814393937587738,-0.13500678539276123,-0.058823529411764705,0.058823529411764705,9,85
sleep__seq_sleep_stage_state_3_ratio__iqr,sleep,DEM vs CN,0.0586208738386631,0.05862884223461151,0.058823529411764705,0.058823529411764705,9,85
sleep__seq_sleep_stage_state_4_ratio__recent_early,sleep,DEM vs CN,0.006014611572027206,0.004159239586442709,-0.058823529411764705,0.058823529411764705,9,85
sleep__seq_sleep_stage_active_ratio__recent_early,sleep,DEM vs CN,-0.006014611572027206,-0.004159239586442709,0.058823529411764705,0.058823529411764705,9,85
activity__scalar_activity_score__iqr,activity,DEM vs CN,11.0,12.75,-0.05751633986928104,0.05751633986928104,9,85
sleep__seq_sleep_stage_longest_inactive_run__rank_slope,sleep,DEM vs CN,-0.03448275849223137,0.22938530147075653,0.05620915032679739,0.05620915032679739,9,85
activity__scalar_activity_inactivity_alerts__median,activity,DEM vs CN,0.0,0.0,0.054901960784313725,0.054901960784313725,9,85
activity__scalar_activity_score_move_every_hour__median,activity,DEM vs CN,100.0,100.0,-0.054901960784313725,0.054901960784313725,9,85
sleep__seq_sleep_rmssd_iqr__median,sleep,DEM vs CN,14.0,12.0,0.054901960784313725,0.054901960784313725,9,85
activity__scalar_activity_average_met__rank_slope,activity,DEM vs CN,-0.05972972884774208,-0.06265369057655334,-0.05359477124183006,0.05359477124183006,9,85
activity__scalar_activity_daily_movement__rank_slope,activity,DEM vs CN,-1487.3902587890625,-1830.2740478515625,-0.05359477124183006,0.05359477124183006,9,85
activity__scalar_activity_score_meet_daily_targets__iqr,activity,DEM vs CN,18.0,18.0,0.05359477124183006,0.05359477124183006,9,85
sleep__scalar_sleep_temperature_delta__median,sleep,DEM vs CN,-0.009999999776482582,-0.009999999776482582,-0.05359477124183006,0.05359477124183006,9,85
sleep__scalar_sleep_temperature_deviation__median,sleep,DEM vs CN,-0.009999999776482582,-0.009999999776482582,-0.05359477124183006,0.05359477124183006,9,85
sleep__seq_sleep_rmssd_mean__recent_early,sleep,DEM vs CN,-0.703125,0.17390823364257812,-0.05359477124183006,0.05359477124183006,9,85
activity__seq_activity_met_q10__iqr,activity,DEM vs CN,0.0,0.0,0.05228758169934641,0.05228758169934641,9,85
sleep__scalar_sleep_awake__recent_early,sleep,DEM vs CN,210.0,60.0,0.05228758169934641,0.05228758169934641,9,85
activity__scalar_activity_met_min_medium__rank_slope,activity,DEM vs CN,-35.678733825683594,-31.67584228515625,-0.050980392156862744,0.050980392156862744,9,85
sleep__seq_sleep_hr_q90__q90,sleep,DEM vs CN,67.5999984741211,69.0,-0.050980392156862744,0.050980392156862744,9,85
sleep__scalar_sleep_breath_average__q10,sleep,DEM vs CN,15.625,16.375,-0.04967320261437908,0.04967320261437908,9,85
sleep__scalar_sleep_score_alignment__recent_early,sleep,DEM vs CN,0.0,0.0,-0.04967320261437908,0.04967320261437908,9,85
sleep__seq_sleep_stage_state_3_ratio__median,sleep,DEM vs CN,0.1504424810409546,0.1269841343164444,-0.048366013071895426,0.048366013071895426,9,85
sleep__seq_sleep_stage_state_4_ratio__rank_slope,sleep,DEM vs CN,0.013766580261290073,0.00751379132270813,0.048366013071895426,0.048366013071895426,9,85
sleep__seq_sleep_stage_active_ratio__rank_slope,sleep,DEM vs CN,-0.013766580261290073,-0.00751379132270813,-0.048366013071895426,0.048366013071895426,9,85
sleep__scalar_sleep_score_alignment__q90,sleep,DEM vs CN,100.0,100.0,0.047058823529411764,0.047058823529411764,9,85
sleep__scalar_sleep_score_rem__q10,sleep,DEM vs CN,32.29999923706055,22.200000762939453,0.047058823529411764,0.047058823529411764,9,85
activity__seq_activity_met_std__std,activity,DEM vs CN,0.16639718413352966,0.16840606927871704,0.0457516339869281,0.0457516339869281,9,85
sleep__scalar_sleep_onset_latency__recent_early,sleep,DEM vs CN,-60.0,0.0,-0.0457516339869281,0.0457516339869281,9,85
sleep__seq_sleep_rmssd_iqr__mean,sleep,DEM vs CN,14.123287200927734,12.534883499145508,0.0457516339869281,0.0457516339869281,9,85
sleep__seq_sleep_stage_state_3_ratio__q10,sleep,DEM vs CN,0.08070841431617737,0.06314758956432343,-0.0457516339869281,0.0457516339869281,9,85
activity__seq_activity_met_q90__recent_early,activity,DEM vs CN,-0.09999990463256836,-0.09999990463256836,0.043137254901960784,0.043137254901960784,9,85
activity__scalar_activity_score_training_frequency__iqr,activity,DEM vs CN,0.0,0.0,-0.04183006535947712,0.04183006535947712,9,85
sleep__scalar_sleep_onset_latency__q10,sleep,DEM vs CN,180.0,210.0,0.04183006535947712,0.04183006535947712,9,85
sleep__seq_sleep_rmssd_q90__q90,sleep,DEM vs CN,56.20000076293945,56.0,-0.04183006535947712,0.04183006535947712,9,85
activity__scalar_activity_score_meet_daily_targets__recent_early,activity,DEM vs CN,0.0,0.0,0.040522875816993466,0.040522875816993466,9,85
sleep__scalar_sleep_efficiency__rank_slope,sleep,DEM vs CN,-1.9275676012039185,-0.5939394235610962,-0.040522875816993466,0.040522875816993466,9,85
sleep__scalar_sleep_score_alignment__rank_slope,sleep,DEM vs CN,0.0626959279179573,-3.8537206649780273,0.040522875816993466,0.040522875816993466,9,85
sleep__seq_sleep_stage_state_3_ratio__mean,sleep,DEM vs CN,0.1461331844329834,0.1297702193260193,-0.040522875816993466,0.040522875816993466,9,85
sleep__scalar_sleep_score__median,sleep,DEM vs CN,72.0,74.5,-0.0392156862745098,0.0392156862745098,9,85
sleep__scalar_sleep_score_efficiency__rank_slope,sleep,DEM vs CN,-1.339393973350525,-1.339393973350525,0.0392156862745098,0.0392156862745098,9,85
activity__scalar_activity_steps__rank_slope,activity,DEM vs CN,-1634.76318359375,-2080.6650390625,-0.03790849673202614,0.03790849673202614,9,85
sleep__scalar_sleep_hr_average__rank_slope,sleep,DEM vs CN,-0.4108441472053528,-0.16518175601959229,-0.03790849673202614,0.03790849673202614,9,85
sleep__clock_bedtime_start_cos__recent_early,sleep,DEM vs CN,0.005610473919659853,0.006761080119758844,0.03790849673202614,0.03790849673202614,9,85
sleep__seq_sleep_hr_mean__rank_slope,sleep,DEM vs CN,-0.4088832139968872,-0.16349481046199799,-0.03790849673202614,0.03790849673202614,9,85
sleep__seq_sleep_hr_low_high_delta__q90,sleep,DEM vs CN,1.2571914196014404,0.7777786254882812,0.03790849673202614,0.03790849673202614,9,85
activity__scalar_activity_met_min_inactive__recent_early,activity,DEM vs CN,0.0,0.0,-0.036601307189542485,0.036601307189542485,9,85
sleep__scalar_sleep_hr_average__recent_early,sleep,DEM vs CN,0.0749969482421875,-0.2749977111816406,0.036601307189542485,0.036601307189542485,9,85
activity__scalar_activity_inactive__iqr,activity,DEM vs CN,115.5,123.0,-0.03529411764705882,0.03529411764705882,9,85
activity__seq_activity_met_q10__mean,activity,DEM vs CN,0.8372548818588257,0.8466666340827942,-0.03529411764705882,0.03529411764705882,9,85
sleep__scalar_sleep_midpoint_at_delta__recent_early,sleep,DEM vs CN,721.0,600.0,0.03529411764705882,0.03529411764705882,9,85
sleep__seq_sleep_rmssd_iqr__q90,sleep,DEM vs CN,19.049999237060547,19.200000762939453,0.03529411764705882,0.03529411764705882,9,85
sleep__seq_sleep_rmssd_low_high_delta__rank_slope,sleep,DEM vs CN,-0.0845886617898941,-0.39479610323905945,0.03529411764705882,0.03529411764705882,9,85
sleep__seq_sleep_stage_state_3_ratio__q90,sleep,DEM vs CN,0.1922222226858139,0.1886836588382721,-0.03529411764705882,0.03529411764705882,9,85
sleep__seq_sleep_stage_state_3_ratio__rank_slope,sleep,DEM vs CN,-0.006780513096600771,-0.004927175585180521,-0.03529411764705882,0.03529411764705882,9,85
activity__scalar_activity_met_min_high__median,activity,DEM vs CN,0.0,6.0,0.03398692810457516,0.03398692810457516,9,85
activity__seq_activity_met_iqr__rank_slope,activity,DEM vs CN,-0.07500003278255463,-0.10569711029529572,0.032679738562091505,0.032679738562091505,9,85
sleep__scalar_sleep_breath_average__iqr,sleep,DEM vs CN,0.75,0.625,0.032679738562091505,0.032679738562091505,9,85
sleep__scalar_sleep_score__q90,sleep,DEM vs CN,83.5999984741211,84.5999984741211,-0.032679738562091505,0.032679738562091505,9,85
sleep__scalar_sleep_score_disturbances__rank_slope,sleep,DEM vs CN,-1.2084211111068726,-0.4670807421207428,0.032679738562091505,0.032679738562091505,9,85
sleep__clock_bedtime_end_sin__iqr,sleep,DEM vs CN,0.06510236859321594,0.07101473212242126,0.032679738562091505,0.032679738562091505,9,85
sleep__seq_sleep_hr_mean__recent_early,sleep,DEM vs CN,0.07708740234375,-0.271331787109375,0.032679738562091505,0.032679738562091505,9,85
activity__scalar_activity_score_stay_active__std,activity,DEM vs CN,10.6470365524292,10.644597053527832,-0.030065359477124184,0.030065359477124184,9,85
sleep__scalar_sleep_deep__rank_slope,sleep,DEM vs CN,-458.8966979980469,-124.87726593017578,-0.030065359477124184,0.030065359477124184,9,85
sleep__scalar_sleep_total__rank_slope,sleep,DEM vs CN,-717.4208374023438,334.4278869628906,-0.030065359477124184,0.030065359477124184,9,85
sleep__seq_sleep_stage_state_2_ratio__rank_slope,sleep,DEM vs CN,0.002700268290936947,-0.005615991074591875,-0.030065359477124184,0.030065359477124184,9,85
activity__scalar_activity_met_min_high__recent_early,activity,DEM vs CN,0.0,0.0,0.02875816993464052,0.02875816993464052,9,85
mmse__q15,MMSE,DEM vs CN,2.0,2.0,-0.02875816993464052,0.02875816993464052,9,85
activity__scalar_activity_score__std,activity,DEM vs CN,9.14938735961914,8.889381408691406,0.027450980392156862,0.027450980392156862,9,85
sleep__seq_sleep_rmssd_std__rank_slope,sleep,DEM vs CN,-0.21375112235546112,-0.4676573574542999,0.027450980392156862,0.027450980392156862,9,85
sleep__seq_sleep_rmssd_q90__iqr,sleep,DEM vs CN,13.0,12.300000190734863,0.027450980392156862,0.027450980392156862,9,85
sleep__seq_sleep_stage_state_3_ratio__std,sleep,DEM vs CN,0.04501590505242348,0.04485948756337166,0.027450980392156862,0.027450980392156862,9,85
activity__scalar_activity_daily_movement__recent_early,activity,DEM vs CN,-710.0,-639.0,-0.02483660130718954,0.02483660130718954,9,85
activity__seq_activity_met_mean__rank_slope,activity,DEM vs CN,-0.0630657970905304,-0.07592058926820755,0.02483660130718954,0.02483660130718954,9,85
sleep__seq_sleep_hr_q90__rank_slope,sleep,DEM vs CN,-0.5198919177055359,-0.35245901346206665,-0.02483660130718954,0.02483660130718954,9,85
sleep__seq_sleep_hr_low_high_delta__recent_early,sleep,DEM vs CN,-0.38587188720703125,0.010835647583007812,-0.02483660130718954,0.02483660130718954,9,85
sleep__seq_sleep_rmssd_q90__recent_early,sleep,DEM vs CN,-0.4000000059604645,-0.05000000074505806,0.023529411764705882,0.023529411764705882,9,85
sleep__seq_sleep_rmssd_iqr__recent_early,sleep,DEM vs CN,-0.125,0.0,-0.023529411764705882,0.023529411764705882,9,85
activity__scalar_activity_non_wear__std,activity,DEM vs CN,56.54180145263672,58.644493103027344,-0.022222222222222223,0.022222222222222223,9,85
activity__scalar_activity_score_stay_active__iqr,activity,DEM vs CN,15.0,15.0,-0.022222222222222223,0.022222222222222223,9,85
sleep__scalar_sleep_awake__rank_slope,sleep,DEM vs CN,1048.305908203125,414.0569763183594,0.022222222222222223,0.022222222222222223,9,85
sleep__seq_sleep_hr_std__rank_slope,sleep,DEM vs CN,-0.10512354224920273,-0.04607701674103737,0.022222222222222223,0.022222222222222223,9,85
sleep__seq_sleep_rmssd_low_high_delta__std,sleep,DEM vs CN,6.900672912597656,6.542946815490723,0.022222222222222223,0.022222222222222223,9,85
sleep__seq_sleep_hr_median__recent_early,sleep,DEM vs CN,0.0,0.0,0.02091503267973856,0.02091503267973856,9,85
activity__scalar_activity_high__median,activity,DEM vs CN,0.0,1.0,0.0196078431372549,0.0196078431372549,9,85
activity__scalar_activity_score_recovery_time__q90,activity,DEM vs CN,100.0,100.0,-0.0196078431372549,0.0196078431372549,9,85
activity__seq_activity_met_q10__q10,activity,DEM vs CN,0.8999999761581421,0.8999999761581421,0.0196078431372549,0.0196078431372549,9,85
sleep__scalar_sleep_duration__rank_slope,sleep,DEM vs CN,-377.5058898925781,834.3989868164062,0.0196078431372549,0.0196078431372549,9,85
sleep__seq_sleep_hr_median__rank_slope,sleep,DEM vs CN,-0.5859728455543518,-0.5827868580818176,0.0196078431372549,0.0196078431372549,9,85
activity__scalar_activity_cal_active__rank_slope,activity,DEM vs CN,-75.90054321289062,-99.57482147216797,-0.01699346405228758,0.01699346405228758,9,85
sleep__scalar_sleep_light__rank_slope,sleep,DEM vs CN,-310.79998779296875,287.1428527832031,-0.01699346405228758,0.01699346405228758,9,85
sleep__seq_sleep_stage_state_2_ratio__recent_early,sleep,DEM vs CN,0.0,0.0010697267716750503,0.01699346405228758,0.01699346405228758,9,85
sleep__seq_sleep_stage_longest_inactive_run__recent_early,sleep,DEM vs CN,0.0,0.0,-0.01699346405228758,0.01699346405228758,9,85
activity__scalar_activity_non_wear__q90,activity,DEM vs CN,121.19999694824219,122.19999694824219,-0.01568627450980392,0.01568627450980392,9,85
activity__scalar_activity_met_min_medium__recent_early,activity,DEM vs CN,-7.0,-10.5,-0.01437908496732026,0.01437908496732026,9,85
sleep__scalar_sleep_breath_average__mean,sleep,DEM vs CN,17.085784912109375,16.96666717529297,-0.01437908496732026,0.01437908496732026,9,85
sleep__scalar_sleep_breath_average__q90,sleep,DEM vs CN,17.5,17.5,-0.01437908496732026,0.01437908496732026,9,85
sleep__seq_sleep_rmssd_low_high_delta__recent_early,sleep,DEM vs CN,-0.17807340621948242,0.14910316467285156,-0.01437908496732026,0.01437908496732026,9,85
sleep__seq_sleep_stage_transition_rate__rank_slope,sleep,DEM vs CN,-0.004444130230695009,0.003079336602240801,0.01437908496732026,0.01437908496732026,9,85
activity__scalar_activity_score_move_every_hour__recent_early,activity,DEM vs CN,0.0,0.0,-0.011764705882352941,0.011764705882352941,9,85
activity__seq_activity_met_median__recent_early,activity,DEM vs CN,0.0,0.0,-0.011764705882352941,0.011764705882352941,9,85
sleep__scalar_sleep_breath_average__median,sleep,DEM vs CN,17.125,17.0,-0.011764705882352941,0.011764705882352941,9,85
sleep__clock_bedtime_start_sin__q90,sleep,DEM vs CN,-0.03344590589404106,-0.010064508765935898,0.011764705882352941,0.011764705882352941,9,85
sleep__seq_sleep_rmssd_std__q10,sleep,DEM vs CN,6.209885120391846,6.501517295837402,0.011764705882352941,0.011764705882352941,9,85
sleep__seq_sleep_rmssd_std__recent_early,sleep,DEM vs CN,-0.5942018032073975,-0.35848236083984375,-0.011764705882352941,0.011764705882352941,9,85
sleep__seq_sleep_stage_state_1_ratio__rank_slope,sleep,DEM vs CN,-0.0018556014401838183,-0.004508951213210821,-0.011764705882352941,0.011764705882352941,9,85
activity__scalar_activity_non_wear__recent_early,activity,DEM vs CN,0.0,0.0,0.01045751633986928,0.01045751633986928,9,85
activity__scalar_activity_medium__recent_early,activity,DEM vs CN,-5.0,-3.5,-0.009150326797385621,0.009150326797385621,9,85
activity__scalar_activity_steps__recent_early,activity,DEM vs CN,-672.0,-937.0,0.009150326797385621,0.009150326797385621,9,85
activity__scalar_activity_total__recent_early,activity,DEM vs CN,-37.0,-29.0,-0.009150326797385621,0.009150326797385621,9,85
activity__seq_activity_state_state_3_ratio__rank_slope,activity,DEM vs CN,-0.017095191404223442,-0.025721585378050804,-0.009150326797385621,0.009150326797385621,9,85
sleep__scalar_sleep_temperature_delta__q90,sleep,DEM vs CN,0.34599998593330383,0.3100000023841858,0.00784313725490196,0.00784313725490196,9,85
sleep__scalar_sleep_temperature_deviation__q90,sleep,DEM vs CN,0.34599998593330383,0.3100000023841858,0.00784313725490196,0.00784313725490196,9,85
activity__scalar_activity_high__recent_early,activity,DEM vs CN,0.0,0.0,-0.006535947712418301,0.006535947712418301,9,85
sleep__clock_bedtime_start_sin__rank_slope,sleep,DEM vs CN,0.08019796758890152,0.08299843966960907,0.006535947712418301,0.006535947712418301,9,85
sleep__seq_sleep_rmssd_q10__recent_early,sleep,DEM vs CN,0.0,0.0,-0.00522875816993464,0.00522875816993464,9,85
activity__scalar_activity_inactive__std,activity,DEM vs CN,95.294921875,101.32196807861328,0.00392156862745098,0.00392156862745098,9,85
activity__scalar_activity_non_wear__median,activity,DEM vs CN,0.0,0.0,-0.00392156862745098,0.00392156862745098,9,85
activity__seq_activity_met_mean__recent_early,activity,DEM vs CN,-0.027638673782348633,-0.02736109495162964,0.00392156862745098,0.00392156862745098,9,85
sleep__scalar_sleep_score_alignment__median,sleep,DEM vs CN,100.0,100.0,-0.00130718954248366,0.00130718954248366,9,85
sleep__seq_sleep_rmssd_low_high_delta__iqr,sleep,DEM vs CN,7.778926849365234,7.811944961547852,-0.00130718954248366,0.00130718954248366,9,85
activity__scalar_activity_inactivity_alerts__q10,activity,DEM vs CN,0.0,0.0,0.0,0.0,9,85
activity__scalar_activity_inactivity_alerts__recent_early,activity,DEM vs CN,0.0,0.0,0.0,0.0,9,85
activity__scalar_activity_score_move_every_hour__q90,activity,DEM vs CN,100.0,100.0,0.0,0.0,9,85
activity__seq_activity_met_q10__median,activity,DEM vs CN,0.8999999761581421,0.8999999761581421,0.0,0.0,9,85
activity__seq_activity_met_q10__recent_early,activity,DEM vs CN,0.0,0.0,0.0,0.0,9,85
sleep__seq_sleep_hr_q90__recent_early,sleep,DEM vs CN,0.0,-0.30000001192092896,0.0,0.0,9,85
mmse__q11_1,MMSE,DEM vs CN,2.0,2.0,0.0,0.0,9,85
mmse__q11_2,MMSE,DEM vs CN,2.0,2.0,0.0,0.0,9,85
mmse__q11_3,MMSE,DEM vs CN,2.0,2.0,0.0,0.0,9,85
mmse__q12_total,MMSE,DEM vs CN,0.0,0.0,0.0,0.0,9,85
mmse__q14_2,MMSE,DEM vs CN,2.0,2.0,0.0,0.0,9,85
mmse__total,MMSE,MCI vs CN,26.0,28.0,-0.3894868585732165,0.3894868585732165,47,85
mmse__memory_language_sum,MMSE,MCI vs CN,37.0,38.0,-0.3421777221526909,0.3421777221526909,47,85
mmse__q13_3,MMSE,MCI vs CN,1.0,2.0,-0.33917396745932415,0.33917396745932415,47,85
mmse__q13_2,MMSE,MCI vs CN,1.0,2.0,-0.33191489361702126,0.33191489361702126,47,85
mmse__orientation_sum,MMSE,MCI vs CN,19.0,20.0,-0.30337922403003753,0.30337922403003753,47,85
mmse__q12_5,MMSE,MCI vs CN,2.0,2.0,-0.2798498122653317,0.2798498122653317,47,85
sleep__clock_bedtime_start_sin__median,sleep,MCI vs CN,-0.560088574886322,-0.4278174340724945,-0.26958698372966206,0.26958698372966206,47,85
sleep__clock_bedtime_start_sin__mean,sleep,MCI vs CN,-0.5181503295898438,-0.356751948595047,-0.26708385481852315,0.26708385481852315,47,85
sleep__scalar_sleep_midpoint_at_delta__median,sleep,MCI vs CN,7102.0,8270.0,-0.2660826032540676,0.2660826032540676,47,85
sleep__scalar_sleep_score_alignment__mean,sleep,MCI vs CN,94.93650817871094,93.26087188720703,0.2648310387984981,0.2648310387984981,47,85
sleep__scalar_sleep_restless__iqr,sleep,MCI vs CN,8.0,7.0,0.25406758448060074,0.25406758448060074,47,85
sleep__scalar_sleep_score_alignment__q10,sleep,MCI vs CN,83.80000305175781,76.4000015258789,0.24755944931163956,0.24755944931163956,47,85
sleep__scalar_sleep_score_alignment__std,sleep,MCI vs CN,10.576218605041504,13.612479209899902,-0.2423028785982478,0.2423028785982478,47,85
sleep__scalar_sleep_midpoint_at_delta__q10,sleep,MCI vs CN,3277.199951171875,4914.60009765625,-0.24105131414267836,0.24105131414267836,47,85
sleep__clock_bedtime_start_sin__q10,sleep,MCI vs CN,-0.7879990935325623,-0.7237919569015503,-0.2390488110137672,0.2390488110137672,47,85
sleep__scalar_sleep_score_alignment__iqr,sleep,MCI vs CN,0.0,7.0,-0.22478097622027535,0.22478097622027535,47,85
sleep__clock_bedtime_start_sin__q90,sleep,MCI vs CN,-0.11863873898983002,-0.010064508765935898,-0.2235294117647059,0.2235294117647059,47,85
sleep__clock_bedtime_start_cos__median,sleep,MCI vs CN,0.8252572417259216,0.8860746622085571,-0.2235294117647059,0.2235294117647059,47,85
sleep__scalar_sleep_score_deep__std,sleep,MCI vs CN,17.30303192138672,15.20207405090332,0.2230287859824781,0.2230287859824781,47,85
sleep__clock_bedtime_start_cos__iqr,sleep,MCI vs CN,0.1793324500322342,0.12756477296352386,0.22252816020025032,0.22252816020025032,47,85
sleep__clock_bedtime_start_cos__mean,sleep,MCI vs CN,0.7775131464004517,0.8424414992332458,-0.22052565707133917,0.22052565707133917,47,85
sleep__clock_bedtime_end_cos__q10,sleep,MCI vs CN,-0.2650029957294464,-0.39261719584465027,0.22052565707133917,0.22052565707133917,47,85
activity__scalar_activity_inactivity_alerts__mean,activity,MCI vs CN,0.2708333432674408,0.3799999952316284,-0.22002503128911138,0.22002503128911138,47,85
activity__scalar_activity_score_move_every_hour__mean,activity,MCI vs CN,98.19540405273438,97.46154022216797,0.2195244055068836,0.2195244055068836,47,85
sleep__clock_bedtime_start_cos__q10,sleep,MCI vs CN,0.5539013147354126,0.689900815486908,-0.2190237797246558,0.2190237797246558,47,85
sleep__scalar_sleep_restless__std,sleep,MCI vs CN,6.5920329093933105,5.575218200683594,0.21752190237797248,0.21752190237797248,47,85
sleep__scalar_sleep_restless__rank_slope,sleep,MCI vs CN,2.144711494445801,0.24966078996658325,0.21752190237797248,0.21752190237797248,47,85
sleep__seq_sleep_stage_entropy__iqr,sleep,MCI vs CN,0.12956573069095612,0.11464937776327133,0.21451814768460575,0.21451814768460575,47,85
sleep__scalar_sleep_score_alignment__recent_early,sleep,MCI vs CN,0.0,0.0,0.21401752190237797,0.21401752190237797,47,85
sleep__clock_bedtime_start_cos__q90,sleep,MCI vs CN,0.9772619605064392,0.9911604523658752,-0.21351689612015018,0.21351689612015018,47,85
sleep__scalar_sleep_score_disturbances__iqr,sleep,MCI vs CN,10.5,9.5,0.21151439299123906,0.21151439299123906,47,85
sleep__clock_bedtime_end_sin__recent_early,sleep,MCI vs CN,-0.00014688525698147714,-0.006886411923915148,0.21151439299123906,0.21151439299123906,47,85
sleep__scalar_sleep_awake__q90,sleep,MCI vs CN,9555.0,8406.0,0.20826032540675846,0.20826032540675846,47,85
activity__seq_activity_met_low_high_delta__q90,activity,MCI vs CN,-0.09558341652154922,-0.04905564710497856,-0.20400500625782228,0.20400500625782228,47,85
sleep__seq_sleep_stage_entropy__std,sleep,MCI vs CN,0.09551200270652771,0.09121574461460114,0.20400500625782228,0.20400500625782228,47,85
sleep__clock_bedtime_end_cos__mean,sleep,MCI vs CN,0.01953631080687046,-0.09770715236663818,0.2035043804755945,0.2035043804755945,47,85
sleep__scalar_sleep_score_disturbances__rank_slope,sleep,MCI vs CN,-2.2243995666503906,-0.4670807421207428,-0.20250312891113892,0.20250312891113892,47,85
activity__scalar_activity_score_move_every_hour__iqr,activity,MCI vs CN,0.0,5.0,-0.20225281602002504,0.20225281602002504,47,85
sleep__scalar_sleep_score_alignment__median,sleep,MCI vs CN,100.0,100.0,0.1972465581977472,0.1972465581977472,47,85
activity__scalar_activity_inactivity_alerts__std,activity,MCI vs CN,0.5289358496665955,0.593009889125824,-0.1969962453066333,0.1969962453066333,47,85
sleep__clock_bedtime_end_cos__median,sleep,MCI vs CN,0.026685805991292,-0.13059072196483612,0.1964956195244055,0.1964956195244055,47,85
activity__scalar_activity_inactivity_alerts__iqr,activity,MCI vs CN,0.0,1.0,-0.18873591989987484,0.18873591989987484,47,85
activity__scalar_activity_score_move_every_hour__std,activity,MCI vs CN,4.932109355926514,5.5269856452941895,-0.1874843554443054,0.1874843554443054,47,85
sleep__scalar_sleep_awake__mean,sleep,MCI vs CN,5495.625,5048.02001953125,0.1834793491864831,0.1834793491864831,47,85
activity__scalar_activity_score_move_every_hour__q10,activity,MCI vs CN,95.0,95.0,0.18272841051314143,0.18272841051314143,47,85
sleep__scalar_sleep_midpoint_time__recent_early,sleep,MCI vs CN,270.0,-30.0,0.18222778473091364,0.18222778473091364,47,85
sleep__clock_bedtime_end_sin__rank_slope,sleep,MCI vs CN,-0.00525869382545352,-0.02214755490422249,0.18097622027534419,0.18097622027534419,47,85
activity__seq_activity_met_iqr__q10,activity,MCI vs CN,0.5,0.3999999761581421,0.1802252816020025,0.1802252816020025,47,85
sleep__scalar_sleep_score_deep__q10,sleep,MCI vs CN,56.20000076293945,71.0,-0.17947434292866082,0.17947434292866082,47,85
sleep__scalar_sleep_deep__q10,sleep,MCI vs CN,2718.0,3108.0,-0.17697121401752192,0.17697121401752192,47,85
sleep__scalar_sleep_score_deep__median,sleep,MCI vs CN,95.5,96.0,-0.17697121401752192,0.17697121401752192,47,85
sleep__scalar_sleep_awake__median,sleep,MCI vs CN,4905.0,4530.0,0.17622027534418022,0.17622027534418022,47,85
sleep__seq_sleep_stage_longest_inactive_run__q10,sleep,MCI vs CN,2.0,2.0,0.17596996245306634,0.17596996245306634,47,85
sleep__scalar_sleep_score_latency__recent_early,sleep,MCI vs CN,0.0,0.0,0.17546933667083855,0.17546933667083855,47,85
sleep__seq_sleep_hr_low_high_delta__q90,sleep,MCI vs CN,1.7634894847869873,0.7777786254882812,0.1739674593241552,0.1739674593241552,47,85
sleep__seq_sleep_stage_longest_inactive_run__mean,sleep,MCI vs CN,5.656716346740723,5.099999904632568,0.1734668335419274,0.1734668335419274,47,85
sleep__seq_sleep_stage_state_2_ratio__iqr,sleep,MCI vs CN,0.10104082524776459,0.09990999102592468,0.17146433041301626,0.17146433041301626,47,85
activity__scalar_activity_inactivity_alerts__q90,activity,MCI vs CN,1.0,1.0,-0.17121401752190238,0.17121401752190238,47,85
sleep__seq_sleep_stage_longest_inactive_run__iqr,sleep,MCI vs CN,3.75,3.0,0.1707133917396746,0.1707133917396746,47,85
sleep__scalar_sleep_score_alignment__rank_slope,sleep,MCI vs CN,-1.3491735458374023,-3.8537206649780273,0.1702127659574468,0.1702127659574468,47,85
activity__scalar_activity_high__std,activity,MCI vs CN,1.9878923892974854,2.5286948680877686,-0.16996245306633292,0.16996245306633292,47,85
sleep__scalar_sleep_awake__std,sleep,MCI vs CN,2825.945068359375,2672.27490234375,0.16996245306633292,0.16996245306633292,47,85
sleep__scalar_sleep_awake__q10,sleep,MCI vs CN,2640.0,2460.0,0.16921151439299123,0.16921151439299123,47,85
sleep__clock_bedtime_end_cos__q90,sleep,MCI vs CN,0.3071751892566681,0.2647381126880646,0.16846057571964956,0.16846057571964956,47,85
mmse__q03,MMSE,MCI vs CN,2.0,2.0,-0.16795994993742178,0.16795994993742178,47,85
activity__scalar_activity_rest__rank_slope,activity,MCI vs CN,19.45660400390625,10.270270347595215,0.1644555694618273,0.1644555694618273,47,85
sleep__scalar_sleep_duration__rank_slope,sleep,MCI vs CN,1460.7142333984375,834.3989868164062,0.16345431789737172,0.16345431789737172,47,85
sleep__seq_sleep_stage_transition_rate__iqr,sleep,MCI vs CN,0.06235012412071228,0.0667894035577774,-0.16345431789737172,0.16345431789737172,47,85
activity__scalar_activity_high__mean,activity,MCI vs CN,1.2203389406204224,1.7166666984558105,-0.16270337922403003,0.16270337922403003,47,85
sleep__scalar_sleep_score_total__rank_slope,sleep,MCI vs CN,3.8030691146850586,2.0999999046325684,0.16195244055068836,0.16195244055068836,47,85
sleep__seq_sleep_stage_state_1_ratio__median,sleep,MCI vs CN,0.1666666716337204,0.18677325546741486,-0.16195244055068836,0.16195244055068836,47,85
activity__scalar_activity_low__q10,activity,MCI vs CN,203.8000030517578,178.5,0.16170212765957448,0.16170212765957448,47,85
sleep__seq_sleep_stage_state_1_ratio__q10,sleep,MCI vs CN,0.08616212755441666,0.09785134345293045,-0.16145181476846057,0.16145181476846057,47,85
sleep__scalar_sleep_deep__median,sleep,MCI vs CN,4380.0,5310.0,-0.16095118898623278,0.16095118898623278,47,85
activity__seq_activity_state_state_3_ratio__q10,activity,MCI vs CN,0.1631944477558136,0.1382295787334442,0.16020025031289112,0.16020025031289112,47,85
sleep__scalar_sleep_score_deep__iqr,sleep,MCI vs CN,16.0,5.5,0.1599499374217772,0.1599499374217772,47,85
sleep__seq_sleep_stage_state_1_ratio__rank_slope,sleep,MCI vs CN,-0.008836887776851654,-0.004508951213210821,-0.1599499374217772,0.1599499374217772,47,85
activity__scalar_activity_score_recovery_time__q10,activity,MCI vs CN,89.0,86.0,0.15969962453066333,0.15969962453066333,47,85
sleep__scalar_sleep_score_deep__mean,sleep,MCI vs CN,86.515625,89.33000183105469,-0.15894868585732166,0.15894868585732166,47,85
sleep__scalar_sleep_temperature_delta__q10,sleep,MCI vs CN,-0.28999999165534973,-0.335999995470047,0.1579474342928661,0.1579474342928661,47,85
sleep__scalar_sleep_temperature_deviation__q10,sleep,MCI vs CN,-0.28999999165534973,-0.335999995470047,0.1579474342928661,0.1579474342928661,47,85
sleep__scalar_sleep_duration__recent_early,sleep,MCI vs CN,540.0,-150.0,0.1566958698372966,0.1566958698372966,47,85
sleep__seq_sleep_stage_state_4_ratio__q10,sleep,MCI vs CN,0.08472856134176254,0.08417470008134842,0.15544430538172715,0.15544430538172715,47,85
sleep__seq_sleep_stage_active_ratio__q90,sleep,MCI vs CN,0.9152714610099792,0.9158253073692322,-0.15544430538172715,0.15544430538172715,47,85
sleep__seq_sleep_stage_state_1_ratio__mean,sleep,MCI vs CN,0.17709219455718994,0.19129876792430878,-0.15444305381727158,0.15444305381727158,47,85
sleep__scalar_sleep_temperature_delta__rank_slope,sleep,MCI vs CN,0.08654960989952087,0.04598173499107361,0.153441802252816,0.153441802252816,47,85
sleep__scalar_sleep_temperature_deviation__rank_slope,sleep,MCI vs CN,0.08654960989952087,0.04598173499107361,0.153441802252816,0.153441802252816,47,85
sleep__scalar_sleep_duration__q90,sleep,MCI vs CN,35820.0,35070.0,0.15294117647058825,0.15294117647058825,47,85
sleep__scalar_sleep_midpoint_at_delta__q90,sleep,MCI vs CN,12488.2001953125,13772.0,-0.15193992490613267,0.15193992490613267,47,85
sleep__scalar_sleep_midpoint_time__rank_slope,sleep,MCI vs CN,881.2404174804688,454.211181640625,0.1509386733416771,0.1509386733416771,47,85
sleep__scalar_sleep_deep__mean,sleep,MCI vs CN,4346.91162109375,5210.2705078125,-0.14993742177722152,0.14993742177722152,47,85
sleep__seq_sleep_stage_state_4_ratio__mean,sleep,MCI vs CN,0.16097088158130646,0.15969964861869812,0.14993742177722152,0.14993742177722152,47,85
sleep__seq_sleep_stage_active_ratio__mean,sleep,MCI vs CN,0.8390291333198547,0.8403003215789795,-0.14993742177722152,0.14993742177722152,47,85
activity__seq_activity_state_entropy__iqr,activity,MCI vs CN,0.1103171557188034,0.10061399638652802,0.14893617021276595,0.14893617021276595,47,85
activity__seq_activity_met_low_high_delta__median,activity,MCI vs CN,-0.36472225189208984,-0.29305553436279297,-0.14893617021276595,0.14893617021276595,47,85
activity__scalar_activity_high__q90,activity,MCI vs CN,3.299999952316284,4.0,-0.14868585732165207,0.14868585732165207,47,85
sleep__scalar_sleep_score_efficiency__q90,sleep,MCI vs CN,95.0,95.0,-0.14668335419274092,0.14668335419274092,47,85
sleep__scalar_sleep_efficiency__q90,sleep,MCI vs CN,90.0,90.0,-0.14643304130162704,0.14643304130162704,47,85
activity__seq_activity_state_active_ratio__q10,activity,MCI vs CN,0.20509213209152222,0.17720092833042145,0.14568210262828535,0.14568210262828535,47,85
sleep__scalar_sleep_score_efficiency__mean,sleep,MCI vs CN,77.29850769042969,76.953125,-0.14543178973717147,0.14543178973717147,47,85
activity__scalar_activity_steps__recent_early,activity,MCI vs CN,-1595.0,-937.0,-0.14367959949937423,0.14367959949937423,47,85
sleep__scalar_sleep_awake__iqr,sleep,MCI vs CN,3525.0,3000.0,0.14342928660826032,0.14342928660826032,47,85
sleep__scalar_sleep_score_efficiency__q10,sleep,MCI vs CN,55.5,58.0,-0.14342928660826032,0.14342928660826032,47,85
sleep__seq_sleep_stage_state_4_ratio__median,sleep,MCI vs CN,0.14705882966518402,0.14814814925193787,0.14342928660826032,0.14342928660826032,47,85
sleep__seq_sleep_stage_active_ratio__median,sleep,MCI vs CN,0.8529411554336548,0.8518518805503845,-0.14342928660826032,0.14342928660826032,47,85
activity__seq_activity_met_low_high_delta__mean,activity,MCI vs CN,-0.3843955993652344,-0.32179564237594604,-0.14292866082603253,0.14292866082603253,47,85
sleep__scalar_sleep_midpoint_at_delta__iqr,sleep,MCI vs CN,4455.0,3690.75,0.14292866082603253,0.14292866082603253,47,85
activity__scalar_activity_low__median,activity,MCI vs CN,304.0,278.0,0.14192740926157696,0.14192740926157696,47,85
activity__scalar_activity_high__iqr,activity,MCI vs CN,1.0,2.0,-0.14167709637046308,0.14167709637046308,47,85
sleep__scalar_sleep_efficiency__q10,sleep,MCI vs CN,73.0,74.0,-0.14042553191489363,0.14042553191489363,47,85
sleep__scalar_sleep_score_efficiency__median,sleep,MCI vs CN,81.0,79.0,-0.14017521902377972,0.14017521902377972,47,85
sleep__scalar_sleep_temperature_delta__median,sleep,MCI vs CN,0.004999999888241291,-0.009999999776482582,0.13992490613266584,0.13992490613266584,47,85
sleep__scalar_sleep_temperature_deviation__median,sleep,MCI vs CN,0.004999999888241291,-0.009999999776482582,0.13992490613266584,0.13992490613266584,47,85
sleep__scalar_sleep_efficiency__mean,sleep,MCI vs CN,82.34285736083984,82.15625,-0.13892365456821026,0.13892365456821026,47,85
activity__scalar_activity_high__recent_early,activity,MCI vs CN,0.0,0.0,0.13842302878598248,0.13842302878598248,47,85
activity__scalar_activity_met_min_high__mean,activity,MCI vs CN,9.09375,11.677419662475586,-0.13842302878598248,0.13842302878598248,47,85
activity__seq_activity_state_state_1_ratio__rank_slope,activity,MCI vs CN,0.019567031413316727,0.014433087781071663,0.13842302878598248,0.13842302878598248,47,85
sleep__scalar_sleep_total__rank_slope,sleep,MCI vs CN,903.2394409179688,334.4278869628906,0.1379224030037547,0.1379224030037547,47,85
sleep__scalar_sleep_deep__q90,sleep,MCI vs CN,6438.0,7068.0,-0.13717146433041302,0.13717146433041302,47,85
mmse__q09,MMSE,MCI vs CN,2.0,2.0,-0.13717146433041302,0.13717146433041302,47,85
activity__scalar_activity_score_recovery_time__std,activity,MCI vs CN,6.6012864112854,11.033316612243652,-0.13667083854818524,0.13667083854818524,47,85
activity__seq_activity_state_transition_rate__q90,activity,MCI vs CN,0.30291473865509033,0.29699569940567017,0.13667083854818524,0.13667083854818524,47,85
activity__scalar_activity_met_min_high__q90,activity,MCI vs CN,25.100000381469727,29.0,-0.13617021276595745,0.13617021276595745,47,85
sleep__scalar_sleep_efficiency__median,sleep,MCI vs CN,84.0,83.0,-0.13566958698372966,0.13566958698372966,47,85
sleep__seq_sleep_stage_state_2_ratio__q90,sleep,MCI vs CN,0.6207566261291504,0.60317462682724,0.13541927409261578,0.13541927409261578,47,85
sleep__scalar_sleep_score__recent_early,sleep,MCI vs CN,1.0,-0.5,0.1344180225281602,0.1344180225281602,47,85
activity__seq_activity_state_longest_inactive_run__iqr,activity,MCI vs CN,22.75,20.75,0.13391739674593242,0.13391739674593242,47,85
activity__scalar_activity_score_meet_daily_targets__recent_early,activity,MCI vs CN,0.0,0.0,-0.1336670838548185,0.1336670838548185,47,85
sleep__clock_bedtime_end_sin__q90,sleep,MCI vs CN,0.9979429244995117,0.9963685274124146,0.13341677096370463,0.13341677096370463,47,85
sleep__scalar_sleep_light__rank_slope,sleep,MCI vs CN,676.0563354492188,287.1428527832031,0.13291614518147685,0.13291614518147685,47,85
mmse__q17,MMSE,MCI vs CN,2.0,2.0,-0.13266583229036297,0.13266583229036297,47,85
activity__scalar_activity_met_min_inactive__q10,activity,MCI vs CN,5.0,5.0,0.13241551939924906,0.13241551939924906,47,85
sleep__scalar_sleep_midpoint_at_delta__std,sleep,MCI vs CN,9870.658203125,4694.28173828125,0.13241551939924906,0.13241551939924906,47,85
sleep__seq_sleep_stage_state_1_ratio__q90,sleep,MCI vs CN,0.25698840618133545,0.2780798673629761,-0.13241551939924906,0.13241551939924906,47,85
activity__seq_activity_state_state_3_ratio__median,activity,MCI vs CN,0.2222222238779068,0.20499466359615326,0.13216520650813518,0.13216520650813518,47,85
activity__seq_activity_state_state_2_ratio__median,activity,MCI vs CN,0.3576388955116272,0.36626046895980835,-0.1309136420525657,0.1309136420525657,47,85
activity__seq_activity_met_q90__rank_slope,activity,MCI vs CN,-0.325834721326828,-0.22145932912826538,-0.1309136420525657,0.1309136420525657,47,85
sleep__seq_sleep_stage_transition_rate__recent_early,sleep,MCI vs CN,-0.0038468895945698023,0.00113875069655478,-0.1309136420525657,0.1309136420525657,47,85
sleep__scalar_sleep_score__iqr,sleep,MCI vs CN,11.0,10.25,0.13066332916145182,0.13066332916145182,47,85
activity__scalar_activity_average_met__recent_early,activity,MCI vs CN,-0.046875,-0.03125,-0.1284105131414268,0.1284105131414268,47,85
activity__scalar_activity_met_min_high__std,activity,MCI vs CN,14.838624954223633,16.30759048461914,-0.1284105131414268,0.1284105131414268,47,85
activity__scalar_activity_score_stay_active__median,activity,MCI vs CN,81.0,80.0,0.1284105131414268,0.1284105131414268,47,85
sleep__scalar_sleep_score_disturbances__std,sleep,MCI vs CN,8.002310752868652,7.413331031799316,0.1284105131414268,0.1284105131414268,47,85
sleep__scalar_sleep_midpoint_time__q90,sleep,MCI vs CN,17940.0,17700.0,0.127909887359199,0.127909887359199,47,85
sleep__clock_bedtime_start_cos__std,sleep,MCI vs CN,0.17113979160785675,0.15907502174377441,0.127909887359199,0.127909887359199,47,85
sleep__scalar_sleep_score_disturbances__recent_early,sleep,MCI vs CN,-1.5,-0.5,-0.12590738423028786,0.12590738423028786,47,85
activity__scalar_activity_rest__recent_early,activity,MCI vs CN,15.0,8.0,0.12540675844806007,0.12540675844806007,47,85
activity__scalar_activity_steps__rank_slope,activity,MCI vs CN,-3121.7822265625,-2080.6650390625,-0.1249061326658323,0.1249061326658323,47,85
sleep__seq_sleep_rmssd_low_high_delta__q10,sleep,MCI vs CN,-4.664865493774414,-5.230000019073486,0.1249061326658323,0.1249061326658323,47,85
activity__seq_activity_state_active_ratio__median,activity,MCI vs CN,0.27829408645629883,0.2569444477558136,0.1246558197747184,0.1246558197747184,47,85
activity__scalar_activity_score_move_every_hour__rank_slope,activity,MCI vs CN,-0.1406649649143219,0.287262886762619,-0.12440550688360451,0.12440550688360451,47,85
activity__seq_activity_state_state_3_ratio__mean,activity,MCI vs CN,0.22741883993148804,0.21435679495334625,0.12440550688360451,0.12440550688360451,47,85
sleep__clock_bedtime_end_sin__mean,sleep,MCI vs CN,0.9396039843559265,0.9279126524925232,0.12440550688360451,0.12440550688360451,47,85
activity__seq_activity_state_transition_rate__mean,activity,MCI vs CN,0.25860825181007385,0.25351423025131226,0.12390488110137672,0.12390488110137672,47,85
activity__seq_activity_met_iqr__median,activity,MCI vs CN,0.7000000476837158,0.6000000238418579,0.12315394242803504,0.12315394242803504,47,85
sleep__scalar_sleep_score_deep__q90,sleep,MCI vs CN,97.0,98.0,-0.12315394242803504,0.12315394242803504,47,85
mmse__q01,MMSE,MCI vs CN,2.0,2.0,-0.12315394242803504,0.12315394242803504,47,85
activity__scalar_activity_steps__iqr,activity,MCI vs CN,4950.0,4579.25,0.12290362953692115,0.12290362953692115,47,85
sleep__seq_sleep_hr_mean__recent_early,sleep,MCI vs CN,-0.0706939697265625,-0.271331787109375,0.12290362953692115,0.12290362953692115,47,85
sleep__seq_sleep_stage_entropy__q10,sleep,MCI vs CN,1.0004158020019531,1.0233545303344727,-0.12240300375469337,0.12240300375469337,47,85
sleep__scalar_sleep_hr_average__recent_early,sleep,MCI vs CN,-0.07000350952148438,-0.2749977111816406,0.12215269086357948,0.12215269086357948,47,85
activity__scalar_activity_inactive__median,activity,MCI vs CN,499.0,503.0,-0.12190237797246559,0.12190237797246559,47,85
activity__scalar_activity_score_stay_active__mean,activity,MCI vs CN,81.12698364257812,79.96202850341797,0.12190237797246559,0.12190237797246559,47,85
activity__seq_activity_state_active_ratio__mean,activity,MCI vs CN,0.28399768471717834,0.2614317536354065,0.1214017521902378,0.1214017521902378,47,85
sleep__seq_sleep_stage_state_4_ratio__q90,sleep,MCI vs CN,0.25435519218444824,0.25,0.1214017521902378,0.1214017521902378,47,85
sleep__seq_sleep_stage_active_ratio__q10,sleep,MCI vs CN,0.7456448078155518,0.75,-0.1214017521902378,0.1214017521902378,47,85
activity__scalar_activity_low__std,activity,MCI vs CN,76.0560531616211,81.72998046875,-0.12040050062578223,0.12040050062578223,47,85
activity__scalar_activity_average_met__rank_slope,activity,MCI vs CN,-0.09568583965301514,-0.06265369057655334,-0.11989987484355444,0.11989987484355444,47,85
activity__scalar_activity_inactivity_alerts__rank_slope,activity,MCI vs CN,0.02813299186527729,-0.01490683201700449,0.11939924906132666,0.11939924906132666,47,85
activity__scalar_activity_daily_movement__rank_slope,activity,MCI vs CN,-2562.011962890625,-1830.2740478515625,-0.11889862327909888,0.11889862327909888,47,85
sleep__scalar_sleep_awake__rank_slope,sleep,MCI vs CN,550.780029296875,414.0569763183594,0.11889862327909888,0.11889862327909888,47,85
activity__seq_activity_state_longest_inactive_run__q90,activity,MCI vs CN,90.0999984741211,87.0,0.11864831038798498,0.11864831038798498,47,85
sleep__scalar_sleep_midpoint_at_delta__rank_slope,sleep,MCI vs CN,1810.59619140625,1395.2335205078125,0.11839799749687109,0.11839799749687109,47,85
activity__scalar_activity_daily_movement__recent_early,activity,MCI vs CN,-1287.0,-639.0,-0.1178973717146433,0.1178973717146433,47,85
activity__scalar_activity_low__mean,activity,MCI vs CN,305.2205810546875,284.1666564941406,0.11739674593241552,0.11739674593241552,47,85
activity__seq_activity_state_state_2_ratio__mean,activity,MCI vs CN,0.3652684986591339,0.36666253209114075,-0.11739674593241552,0.11739674593241552,47,85
activity__scalar_activity_met_min_high__recent_early,activity,MCI vs CN,0.0,0.0,0.11714643304130162,0.11714643304130162,47,85
activity__scalar_activity_score_recovery_time__mean,activity,MCI vs CN,97.25352478027344,95.03571319580078,0.11714643304130162,0.11714643304130162,47,85
sleep__scalar_sleep_temperature_delta__iqr,sleep,MCI vs CN,0.32249999046325684,0.3400000035762787,-0.11714643304130162,0.11714643304130162,47,85
sleep__scalar_sleep_temperature_deviation__iqr,sleep,MCI vs CN,0.32249999046325684,0.3400000035762787,-0.11714643304130162,0.11714643304130162,47,85
activity__seq_activity_met_iqr__std,activity,MCI vs CN,0.15621116757392883,0.16858193278312683,-0.11689612015018773,0.11689612015018773,47,85
sleep__seq_sleep_stage_state_1_ratio__recent_early,sleep,MCI vs CN,-0.014508846215903759,-0.0037488925736397505,-0.11689612015018773,0.11689612015018773,47,85
activity__scalar_activity_met_min_inactive__median,activity,MCI vs CN,8.0,7.0,0.11664580725907384,0.11664580725907384,47,85
activity__scalar_activity_total__iqr,activity,MCI vs CN,118.0,113.5,0.11664580725907384,0.11664580725907384,47,85
activity__seq_activity_state_longest_inactive_run__std,activity,MCI vs CN,16.782833099365234,16.380693435668945,0.11589486858573217,0.11589486858573217,47,85
activity__scalar_activity_met_min_low__q10,activity,MCI vs CN,129.0,114.9000015258789,0.11514392991239049,0.11514392991239049,47,85
sleep__scalar_sleep_duration__mean,sleep,MCI vs CN,28974.916015625,28222.857421875,0.1148936170212766,0.1148936170212766,47,85
sleep__scalar_sleep_light__q90,sleep,MCI vs CN,19191.0,18234.0,0.1148936170212766,0.1148936170212766,47,85
activity__seq_activity_state_transition_rate__median,activity,MCI vs CN,0.2574912905693054,0.25089606642723083,0.1146433041301627,0.1146433041301627,47,85
sleep__scalar_sleep_restless__recent_early,sleep,MCI vs CN,1.0,0.5,0.1146433041301627,0.1146433041301627,47,85
sleep__seq_sleep_stage_longest_inactive_run__q90,sleep,MCI vs CN,10.0,10.0,0.1146433041301627,0.1146433041301627,47,85
sleep__clock_bedtime_start_sin__rank_slope,sleep,MCI vs CN,0.048347510397434235,0.08299843966960907,-0.11439299123904881,0.11439299123904881,47,85
activity__seq_activity_state_state_4_ratio__std,activity,MCI vs CN,0.02621590904891491,0.02385696955025196,0.11389236545682102,0.11389236545682102,47,85
activity__seq_activity_met_iqr__mean,activity,MCI vs CN,0.6753676533699036,0.6284884214401245,0.11364205256570713,0.11364205256570713,47,85
activity__scalar_activity_score_stay_active__q90,activity,MCI vs CN,96.0,94.0,0.11314142678347935,0.11314142678347935,47,85
activity__seq_activity_state_state_4_ratio__iqr,activity,MCI vs CN,0.0347222238779068,0.03023132123053074,0.11264080100125157,0.11264080100125157,47,85
sleep__scalar_sleep_midpoint_time__iqr,sleep,MCI vs CN,3637.5,3390.0,0.11264080100125157,0.11264080100125157,47,85
activity__scalar_activity_inactive__mean,activity,MCI vs CN,498.22222900390625,499.97369384765625,-0.11239048811013767,0.11239048811013767,47,85
sleep__seq_sleep_hr_low_high_delta__recent_early,sleep,MCI vs CN,0.14247512817382812,0.010835647583007812,0.11188986232790989,0.11188986232790989,47,85
activity__scalar_activity_met_min_high__iqr,activity,MCI vs CN,9.0,14.0,-0.11163954943679599,0.11163954943679599,47,85
sleep__clock_bedtime_end_sin__median,sleep,MCI vs CN,0.9665814638137817,0.9621280431747437,0.1113892365456821,0.1113892365456821,47,85
sleep__scalar_sleep_hr_lowest__iqr,sleep,MCI vs CN,3.0,3.0,0.11088861076345431,0.11088861076345431,47,85
sleep__seq_sleep_rmssd_low_high_delta__median,sleep,MCI vs CN,2.5394744873046875,2.156322479248047,0.11088861076345431,0.11088861076345431,47,85
sleep__scalar_sleep_duration__iqr,sleep,MCI vs CN,7260.0,6540.0,0.11038798498122654,0.11038798498122654,47,85
sleep__seq_sleep_hr_q10__iqr,sleep,MCI vs CN,3.0,3.0,0.11013767209011265,0.11013767209011265,47,85
sleep__seq_sleep_stage_state_2_ratio__std,sleep,MCI vs CN,0.07582281529903412,0.07379550486803055,0.10988735919899875,0.10988735919899875,47,85
activity__scalar_activity_score__q90,activity,MCI vs CN,97.0,96.19999694824219,0.10963704630788486,0.10963704630788486,47,85
mmse__q12_3,MMSE,MCI vs CN,2.0,2.0,-0.10963704630788486,0.10963704630788486,47,85
activity__seq_activity_met_mean__rank_slope,activity,MCI vs CN,-0.10386715084314346,-0.07592058926820755,-0.10888610763454318,0.10888610763454318,47,85
activity__seq_activity_met_low_high_delta__q10,activity,MCI vs CN,-0.6751390099525452,-0.6112778782844543,-0.10888610763454318,0.10888610763454318,47,85
sleep__scalar_sleep_light__mean,sleep,MCI vs CN,14885.625,14164.4345703125,0.10838548185231539,0.10838548185231539,47,85
sleep__scalar_sleep_score_total__recent_early,sleep,MCI vs CN,1.0,0.0,0.10713391739674594,0.10713391739674594,47,85
sleep__seq_sleep_stage_longest_inactive_run__median,sleep,MCI vs CN,4.0,4.0,0.10638297872340426,0.10638297872340426,47,85
sleep__scalar_sleep_score_deep__rank_slope,sleep,MCI vs CN,-1.0639386177062988,-0.09696969389915466,-0.10588235294117647,0.10588235294117647,47,85
activity__scalar_activity_total__median,activity,MCI vs CN,371.0,337.5,0.10563204005006258,0.10563204005006258,47,85
sleep__scalar_sleep_score_total__iqr,sleep,MCI vs CN,23.0,22.0,0.10563204005006258,0.10563204005006258,47,85
sleep__scalar_sleep_temperature_delta__recent_early,sleep,MCI vs CN,0.030000001192092896,0.0299999937415123,0.10563204005006258,0.10563204005006258,47,85
sleep__scalar_sleep_temperature_deviation__recent_early,sleep,MCI vs CN,0.030000001192092896,0.0299999937415123,0.10563204005006258,0.10563204005006258,47,85
sleep__scalar_sleep_score_latency__rank_slope,sleep,MCI vs CN,0.45993030071258545,-1.423076868057251,0.1048811013767209,0.1048811013767209,47,85
activity__seq_activity_state_transition_rate__q10,activity,MCI vs CN,0.21263769268989563,0.20897603034973145,0.10463078848560702,0.10463078848560702,47,85
sleep__scalar_sleep_temperature_delta__mean,sleep,MCI vs CN,-0.011186442337930202,-0.00916666816920042,0.10438047559449312,0.10438047559449312,47,85
sleep__scalar_sleep_temperature_deviation__mean,sleep,MCI vs CN,-0.011186442337930202,-0.00916666816920042,0.10438047559449312,0.10438047559449312,47,85
sleep__scalar_sleep_score_disturbances__q10,sleep,MCI vs CN,55.0,57.0,-0.10387984981226533,0.10387984981226533,47,85
sleep__scalar_sleep_score_latency__median,sleep,MCI vs CN,81.0,83.0,-0.10362953692115144,0.10362953692115144,47,85
activity__seq_activity_state_active_ratio__rank_slope,activity,MCI vs CN,-0.04876042529940605,-0.037132713943719864,-0.10337922403003755,0.10337922403003755,47,85
mmse__q04,MMSE,MCI vs CN,2.0,2.0,-0.10187734668335419,0.10187734668335419,47,85
sleep__scalar_sleep_midpoint_time__mean,sleep,MCI vs CN,14489.34765625,14217.0869140625,0.10137672090112641,0.10137672090112641,47,85
mmse__q12_2,MMSE,MCI vs CN,2.0,2.0,-0.10062578222778473,0.10062578222778473,47,85
activity__scalar_activity_score_meet_daily_targets__rank_slope,activity,MCI vs CN,-3.7826087474823,-4.95573616027832,-0.10037546933667084,0.10037546933667084,47,85
sleep__seq_sleep_stage_transition_rate__std,sleep,MCI vs CN,0.050135739147663116,0.049721505492925644,-0.10037546933667084,0.10037546933667084,47,85
activity__scalar_activity_cal_active__rank_slope,activity,MCI vs CN,-142.0,-99.57482147216797,-0.0983729662077597,0.0983729662077597,47,85
activity__scalar_activity_total__mean,activity,MCI vs CN,364.9791564941406,345.2432556152344,0.0983729662077597,0.0983729662077597,47,85
activity__seq_activity_state_state_1_ratio__recent_early,activity,MCI vs CN,0.012800580821931362,0.004611111246049404,0.0983729662077597,0.0983729662077597,47,85
sleep__seq_sleep_hr_iqr__recent_early,sleep,MCI vs CN,0.0,0.0,-0.09787234042553192,0.09787234042553192,47,85
sleep__scalar_sleep_rem__rank_slope,sleep,MCI vs CN,281.2216796875,24.507041931152344,0.09687108886107634,0.09687108886107634,47,85
sleep__scalar_sleep_midpoint_time__std,sleep,MCI vs CN,3065.732421875,2925.514892578125,0.09637046307884856,0.09637046307884856,47,85
sleep__scalar_sleep_score__rank_slope,sleep,MCI vs CN,-0.2895365357398987,-0.8310890793800354,0.09637046307884856,0.09637046307884856,47,85
sleep__seq_sleep_rmssd_q90__recent_early,sleep,MCI vs CN,-1.399999976158142,-0.05000000074505806,-0.09637046307884856,0.09637046307884856,47,85
sleep__seq_sleep_stage_transition_rate__median,sleep,MCI vs CN,0.29032257199287415,0.30275025963783264,-0.09612015018773466,0.09612015018773466,47,85
activity__scalar_activity_inactive__rank_slope,activity,MCI vs CN,34.055747985839844,10.651748657226562,0.095369211514393,0.095369211514393,47,85
activity__seq_activity_state_state_3_ratio__std,activity,MCI vs CN,0.0532648079097271,0.06030953302979469,-0.095369211514393,0.095369211514393,47,85
activity__scalar_activity_high__median,activity,MCI vs CN,0.0,1.0,-0.09461827284105132,0.09461827284105132,47,85
sleep__seq_sleep_hr_iqr__q90,sleep,MCI vs CN,6.0,6.0,-0.09386733416770963,0.09386733416770963,47,85
activity__seq_activity_state_state_2_ratio__q10,activity,MCI vs CN,0.269388884305954,0.2870497703552246,-0.09361702127659574,0.09361702127659574,47,85
activity__seq_activity_state_state_4_ratio__rank_slope,activity,MCI vs CN,-0.01229333970695734,-0.008634565398097038,-0.09336670838548185,0.09336670838548185,47,85
sleep__scalar_sleep_duration__std,sleep,MCI vs CN,5665.083984375,5488.9970703125,0.09336670838548185,0.09336670838548185,47,85
sleep__scalar_sleep_restless__median,sleep,MCI vs CN,35.0,33.0,0.09311639549436795,0.09311639549436795,47,85
activity__scalar_activity_met_min_low__rank_slope,activity,MCI vs CN,-50.57143020629883,-41.85099792480469,-0.09286608260325407,0.09286608260325407,47,85
sleep__clock_bedtime_end_sin__q10,sleep,MCI vs CN,0.8593136072158813,0.8494579792022705,0.09286608260325407,0.09286608260325407,47,85
activity__seq_activity_met_q90__recent_early,activity,MCI vs CN,-0.10000002384185791,-0.09999990463256836,-0.09261576971214018,0.09261576971214018,47,85
sleep__scalar_sleep_restless__q90,sleep,MCI vs CN,43.29999923706055,43.0,0.09261576971214018,0.09261576971214018,47,85
activity__scalar_activity_total__q10,activity,MCI vs CN,248.6999969482422,219.60000610351562,0.09236545682102629,0.09236545682102629,47,85
activity__seq_activity_met_mean__recent_early,activity,MCI vs CN,-0.047361135482788086,-0.02736109495162964,-0.0918648310387985,0.0918648310387985,47,85
sleep__scalar_sleep_light__median,sleep,MCI vs CN,14745.0,14400.0,0.0918648310387985,0.0918648310387985,47,85
activity__seq_activity_state_longest_inactive_run__mean,activity,MCI vs CN,68.42253875732422,65.74193572998047,0.09086357947434293,0.09086357947434293,47,85
sleep__seq_sleep_hr_low_high_delta__rank_slope,sleep,MCI vs CN,-0.011086829006671906,-0.11543028056621552,0.09036295369211514,0.09036295369211514,47,85
sleep__seq_sleep_hr_low_high_delta__mean,sleep,MCI vs CN,-1.6407513618469238,-1.680425763130188,0.08986232790988737,0.08986232790988737,47,85
activity__scalar_activity_met_min_inactive__mean,activity,MCI vs CN,8.15384578704834,7.461538314819336,0.08936170212765958,0.08936170212765958,47,85
sleep__seq_sleep_rmssd_q10__q10,sleep,MCI vs CN,14.180000305175781,14.899999618530273,-0.08936170212765958,0.08936170212765958,47,85
activity__seq_activity_met_median__median,activity,MCI vs CN,1.2000000476837158,1.2000000476837158,0.08911138923654568,0.08911138923654568,47,85
activity__seq_activity_met_median__std,activity,MCI vs CN,0.09669014811515808,0.08214729279279709,0.08886107634543179,0.08886107634543179,47,85
activity__scalar_activity_score__mean,activity,MCI vs CN,85.98412322998047,86.05660247802734,0.0886107634543179,0.0886107634543179,47,85
activity__seq_activity_state_state_2_ratio__q90,activity,MCI vs CN,0.4486111104488373,0.4547940194606781,-0.088360450563204,0.088360450563204,47,85
activity__seq_activity_met_iqr__rank_slope,activity,MCI vs CN,-0.14433716237545013,-0.10569711029529572,-0.088360450563204,0.088360450563204,47,85
sleep__seq_sleep_hr_median__recent_early,sleep,MCI vs CN,0.0,0.0,0.088360450563204,0.088360450563204,47,85
sleep__seq_sleep_hr_iqr__median,sleep,MCI vs CN,4.0,4.0,-0.088360450563204,0.088360450563204,47,85
activity__scalar_activity_cal_active__recent_early,activity,MCI vs CN,-66.5,-44.5,-0.08811013767209011,0.08811013767209011,47,85
activity__seq_activity_state_state_4_ratio__q90,activity,MCI vs CN,0.08214285969734192,0.07857543975114822,0.08811013767209011,0.08811013767209011,47,85
sleep__scalar_sleep_temperature_delta__std,sleep,MCI vs CN,0.26992443203926086,0.27658334374427795,-0.08785982478097622,0.08785982478097622,47,85
sleep__scalar_sleep_temperature_deviation__std,sleep,MCI vs CN,0.26992443203926086,0.27658334374427795,-0.08785982478097622,0.08785982478097622,47,85
sleep__seq_sleep_rmssd_mean__recent_early,sleep,MCI vs CN,-0.5950126647949219,0.17390823364257812,-0.08785982478097622,0.08785982478097622,47,85
activity__scalar_activity_inactive__q10,activity,MCI vs CN,377.1000061035156,390.8999938964844,-0.08685857321652066,0.08685857321652066,47,85
sleep__scalar_sleep_awake__recent_early,sleep,MCI vs CN,270.0,60.0,0.08635794743429287,0.08635794743429287,47,85
sleep__clock_bedtime_start_sin__std,sleep,MCI vs CN,0.274085134267807,0.275773823261261,-0.08635794743429287,0.08635794743429287,47,85
activity__scalar_activity_cal_active__iqr,activity,MCI vs CN,222.0,199.0,0.08610763454317898,0.08610763454317898,47,85
sleep__seq_sleep_rmssd_low_high_delta__recent_early,sleep,MCI vs CN,-0.2935638427734375,0.14910316467285156,-0.08585732165206508,0.08585732165206508,47,85
activity__seq_activity_met_median__q90,activity,MCI vs CN,1.2999999523162842,1.2999999523162842,0.08560700876095119,0.08560700876095119,47,85
sleep__seq_sleep_rmssd_low_high_delta__mean,sleep,MCI vs CN,2.5108070373535156,2.2427539825439453,0.0853566958698373,0.0853566958698373,47,85
sleep__scalar_sleep_duration__median,sleep,MCI vs CN,28950.0,28350.0,0.0851063829787234,0.0851063829787234,47,85
activity__scalar_activity_score__q10,activity,MCI vs CN,74.0,73.0,0.08460575719649562,0.08460575719649562,47,85
sleep__scalar_sleep_score_latency__iqr,sleep,MCI vs CN,17.5,17.0,0.08460575719649562,0.08460575719649562,47,85
activity__scalar_activity_score_stay_active__q10,activity,MCI vs CN,66.69999694824219,66.0,0.08435544430538172,0.08435544430538172,47,85
activity__scalar_activity_total__rank_slope,activity,MCI vs CN,-83.66970825195312,-52.97043991088867,-0.08435544430538172,0.08435544430538172,47,85
sleep__scalar_sleep_midpoint_at_delta__mean,sleep,MCI vs CN,9496.703125,10623.794921875,-0.08435544430538172,0.08435544430538172,47,85
activity__scalar_activity_low__recent_early,activity,MCI vs CN,-32.5,-20.5,-0.08360450563204005,0.08360450563204005,47,85
activity__scalar_activity_score__std,activity,MCI vs CN,8.188047409057617,8.889381408691406,-0.08335419274092616,0.08335419274092616,47,85
sleep__seq_sleep_rmssd_q10__median,sleep,MCI vs CN,18.0,18.0,-0.08260325406758448,0.08260325406758448,47,85
sleep__scalar_sleep_onset_latency__q10,sleep,MCI vs CN,210.0,210.0,-0.0821026282853567,0.0821026282853567,47,85
sleep__seq_sleep_hr_q90__recent_early,sleep,MCI vs CN,0.0,-0.30000001192092896,0.0821026282853567,0.0821026282853567,47,85
activity__scalar_activity_score__median,activity,MCI vs CN,89.0,88.0,0.08135168961201501,0.08135168961201501,47,85
activity__seq_activity_state_state_4_ratio__recent_early,activity,MCI vs CN,-0.0069444444961845875,-0.0034722222480922937,-0.08135168961201501,0.08135168961201501,47,85
activity__scalar_activity_met_min_low__std,activity,MCI vs CN,61.386024475097656,65.32978820800781,-0.08085106382978724,0.08085106382978724,47,85
activity__seq_activity_state_state_2_ratio__std,activity,MCI vs CN,0.06672677397727966,0.0689086988568306,-0.08085106382978724,0.08085106382978724,47,85
sleep__scalar_sleep_restless__mean,sleep,MCI vs CN,35.43939208984375,33.63793182373047,0.08085106382978724,0.08085106382978724,47,85
activity__scalar_activity_daily_movement__iqr,activity,MCI vs CN,4335.75,4185.25,0.08035043804755945,0.08035043804755945,47,85
activity__scalar_activity_score_training_volume__rank_slope,activity,MCI vs CN,-1.974178433418274,-1.0596330165863037,-0.08010012515644556,0.08010012515644556,47,85
activity__scalar_activity_met_min_low__median,activity,MCI vs CN,201.0,189.5,0.07984981226533167,0.07984981226533167,47,85
activity__scalar_activity_non_wear__median,activity,MCI vs CN,0.0,0.0,-0.07984981226533167,0.07984981226533167,47,85
activity__seq_activity_met_std__rank_slope,activity,MCI vs CN,-0.11121270805597305,-0.07078569382429123,-0.07984981226533167,0.07984981226533167,47,85
sleep__scalar_sleep_light__recent_early,sleep,MCI vs CN,300.0,150.0,0.07984981226533167,0.07984981226533167,47,85
activity__seq_activity_state_transition_rate__rank_slope,activity,MCI vs CN,-0.006572561804205179,-0.008979950100183487,0.07934918648310388,0.07934918648310388,47,85
sleep__seq_sleep_stage_transition_rate__mean,sleep,MCI vs CN,0.29393768310546875,0.30112674832344055,-0.07934918648310388,0.07934918648310388,47,85
sleep__scalar_sleep_onset_latency__recent_early,sleep,MCI vs CN,30.0,0.0,0.07909887359198998,0.07909887359198998,47,85
sleep__scalar_sleep_onset_latency__rank_slope,sleep,MCI vs CN,18.797203063964844,-1.3994816541671753,0.07784730913642053,0.07784730913642053,47,85
sleep__scalar_sleep_total__iqr,sleep,MCI vs CN,5550.0,5235.0,0.07759699624530664,0.07759699624530664,47,85
activity__scalar_activity_low__rank_slope,activity,MCI vs CN,-60.9368782043457,-53.050689697265625,-0.07734668335419274,0.07734668335419274,47,85
activity__scalar_activity_met_min_low__mean,activity,MCI vs CN,208.36508178710938,200.04225158691406,0.07684605757196496,0.07684605757196496,47,85
sleep__seq_sleep_stage_state_3_ratio__q90,sleep,MCI vs CN,0.17801161110401154,0.1886836588382721,-0.07684605757196496,0.07684605757196496,47,85
sleep__scalar_sleep_total__recent_early,sleep,MCI vs CN,300.0,-75.0,0.07659574468085106,0.07659574468085106,47,85
activity__seq_activity_met_std__q90,activity,MCI vs CN,1.0483161211013794,1.0754724740982056,-0.07584480600750938,0.07584480600750938,47,85
sleep__seq_sleep_stage_entropy__recent_early,sleep,MCI vs CN,-0.001677870168350637,-0.0019853939302265644,-0.07584480600750938,0.07584480600750938,47,85
activity__scalar_activity_met_min_high__median,activity,MCI vs CN,0.0,6.0,-0.07509386733416772,0.07509386733416772,47,85
sleep__scalar_sleep_light__q10,sleep,MCI vs CN,10353.0,10194.0,0.07484355444305382,0.07484355444305382,47,85
sleep__seq_sleep_rmssd_std__recent_early,sleep,MCI vs CN,-0.11728954315185547,-0.35848236083984375,-0.07484355444305382,0.07484355444305382,47,85
sleep__seq_sleep_rmssd_q10__mean,sleep,MCI vs CN,18.540861129760742,18.83367347717285,-0.07434292866082604,0.07434292866082604,47,85
sleep__seq_sleep_stage_state_1_ratio__iqr,sleep,MCI vs CN,0.088337741792202,0.08927517384290695,-0.07434292866082604,0.07434292866082604,47,85
sleep__seq_sleep_stage_state_2_ratio__median,sleep,MCI vs CN,0.5196744203567505,0.5056179761886597,0.07434292866082604,0.07434292866082604,47,85
sleep__seq_sleep_stage_transition_rate__q90,sleep,MCI vs CN,0.3629370629787445,0.3644711375236511,-0.07434292866082604,0.07434292866082604,47,85
activity__scalar_activity_average_met__iqr,activity,MCI vs CN,0.15625,0.15625,0.07409261576971214,0.07409261576971214,47,85
sleep__seq_sleep_hr_q10__q10,sleep,MCI vs CN,53.20000076293945,54.63999938964844,-0.07384230287859825,0.07384230287859825,47,85
sleep__seq_sleep_stage_state_3_ratio__median,sleep,MCI vs CN,0.11999999731779099,0.1269841343164444,-0.07359198998748435,0.07359198998748435,47,85
activity__scalar_activity_total__recent_early,activity,MCI vs CN,-46.5,-29.0,-0.07334167709637046,0.07334167709637046,47,85
activity__seq_activity_met_low_high_delta__iqr,activity,MCI vs CN,0.3068055510520935,0.29576390981674194,0.07334167709637046,0.07334167709637046,47,85
sleep__seq_sleep_stage_state_3_ratio__std,sleep,MCI vs CN,0.04296256601810455,0.04485948756337166,-0.07334167709637046,0.07334167709637046,47,85
sleep__seq_sleep_rmssd_q10__iqr,sleep,MCI vs CN,4.150000095367432,4.5,-0.07284105131414267,0.07284105131414267,47,85
sleep__seq_sleep_rmssd_low_high_delta__iqr,sleep,MCI vs CN,7.87410831451416,7.811944961547852,-0.07284105131414267,0.07284105131414267,47,85
activity__seq_activity_state_active_ratio__q90,activity,MCI vs CN,0.3645833432674408,0.35832923650741577,0.07259073842302878,0.07259073842302878,47,85
sleep__seq_sleep_hr_median__iqr,sleep,MCI vs CN,3.25,3.0,0.07259073842302878,0.07259073842302878,47,85
sleep__seq_sleep_stage_state_3_ratio__mean,sleep,MCI vs CN,0.11830710619688034,0.1297702193260193,-0.07083854818523154,0.07083854818523154,47,85
activity__scalar_activity_score_stay_active__rank_slope,activity,MCI vs CN,-4.773195743560791,-3.199404716491699,-0.07033792240300375,0.07033792240300375,47,85
sleep__seq_sleep_stage_state_4_ratio__rank_slope,sleep,MCI vs CN,0.004441480617970228,0.00751379132270813,0.07033792240300375,0.07033792240300375,47,85
sleep__seq_sleep_stage_active_ratio__rank_slope,sleep,MCI vs CN,-0.004441480617970228,-0.00751379132270813,-0.07033792240300375,0.07033792240300375,47,85
activity__seq_activity_state_longest_inactive_run__median,activity,MCI vs CN,68.0,65.5,0.07008760951188986,0.07008760951188986,47,85
activity__scalar_activity_met_min_low__recent_early,activity,MCI vs CN,-23.0,-21.5,-0.06983729662077597,0.06983729662077597,47,85
sleep__scalar_sleep_rem__std,sleep,MCI vs CN,1512.455078125,1462.9124755859375,0.06983729662077597,0.06983729662077597,47,85
sleep__scalar_sleep_score_efficiency__rank_slope,sleep,MCI vs CN,-2.9835681915283203,-1.339393973350525,-0.06983729662077597,0.06983729662077597,47,85
sleep__scalar_sleep_light__std,sleep,MCI vs CN,3372.731201171875,3216.7451171875,0.06933667083854818,0.06933667083854818,47,85
sleep__scalar_sleep_midpoint_time__median,sleep,MCI vs CN,14310.0,14055.0,0.06933667083854818,0.06933667083854818,47,85
sleep__seq_sleep_stage_state_2_ratio__mean,sleep,MCI vs CN,0.5222179889678955,0.5057899355888367,0.06933667083854818,0.06933667083854818,47,85
mmse__q13_1,MMSE,MCI vs CN,2.0,2.0,-0.06933667083854818,0.06933667083854818,47,85
sleep__clock_bedtime_end_sin__iqr,sleep,MCI vs CN,0.06460698693990707,0.07101473212242126,-0.0688360450563204,0.0688360450563204,47,85
sleep__seq_sleep_rmssd_median__median,sleep,MCI vs CN,27.5,27.0,-0.06833541927409262,0.06833541927409262,47,85
activity__scalar_activity_met_min_medium__recent_early,activity,MCI vs CN,-19.5,-10.5,-0.06808510638297872,0.06808510638297872,47,85
activity__seq_activity_state_state_3_ratio__q90,activity,MCI vs CN,0.31449970602989197,0.2951388955116272,0.06783479349186483,0.06783479349186483,47,85
sleep__scalar_sleep_hr_average__q10,sleep,MCI vs CN,56.89500045776367,57.54999923706055,-0.06783479349186483,0.06783479349186483,47,85
activity__scalar_activity_score__iqr,activity,MCI vs CN,11.0,12.75,-0.06758448060075094,0.06758448060075094,47,85
sleep__seq_sleep_hr_mean__q10,sleep,MCI vs CN,56.895442962646484,57.55177307128906,-0.06733416770963704,0.06733416770963704,47,85
sleep__seq_sleep_stage_state_4_ratio__iqr,sleep,MCI vs CN,0.09168466925621033,0.08614703267812729,0.06733416770963704,0.06733416770963704,47,85
sleep__seq_sleep_stage_active_ratio__iqr,sleep,MCI vs CN,0.09168466925621033,0.08614703267812729,0.06733416770963704,0.06733416770963704,47,85
activity__scalar_activity_inactive__q90,activity,MCI vs CN,615.2999877929688,627.5999755859375,-0.06708385481852315,0.06708385481852315,47,85
activity__scalar_activity_rest__iqr,activity,MCI vs CN,104.0,111.5,-0.06708385481852315,0.06708385481852315,47,85
sleep__seq_sleep_hr_low_high_delta__iqr,sleep,MCI vs CN,3.1509170532226562,2.9649105072021484,0.06683354192740926,0.06683354192740926,47,85
activity__scalar_activity_met_min_medium__q10,activity,MCI vs CN,31.600000381469727,38.70000076293945,-0.0658322903629537,0.0658322903629537,47,85
activity__seq_activity_state_state_4_ratio__median,activity,MCI vs CN,0.042635660618543625,0.0416666679084301,0.0658322903629537,0.0658322903629537,47,85
sleep__seq_sleep_rmssd_iqr__rank_slope,sleep,MCI vs CN,-0.4732021689414978,-0.13500678539276123,-0.0658322903629537,0.0658322903629537,47,85
activity__scalar_activity_score_move_every_hour__recent_early,activity,MCI vs CN,0.0,0.0,-0.06508135168961202,0.06508135168961202,47,85
activity__seq_activity_met_median__mean,activity,MCI vs CN,1.2058823108673096,1.1972222328186035,0.06483103879849812,0.06483103879849812,47,85
activity__seq_activity_state_active_ratio__recent_early,activity,MCI vs CN,-0.0295138880610466,-0.022795893251895905,-0.06458072590738423,0.06458072590738423,47,85
sleep__scalar_sleep_score_rem__std,sleep,MCI vs CN,21.037673950195312,20.61725425720215,0.06433041301627034,0.06433041301627034,47,85
activity__scalar_activity_score_recovery_time__iqr,activity,MCI vs CN,2.0,2.0,-0.06408010012515644,0.06408010012515644,47,85
sleep__scalar_sleep_score_disturbances__mean,sleep,MCI vs CN,64.2131118774414,65.92424011230469,-0.06382978723404255,0.06382978723404255,47,85
sleep__scalar_sleep_midpoint_at_delta__recent_early,sleep,MCI vs CN,684.0,600.0,0.06357947434292865,0.06357947434292865,47,85
activity__scalar_activity_score_stay_active__std,activity,MCI vs CN,11.148088455200195,10.644597053527832,-0.06332916145181477,0.06332916145181477,47,85
sleep__scalar_sleep_hr_lowest__q10,sleep,MCI vs CN,52.0,52.70000076293945,-0.06332916145181477,0.06332916145181477,47,85
sleep__clock_bedtime_start_sin__recent_early,sleep,MCI vs CN,0.02460954524576664,0.03138268366456032,-0.06282853566958699,0.06282853566958699,47,85
sleep__scalar_sleep_rmssd__recent_early,sleep,MCI vs CN,-1.0,0.0,-0.0625782227784731,0.0625782227784731,47,85
sleep__scalar_sleep_score_deep__recent_early,sleep,MCI vs CN,0.0,0.0,-0.0625782227784731,0.0625782227784731,47,85
sleep__seq_sleep_hr_iqr__mean,sleep,MCI vs CN,4.092741966247559,4.100746154785156,-0.061827284105131414,0.061827284105131414,47,85
sleep__seq_sleep_hr_median__q10,sleep,MCI vs CN,56.70000076293945,57.0,-0.06157697121401752,0.06157697121401752,47,85
activity__seq_activity_state_state_4_ratio__mean,activity,MCI vs CN,0.04624310880899429,0.04421871528029442,0.06132665832290363,0.06132665832290363,47,85
sleep__seq_sleep_rmssd_std__rank_slope,sleep,MCI vs CN,-0.5736163258552551,-0.4676573574542999,-0.06132665832290363,0.06132665832290363,47,85
activity__seq_activity_state_state_3_ratio__rank_slope,activity,MCI vs CN,-0.030554328113794327,-0.025721585378050804,-0.060826032540675846,0.060826032540675846,47,85
activity__seq_activity_met_median__iqr,activity,MCI vs CN,0.09999990463256836,0.09999990463256836,0.060826032540675846,0.060826032540675846,47,85
sleep__seq_sleep_stage_state_4_ratio__recent_early,sleep,MCI vs CN,0.000620976381469518,0.004159239586442709,-0.060826032540675846,0.060826032540675846,47,85
sleep__seq_sleep_stage_active_ratio__recent_early,sleep,MCI vs CN,-0.000620976381469518,-0.004159239586442709,0.060826032540675846,0.060826032540675846,47,85
activity__scalar_activity_score_training_frequency__median,activity,MCI vs CN,100.0,100.0,-0.06057571964956195,0.06057571964956195,47,85
activity__scalar_activity_total__q90,activity,MCI vs CN,474.79998779296875,471.0,0.06057571964956195,0.06057571964956195,47,85
sleep__seq_sleep_hr_std__rank_slope,sleep,MCI vs CN,-0.001665397547185421,-0.04607701674103737,0.06032540675844806,0.06032540675844806,47,85
activity__scalar_activity_score__recent_early,activity,MCI vs CN,-1.0,-2.0,0.060075093867334166,0.060075093867334166,47,85
sleep__scalar_sleep_efficiency__rank_slope,sleep,MCI vs CN,-1.0093896389007568,-0.5939394235610962,-0.05982478097622027,0.05982478097622027,47,85
sleep__seq_sleep_stage_transition_rate__rank_slope,sleep,MCI vs CN,-0.001473476062528789,0.003079336602240801,-0.05932415519399249,0.05932415519399249,47,85
sleep__scalar_sleep_score_disturbances__median,sleep,MCI vs CN,64.5,66.0,-0.058823529411764705,0.058823529411764705,47,85
sleep__seq_sleep_hr_low_high_delta__std,sleep,MCI vs CN,2.5473546981811523,2.3909378051757812,0.058823529411764705,0.058823529411764705,47,85
sleep__seq_sleep_hr_q90__q10,sleep,MCI vs CN,60.0,61.0,-0.05857321652065081,0.05857321652065081,47,85
sleep__seq_sleep_rmssd_q10__q90,sleep,MCI vs CN,23.469999313354492,24.0,-0.05807259073842303,0.05807259073842303,47,85
activity__scalar_activity_average_met__std,activity,MCI vs CN,0.11552263796329498,0.11588436365127563,0.05782227784730914,0.05782227784730914,47,85
activity__scalar_activity_cal_total__recent_early,activity,MCI vs CN,-92.0,-61.0,-0.05782227784730914,0.05782227784730914,47,85
activity__scalar_activity_low__q90,activity,MCI vs CN,406.3999938964844,397.6000061035156,0.05782227784730914,0.05782227784730914,47,85
activity__scalar_activity_met_min_high__q10,activity,MCI vs CN,0.0,0.0,-0.05732165206508135,0.05732165206508135,47,85
sleep__seq_sleep_stage_entropy__mean,sleep,MCI vs CN,1.133783221244812,1.143018364906311,-0.05732165206508135,0.05732165206508135,47,85
activity__scalar_activity_inactivity_alerts__recent_early,activity,MCI vs CN,0.0,0.0,0.05657071339173968,0.05657071339173968,47,85
activity__scalar_activity_medium__recent_early,activity,MCI vs CN,-7.0,-3.5,-0.05657071339173968,0.05657071339173968,47,85
activity__scalar_activity_inactive__std,activity,MCI vs CN,100.30204772949219,101.32196807861328,-0.056320400500625784,0.056320400500625784,47,85
sleep__scalar_sleep_hr_average__mean,sleep,MCI vs CN,60.29729080200195,61.186798095703125,-0.056320400500625784,0.056320400500625784,47,85
sleep__seq_sleep_hr_mean__mean,sleep,MCI vs CN,60.29730987548828,61.18642807006836,-0.056320400500625784,0.056320400500625784,47,85
sleep__seq_sleep_stage_longest_inactive_run__rank_slope,sleep,MCI vs CN,0.3988095223903656,0.22938530147075653,0.056320400500625784,0.056320400500625784,47,85
activity__scalar_activity_high__q10,activity,MCI vs CN,0.0,0.0,-0.05607008760951189,0.05607008760951189,47,85
activity__scalar_activity_steps__std,activity,MCI vs CN,3835.701171875,3741.036376953125,0.055819774718397996,0.055819774718397996,47,85
activity__seq_activity_state_state_2_ratio__rank_slope,activity,MCI vs CN,0.03024965152144432,0.02573930285871029,0.055819774718397996,0.055819774718397996,47,85
activity__seq_activity_met_q10__rank_slope,activity,MCI vs CN,0.0,5.39251184334711e-17,0.0555694618272841,0.0555694618272841,47,85
activity__seq_activity_met_iqr__q90,activity,MCI vs CN,0.8999999761581421,0.8999999761581421,0.0555694618272841,0.0555694618272841,47,85
activity__seq_activity_met_low_high_delta__recent_early,activity,MCI vs CN,0.04138898849487305,0.047222256660461426,0.05506883604505632,0.05506883604505632,47,85
sleep__seq_sleep_stage_longest_inactive_run__recent_early,sleep,MCI vs CN,0.0,0.0,-0.05506883604505632,0.05506883604505632,47,85
activity__scalar_activity_medium__q10,activity,MCI vs CN,12.0,13.100000381469727,-0.05481852315394243,0.05481852315394243,47,85
sleep__seq_sleep_hr_q90__mean,sleep,MCI vs CN,64.86612701416016,65.36799621582031,-0.05481852315394243,0.05481852315394243,47,85
activity__seq_activity_state_active_ratio__std,activity,MCI vs CN,0.06505420804023743,0.06935089081525803,-0.05431789737171464,0.05431789737171464,47,85
activity__seq_activity_state_entropy__median,activity,MCI vs CN,1.189197301864624,1.1937426328659058,0.05381727158948686,0.05381727158948686,47,85
activity__seq_activity_met_q90__q10,activity,MCI vs CN,1.899999976158142,1.899999976158142,0.05381727158948686,0.05381727158948686,47,85
sleep__seq_sleep_hr_median__mean,sleep,MCI vs CN,59.95833206176758,60.779998779296875,-0.05381727158948686,0.05381727158948686,47,85
activity__scalar_activity_score_meet_daily_targets__median,activity,MCI vs CN,95.0,95.0,-0.05356695869837297,0.05356695869837297,47,85
sleep__scalar_sleep_score__q90,sleep,MCI vs CN,83.0999984741211,84.5999984741211,-0.053316645807259075,0.053316645807259075,47,85
sleep__seq_sleep_hr_q10__mean,sleep,MCI vs CN,56.95671463012695,57.529998779296875,-0.053316645807259075,0.053316645807259075,47,85
sleep__seq_sleep_stage_state_1_ratio__std,sleep,MCI vs CN,0.07127368450164795,0.07325079292058945,-0.053316645807259075,0.053316645807259075,47,85
sleep__seq_sleep_stage_state_2_ratio__rank_slope,sleep,MCI vs CN,-0.0015201426576822996,-0.005615991074591875,0.053316645807259075,0.053316645807259075,47,85
activity__seq_activity_state_entropy__mean,activity,MCI vs CN,1.1918033361434937,1.1820993423461914,0.05231539424280351,0.05231539424280351,47,85
sleep__seq_sleep_rmssd_std__q90,sleep,MCI vs CN,15.8274507522583,14.16109561920166,0.05231539424280351,0.05231539424280351,47,85
activity__seq_activity_met_median__q10,activity,MCI vs CN,1.100000023841858,1.1200000047683716,-0.05181476846057572,0.05181476846057572,47,85
sleep__scalar_sleep_onset_latency__std,sleep,MCI vs CN,478.90185546875,503.68585205078125,-0.05131414267834793,0.05131414267834793,47,85
sleep__scalar_sleep_score_latency__mean,sleep,MCI vs CN,79.9142837524414,80.60563659667969,-0.05131414267834793,0.05131414267834793,47,85
sleep__seq_sleep_rmssd_q90__rank_slope,sleep,MCI vs CN,-1.7854219675064087,-1.0944099426269531,-0.05131414267834793,0.05131414267834793,47,85
activity__scalar_activity_score_recovery_time__rank_slope,activity,MCI vs CN,0.2735242545604706,0.0,0.05106382978723404,0.05106382978723404,47,85
sleep__scalar_sleep_score__median,sleep,MCI vs CN,74.0,74.5,-0.05106382978723404,0.05106382978723404,47,85
activity__scalar_activity_total__std,activity,MCI vs CN,91.89263916015625,94.9700698852539,-0.05081351689612015,0.05081351689612015,47,85
activity__scalar_activity_score_training_frequency__mean,activity,MCI vs CN,94.18461608886719,94.6168212890625,-0.05056320400500626,0.05056320400500626,47,85
activity__scalar_activity_met_min_medium__rank_slope,activity,MCI vs CN,-40.83759689331055,-31.67584228515625,-0.050312891113892366,0.050312891113892366,47,85
sleep__scalar_sleep_rmssd__median,sleep,MCI vs CN,30.0,29.0,-0.050312891113892366,0.050312891113892366,47,85
sleep__seq_sleep_hr_q10__q90,sleep,MCI vs CN,59.099998474121094,60.0,-0.050312891113892366,0.050312891113892366,47,85
mmse__q08,MMSE,MCI vs CN,2.0,2.0,-0.050312891113892366,0.050312891113892366,47,85
sleep__seq_sleep_hr_low_high_delta__q10,sleep,MCI vs CN,-4.250615119934082,-4.785186290740967,0.04981226533166458,0.04981226533166458,47,85
sleep__scalar_sleep_hr_lowest__recent_early,sleep,MCI vs CN,0.0,0.0,0.049561952440550686,0.049561952440550686,47,85
activity__seq_activity_state_longest_inactive_run__q10,activity,MCI vs CN,45.0,44.79999923706055,0.0493116395494368,0.0493116395494368,47,85
sleep__clock_bedtime_end_cos__recent_early,sleep,MCI vs CN,-0.03144855424761772,-0.058439452201128006,0.0493116395494368,0.0493116395494368,47,85
sleep__scalar_sleep_rem__median,sleep,MCI vs CN,3240.0,3360.0,-0.049061326658322905,0.049061326658322905,47,85
activity__seq_activity_met_low_high_delta__rank_slope,activity,MCI vs CN,0.10930818319320679,0.0874350443482399,0.048310387984981225,0.048310387984981225,47,85
sleep__seq_sleep_rmssd_median__q10,sleep,MCI vs CN,20.299999237060547,20.0,-0.04806007509386733,0.04806007509386733,47,85
sleep__seq_sleep_stage_state_2_ratio__q10,sleep,MCI vs CN,0.41569262742996216,0.41346919536590576,0.047809762202753445,0.047809762202753445,47,85
activity__seq_activity_state_state_2_ratio__iqr,activity,MCI vs CN,0.0953909158706665,0.09004604816436768,0.04755944931163955,0.04755944931163955,47,85
sleep__scalar_sleep_score__q10,sleep,MCI vs CN,63.0,61.70000076293945,-0.04755944931163955,0.04755944931163955,47,85
sleep__seq_sleep_hr_mean__median,sleep,MCI vs CN,59.397247314453125,60.70054244995117,-0.04730913642052566,0.04730913642052566,47,85
sleep__scalar_sleep_hr_average__median,sleep,MCI vs CN,59.39500045776367,60.70000076293945,-0.047058823529411764,0.047058823529411764,47,85
sleep__scalar_sleep_score_rem__iqr,sleep,MCI vs CN,29.75,30.0,0.04680851063829787,0.04680851063829787,47,85
sleep__seq_sleep_hr_low_high_delta__median,sleep,MCI vs CN,-1.5528411865234375,-1.6134414672851562,0.04680851063829787,0.04680851063829787,47,85
sleep__seq_sleep_rmssd_std__median,sleep,MCI vs CN,10.16972541809082,9.430211067199707,0.04680851063829787,0.04680851063829787,47,85
sleep__seq_sleep_stage_longest_inactive_run__std,sleep,MCI vs CN,4.084047317504883,3.859970808029175,0.04680851063829787,0.04680851063829787,47,85
activity__scalar_activity_inactive__recent_early,activity,MCI vs CN,29.0,13.0,0.04655819774718398,0.04655819774718398,47,85
activity__seq_activity_state_state_3_ratio__recent_early,activity,MCI vs CN,-0.018167702481150627,-0.015010268427431583,-0.04655819774718398,0.04655819774718398,47,85
sleep__seq_sleep_hr_q90__median,sleep,MCI vs CN,64.0,64.55000305175781,-0.04655819774718398,0.04655819774718398,47,85
activity__seq_activity_state_entropy__rank_slope,activity,MCI vs CN,-0.055807650089263916,-0.05037475749850273,-0.0458072590738423,0.0458072590738423,47,85
activity__scalar_activity_non_wear__q10,activity,MCI vs CN,0.0,0.0,-0.045306633291614516,0.045306633291614516,47,85
activity__scalar_activity_rest__mean,activity,MCI vs CN,520.6829223632812,510.4571533203125,0.045306633291614516,0.045306633291614516,47,85
sleep__scalar_sleep_breath_average__rank_slope,sleep,MCI vs CN,-0.10174825042486191,0.0006944444612599909,-0.045306633291614516,0.045306633291614516,47,85
activity__seq_activity_met_std__q10,activity,MCI vs CN,0.6410566568374634,0.6588116884231567,-0.044806007509386736,0.044806007509386736,47,85
sleep__scalar_sleep_deep__recent_early,sleep,MCI vs CN,-120.0,-60.0,-0.044806007509386736,0.044806007509386736,47,85
sleep__scalar_sleep_score_rem__median,sleep,MCI vs CN,51.0,54.5,-0.04455569461827284,0.04455569461827284,47,85
sleep__scalar_sleep_score_rem__rank_slope,sleep,MCI vs CN,2.518874406814575,-0.47354137897491455,0.04430538172715895,0.04430538172715895,47,85
sleep__seq_sleep_stage_entropy__median,sleep,MCI vs CN,1.1439909934997559,1.155898928642273,-0.04430538172715895,0.04430538172715895,47,85
sleep__scalar_sleep_rmssd__q10,sleep,MCI vs CN,22.0,22.0,-0.04380475594493116,0.04380475594493116,47,85
sleep__scalar_sleep_score_total__q90,sleep,MCI vs CN,94.5999984741211,92.0,0.04380475594493116,0.04380475594493116,47,85
activity__seq_activity_met_std__recent_early,activity,MCI vs CN,-0.04936319589614868,-0.0407525897026062,-0.04330413016270338,0.04330413016270338,47,85
sleep__scalar_sleep_hr_average__iqr,sleep,MCI vs CN,3.3799972534179688,3.2099990844726562,0.04330413016270338,0.04330413016270338,47,85
sleep__scalar_sleep_score__mean,sleep,MCI vs CN,73.0879135131836,73.40908813476562,-0.04330413016270338,0.04330413016270338,47,85
sleep__seq_sleep_stage_state_3_ratio__rank_slope,sleep,MCI vs CN,0.0050586978904902935,-0.004927175585180521,0.04330413016270338,0.04330413016270338,47,85
sleep__scalar_sleep_onset_latency__q90,sleep,MCI vs CN,1119.0,1122.0,-0.04305381727158949,0.04305381727158949,47,85
activity__scalar_activity_non_wear__rank_slope,activity,MCI vs CN,-5.520632266998291,-1.3006329536437988,-0.042803504380475595,0.042803504380475595,47,85
activity__seq_activity_state_entropy__q90,activity,MCI vs CN,1.2789524793624878,1.289401888847351,0.042803504380475595,0.042803504380475595,47,85
mmse__q05,MMSE,MCI vs CN,2.0,2.0,-0.0425531914893617,0.0425531914893617,47,85
activity__scalar_activity_cal_active__std,activity,MCI vs CN,165.24111938476562,160.25457763671875,0.04230287859824781,0.04230287859824781,47,85
activity__scalar_activity_inactive__iqr,activity,MCI vs CN,127.75,123.0,0.04230287859824781,0.04230287859824781,47,85
activity__scalar_activity_met_min_inactive__q90,activity,MCI vs CN,10.899999618530273,10.0,0.04230287859824781,0.04230287859824781,47,85
activity__scalar_activity_rest__median,activity,MCI vs CN,516.0,505.0,0.04230287859824781,0.04230287859824781,47,85
activity__seq_activity_met_std__mean,activity,MCI vs CN,0.8382685780525208,0.8835319876670837,-0.04230287859824781,0.04230287859824781,47,85
sleep__scalar_sleep_duration__q10,sleep,MCI vs CN,21876.0,21756.0,0.04230287859824781,0.04230287859824781,47,85
sleep__seq_sleep_rmssd_iqr__q10,sleep,MCI vs CN,7.0,7.300000190734863,-0.042052565707133914,0.042052565707133914,47,85
sleep__scalar_sleep_hr_lowest__mean,sleep,MCI vs CN,54.86567306518555,55.725807189941406,-0.04180225281602003,0.04180225281602003,47,85
sleep__clock_bedtime_start_cos__recent_early,sleep,MCI vs CN,0.01653071492910385,0.006761080119758844,0.04180225281602003,0.04180225281602003,47,85
sleep__seq_sleep_hr_mean__iqr,sleep,MCI vs CN,3.3797874450683594,3.204000473022461,0.04180225281602003,0.04180225281602003,47,85
sleep__seq_sleep_hr_std__median,sleep,MCI vs CN,2.958885431289673,2.874537467956543,-0.04180225281602003,0.04180225281602003,47,85
sleep__seq_sleep_hr_median__q90,sleep,MCI vs CN,63.5,63.400001525878906,-0.04180225281602003,0.04180225281602003,47,85
sleep__scalar_sleep_hr_lowest__q90,sleep,MCI vs CN,57.0,58.0,-0.041551939924906134,0.041551939924906134,47,85
activity__scalar_activity_score_training_volume__recent_early,activity,MCI vs CN,-0.5,0.0,0.04130162703379224,0.04130162703379224,47,85
sleep__seq_sleep_hr_std__q10,sleep,MCI vs CN,2.061960220336914,2.122157096862793,-0.04130162703379224,0.04130162703379224,47,85
sleep__seq_sleep_hr_median__median,sleep,MCI vs CN,59.0,60.0,-0.04130162703379224,0.04130162703379224,47,85
activity__scalar_activity_met_min_low__iqr,activity,MCI vs CN,77.0,76.0,0.04080100125156445,0.04080100125156445,47,85
activity__seq_activity_met_mean__q10,activity,MCI vs CN,1.2589027881622314,1.246180534362793,-0.04080100125156445,0.04080100125156445,47,85
sleep__scalar_sleep_midpoint_time__q10,sleep,MCI vs CN,11070.0,10815.0,0.04080100125156445,0.04080100125156445,47,85
activity__scalar_activity_score_training_volume__q90,activity,MCI vs CN,99.0,99.0,-0.04030037546933667,0.04030037546933667,47,85
sleep__scalar_sleep_deep__std,sleep,MCI vs CN,1622.9141845703125,1603.4329833984375,-0.04030037546933667,0.04030037546933667,47,85
sleep__scalar_sleep_rmssd__mean,sleep,MCI vs CN,30.439393997192383,30.08108139038086,-0.04030037546933667,0.04030037546933667,47,85
sleep__seq_sleep_rmssd_median__mean,sleep,MCI vs CN,28.32575798034668,27.8150691986084,-0.04030037546933667,0.04030037546933667,47,85
sleep__scalar_sleep_restless__q10,sleep,MCI vs CN,28.0,26.899999618530273,0.039799749687108886,0.039799749687108886,47,85
sleep__scalar_sleep_breath_average__median,sleep,MCI vs CN,16.875,17.0,0.03954943679599499,0.03954943679599499,47,85
sleep__seq_sleep_rmssd_median__recent_early,sleep,MCI vs CN,-0.5,0.0,-0.0392991239048811,0.0392991239048811,47,85
activity__seq_activity_met_std__median,activity,MCI vs CN,0.8613232970237732,0.881560206413269,-0.03879849812265332,0.03879849812265332,47,85
activity__seq_activity_met_iqr__iqr,activity,MCI vs CN,0.20000004768371582,0.20000004768371582,-0.03879849812265332,0.03879849812265332,47,85
sleep__seq_sleep_hr_iqr__std,sleep,MCI vs CN,1.5717780590057373,1.6530989408493042,-0.03879849812265332,0.03879849812265332,47,85
activity__scalar_activity_daily_movement__std,activity,MCI vs CN,3359.453369140625,3256.071044921875,0.03829787234042553,0.03829787234042553,47,85
activity__scalar_activity_met_min_high__rank_slope,activity,MCI vs CN,-0.7928388714790344,-2.4863884449005127,0.03829787234042553,0.03829787234042553,47,85
activity__scalar_activity_met_min_inactive__rank_slope,activity,MCI vs CN,-0.45618557929992676,-0.458313912153244,-0.03829787234042553,0.03829787234042553,47,85
sleep__scalar_sleep_breath_average__recent_early,sleep,MCI vs CN,0.0,-0.0625,0.03829787234042553,0.03829787234042553,47,85
sleep__seq_sleep_hr_std__std,sleep,MCI vs CN,0.8982328772544861,0.8968149423599243,0.03829787234042553,0.03829787234042553,47,85
sleep__scalar_sleep_breath_average__mean,sleep,MCI vs CN,16.880859375,16.96666717529297,0.03804755944931164,0.03804755944931164,47,85
activity__seq_activity_state_entropy__q10,activity,MCI vs CN,1.0875825881958008,1.0821436643600464,0.037797246558197745,0.037797246558197745,47,85
sleep__scalar_sleep_score_rem__mean,sleep,MCI vs CN,50.565216064453125,52.71875,-0.037797246558197745,0.037797246558197745,47,85
sleep__seq_sleep_rmssd_mean__median,sleep,MCI vs CN,29.69565200805664,29.258426666259766,-0.037797246558197745,0.037797246558197745,47,85
sleep__seq_sleep_rmssd_std__mean,sleep,MCI vs CN,10.706005096435547,10.05281925201416,0.037797246558197745,0.037797246558197745,47,85
sleep__seq_sleep_stage_transition_rate__q10,sleep,MCI vs CN,0.23650717735290527,0.2426571249961853,-0.037797246558197745,0.037797246558197745,47,85
mmse__q16_3,MMSE,MCI vs CN,2.0,2.0,0.03754693366708386,0.03754693366708386,47,85
sleep__scalar_sleep_rem__mean,sleep,MCI vs CN,3333.428466796875,3462.162109375,-0.037296620775969964,0.037296620775969964,47,85
sleep__seq_sleep_hr_q10__median,sleep,MCI vs CN,56.0,57.0,-0.037296620775969964,0.037296620775969964,47,85
sleep__seq_sleep_stage_entropy__rank_slope,sleep,MCI vs CN,0.006024274975061417,0.0036432368215173483,-0.037296620775969964,0.037296620775969964,47,85
sleep__scalar_sleep_rmssd__iqr,sleep,MCI vs CN,8.25,8.25,-0.036545682102628284,0.036545682102628284,47,85
activity__seq_activity_state_transition_rate__recent_early,activity,MCI vs CN,-0.0016009040409699082,-0.0029823414515703917,0.03629536921151439,0.03629536921151439,47,85
sleep__scalar_sleep_rmssd__rank_slope,sleep,MCI vs CN,-0.45302897691726685,-0.07276995480060577,-0.03629536921151439,0.03629536921151439,47,85
sleep__scalar_sleep_score_latency__q90,sleep,MCI vs CN,96.69999694824219,97.0,-0.03629536921151439,0.03629536921151439,47,85
activity__scalar_activity_score_training_frequency__std,activity,MCI vs CN,14.5410737991333,12.38742733001709,0.036045056320400504,0.036045056320400504,47,85
sleep__seq_sleep_rmssd_iqr__recent_early,sleep,MCI vs CN,-0.375,0.0,-0.036045056320400504,0.036045056320400504,47,85
activity__scalar_activity_met_min_inactive__std,activity,MCI vs CN,2.257436990737915,2.2951571941375732,-0.03579474342928661,0.03579474342928661,47,85
activity__seq_activity_state_state_1_ratio__std,activity,MCI vs CN,0.060069646686315536,0.06194237992167473,-0.03579474342928661,0.03579474342928661,47,85
sleep__scalar_sleep_onset_latency__mean,sleep,MCI vs CN,693.7930908203125,686.1972045898438,-0.034793491864831036,0.034793491864831036,47,85
activity__scalar_activity_medium__rank_slope,activity,MCI vs CN,-11.53158950805664,-10.38415813446045,-0.034292866082603256,0.034292866082603256,47,85
activity__seq_activity_met_q90__std,activity,MCI vs CN,0.39007672667503357,0.3892797827720642,-0.034292866082603256,0.034292866082603256,47,85
sleep__scalar_sleep_breath_average__q90,sleep,MCI vs CN,17.375,17.5,0.034292866082603256,0.034292866082603256,47,85
sleep__seq_sleep_hr_std__iqr,sleep,MCI vs CN,1.0106922388076782,1.0481655597686768,-0.034292866082603256,0.034292866082603256,47,85
activity__scalar_activity_met_min_inactive__iqr,activity,MCI vs CN,3.0,3.0,-0.03379224030037547,0.03379224030037547,47,85
sleep__seq_sleep_rmssd_std__std,sleep,MCI vs CN,3.7032740116119385,3.4276812076568604,0.03329161451814768,0.03329161451814768,47,85
sleep__seq_sleep_rmssd_std__iqr,sleep,MCI vs CN,4.237473964691162,4.220341205596924,-0.03329161451814768,0.03329161451814768,47,85
sleep__seq_sleep_hr_iqr__q10,sleep,MCI vs CN,2.0,2.299999952316284,-0.033041301627033795,0.033041301627033795,47,85
activity__scalar_activity_high__rank_slope,activity,MCI vs CN,-0.1755952388048172,-0.3124362826347351,0.0327909887359199,0.0327909887359199,47,85
sleep__seq_sleep_rmssd_mean__iqr,sleep,MCI vs CN,7.760152816772461,7.983493804931641,-0.0327909887359199,0.0327909887359199,47,85
activity__seq_activity_met_mean__std,activity,MCI vs CN,0.1329144388437271,0.13100561499595642,0.032290362953692114,0.032290362953692114,47,85
sleep__seq_sleep_stage_state_3_ratio__q10,sleep,MCI vs CN,0.057416267693042755,0.06314758956432343,-0.032290362953692114,0.032290362953692114,47,85
activity__scalar_activity_score_meet_daily_targets__std,activity,MCI vs CN,16.589496612548828,15.596993446350098,-0.03204005006257822,0.03204005006257822,47,85
sleep__seq_sleep_rmssd_mean__q10,sleep,MCI vs CN,22.775035858154297,22.38570785522461,-0.03178973717146433,0.03178973717146433,47,85
activity__scalar_activity_non_wear__iqr,activity,MCI vs CN,64.5,63.0,0.03153942428035044,0.03153942428035044,47,85
sleep__seq_sleep_rmssd_mean__mean,sleep,MCI vs CN,30.724628448486328,30.116941452026367,-0.03128911138923655,0.03128911138923655,47,85
activity__seq_activity_met_median__recent_early,activity,MCI vs CN,0.0,0.0,-0.03053817271589487,0.03053817271589487,47,85
sleep__scalar_sleep_rem__q90,sleep,MCI vs CN,5580.0,5514.0,-0.03053817271589487,0.03053817271589487,47,85
activity__seq_activity_state_state_1_ratio__q10,activity,MCI vs CN,0.2743055522441864,0.27826619148254395,0.030287859824780976,0.030287859824780976,47,85
activity__scalar_activity_cal_total__rank_slope,activity,MCI vs CN,-173.474609375,-142.45880126953125,-0.029787234042553193,0.029787234042553193,47,85
sleep__scalar_sleep_breath_average__iqr,sleep,MCI vs CN,0.625,0.625,-0.0295369211514393,0.0295369211514393,47,85
sleep__scalar_sleep_rmssd__q90,sleep,MCI vs CN,39.79999923706055,39.0,-0.0295369211514393,0.0295369211514393,47,85
sleep__seq_sleep_rmssd_iqr__iqr,sleep,MCI vs CN,6.125,6.0,-0.0295369211514393,0.0295369211514393,47,85
sleep__scalar_sleep_breath_average__std,sleep,MCI vs CN,0.5100100636482239,0.5114716291427612,-0.029286608260325406,0.029286608260325406,47,85
activity__scalar_activity_daily_movement__q10,activity,MCI vs CN,4224.89990234375,4402.2001953125,-0.028785982478097622,0.028785982478097622,47,85
activity__scalar_activity_met_min_medium__iqr,activity,MCI vs CN,109.75,107.0,0.02828535669586984,0.02828535669586984,47,85
activity__scalar_activity_score_meet_daily_targets__q10,activity,MCI vs CN,60.0,60.0,0.02828535669586984,0.02828535669586984,47,85
activity__scalar_activity_steps__q90,activity,MCI vs CN,15560.7998046875,15165.0,0.02828535669586984,0.02828535669586984,47,85
sleep__scalar_sleep_hr_average__q90,sleep,MCI vs CN,63.26000213623047,63.88999938964844,-0.02828535669586984,0.02828535669586984,47,85
sleep__clock_bedtime_start_cos__rank_slope,sleep,MCI vs CN,0.025701146572828293,0.020628342404961586,-0.02828535669586984,0.02828535669586984,47,85
sleep__seq_sleep_hr_mean__q90,sleep,MCI vs CN,63.26048278808594,63.88833999633789,-0.02828535669586984,0.02828535669586984,47,85
sleep__seq_sleep_rmssd_q10__std,sleep,MCI vs CN,3.7451345920562744,3.6146323680877686,-0.02828535669586984,0.02828535669586984,47,85
sleep__scalar_sleep_score_latency__q10,sleep,MCI vs CN,67.0,67.0,0.028035043804755945,0.028035043804755945,47,85
activity__seq_activity_state_state_1_ratio__mean,activity,MCI vs CN,0.35591623187065125,0.34538233280181885,0.02778473091364205,0.02778473091364205,47,85
sleep__scalar_sleep_hr_lowest__rank_slope,sleep,MCI vs CN,-0.20971867442131042,-0.5786885023117065,-0.02778473091364205,0.02778473091364205,47,85
sleep__scalar_sleep_light__iqr,sleep,MCI vs CN,4357.5,4320.0,0.02778473091364205,0.02778473091364205,47,85
sleep__seq_sleep_rmssd_mean__rank_slope,sleep,MCI vs CN,-0.5822473764419556,-0.2178163379430771,-0.02778473091364205,0.02778473091364205,47,85
sleep__scalar_sleep_score_latency__std,sleep,MCI vs CN,13.374201774597168,13.114588737487793,-0.027284105131414268,0.027284105131414268,47,85
activity__scalar_activity_met_min_low__q90,activity,MCI vs CN,283.5,268.0,0.027033792240300374,0.027033792240300374,47,85
activity__seq_activity_state_state_1_ratio__q90,activity,MCI vs CN,0.425598680973053,0.41602563858032227,0.027033792240300374,0.027033792240300374,47,85
sleep__seq_sleep_hr_q90__q90,sleep,MCI vs CN,69.36000061035156,69.0,-0.027033792240300374,0.027033792240300374,47,85
activity__seq_activity_met_q90__median,activity,MCI vs CN,2.299999952316284,2.2100000381469727,0.026783479349186484,0.026783479349186484,47,85
sleep__scalar_sleep_score_alignment__q90,sleep,MCI vs CN,100.0,100.0,0.026783479349186484,0.026783479349186484,47,85
sleep__scalar_sleep_score_rem__q10,sleep,MCI vs CN,21.899999618530273,22.200000762939453,-0.026783479349186484,0.026783479349186484,47,85
sleep__clock_bedtime_end_cos__iqr,sleep,MCI vs CN,0.29271283745765686,0.29768678545951843,0.026783479349186484,0.026783479349186484,47,85
activity__seq_activity_state_entropy__recent_early,activity,MCI vs CN,-0.02798851579427719,-0.02679240144789219,-0.026282853566958697,0.026282853566958697,47,85
sleep__scalar_sleep_score_rem__q90,sleep,MCI vs CN,85.4000015258789,85.4000015258789,-0.026282853566958697,0.026282853566958697,47,85
activity__scalar_activity_score_meet_daily_targets__iqr,activity,MCI vs CN,17.0,18.0,-0.025782227784730914,0.025782227784730914,47,85
sleep__seq_sleep_hr_std__recent_early,sleep,MCI vs CN,-0.015889883041381836,0.014655351638793945,-0.025782227784730914,0.025782227784730914,47,85
sleep__scalar_sleep_breath_average__q10,sleep,MCI vs CN,16.262500762939453,16.375,0.02553191489361702,0.02553191489361702,47,85
sleep__seq_sleep_hr_std__q90,sleep,MCI vs CN,4.146976470947266,4.0738725662231445,-0.02528160200250313,0.02528160200250313,47,85
activity__scalar_activity_score_training_volume__iqr,activity,MCI vs CN,2.0,2.0,-0.025031289111389236,0.025031289111389236,47,85
activity__scalar_activity_average_met__q90,activity,MCI vs CN,1.618749976158142,1.618749976158142,0.024780976220275343,0.024780976220275343,47,85
activity__seq_activity_state_state_1_ratio__median,activity,MCI vs CN,0.347328245639801,0.34375,0.024780976220275343,0.024780976220275343,47,85
activity__seq_activity_met_mean__q90,activity,MCI vs CN,1.5883126258850098,1.597902774810791,0.024780976220275343,0.024780976220275343,47,85
sleep__scalar_sleep_score_rem__recent_early,sleep,MCI vs CN,0.0,0.0,-0.024780976220275343,0.024780976220275343,47,85
sleep__clock_bedtime_start_sin__iqr,sleep,MCI vs CN,0.31898820400238037,0.3055626153945923,0.024780976220275343,0.024780976220275343,47,85
sleep__seq_sleep_rmssd_q10__rank_slope,sleep,MCI vs CN,0.41565391421318054,0.22776153683662415,0.024780976220275343,0.024780976220275343,47,85
activity__seq_activity_state_transition_rate__iqr,activity,MCI vs CN,0.046600330621004105,0.04790940880775452,-0.02428035043804756,0.02428035043804756,47,85
sleep__scalar_sleep_score_disturbances__q90,sleep,MCI vs CN,74.0,74.9000015258789,-0.02428035043804756,0.02428035043804756,47,85
sleep__seq_sleep_hr_q90__std,sleep,MCI vs CN,3.4341392517089844,3.594020366668701,0.02428035043804756,0.02428035043804756,47,85
mmse__q15,MMSE,MCI vs CN,2.0,2.0,-0.024030037546933666,0.024030037546933666,47,85
activity__seq_activity_state_entropy__std,activity,MCI vs CN,0.08450750261545181,0.08121318370103836,0.023779724655819776,0.023779724655819776,47,85
activity__scalar_activity_cal_total__q90,activity,MCI vs CN,2763.5,2766.89990234375,0.023529411764705882,0.023529411764705882,47,85
activity__scalar_activity_score_meet_daily_targets__q90,activity,MCI vs CN,100.0,100.0,-0.023529411764705882,0.023529411764705882,47,85
activity__scalar_activity_medium__mean,activity,MCI vs CN,45.78095245361328,51.75757598876953,-0.02327909887359199,0.02327909887359199,47,85
activity__seq_activity_met_median__rank_slope,activity,MCI vs CN,-0.04702381044626236,-0.04504749923944473,0.02327909887359199,0.02327909887359199,47,85
activity__scalar_activity_non_wear__std,activity,MCI vs CN,61.05290222167969,58.644493103027344,0.022778473091364205,0.022778473091364205,47,85
sleep__seq_sleep_hr_std__mean,sleep,MCI vs CN,3.0555531978607178,3.0065433979034424,-0.022778473091364205,0.022778473091364205,47,85
sleep__seq_sleep_stage_entropy__q90,sleep,MCI vs CN,1.258413314819336,1.253207802772522,0.022778473091364205,0.022778473091364205,47,85
sleep__scalar_sleep_score_efficiency__recent_early,sleep,MCI vs CN,-2.0,-1.0,-0.02252816020025031,0.02252816020025031,47,85
activity__seq_activity_met_q10__mean,activity,MCI vs CN,0.8365079164505005,0.8466666340827942,0.02227784730913642,0.02227784730913642,47,85
activity__seq_activity_met_q90__iqr,activity,MCI vs CN,0.5,0.5,-0.02227784730913642,0.02227784730913642,47,85
sleep__scalar_sleep_total__q90,sleep,MCI vs CN,28518.0,28584.0,0.02227784730913642,0.02227784730913642,47,85
sleep__clock_bedtime_end_cos__std,sleep,MCI vs CN,0.2268349677324295,0.2435668259859085,-0.02227784730913642,0.02227784730913642,47,85
sleep__seq_sleep_rmssd_low_high_delta__q90,sleep,MCI vs CN,10.369941711425781,10.612600326538086,0.02227784730913642,0.02227784730913642,47,85
mmse__q12_4,MMSE,MCI vs CN,2.0,2.0,-0.02227784730913642,0.02227784730913642,47,85
activity__scalar_activity_cal_total__iqr,activity,MCI vs CN,261.25,261.0,0.022027534418022528,0.022027534418022528,47,85
activity__scalar_activity_non_wear__recent_early,activity,MCI vs CN,0.0,0.0,0.022027534418022528,0.022027534418022528,47,85
sleep__scalar_sleep_hr_lowest__median,sleep,MCI vs CN,55.0,55.0,-0.022027534418022528,0.022027534418022528,47,85
activity__scalar_activity_met_min_medium__std,activity,MCI vs CN,87.291015625,83.14241790771484,0.021777221526908634,0.021777221526908634,47,85
activity__scalar_activity_non_wear__q90,activity,MCI vs CN,124.80000305175781,122.19999694824219,0.021777221526908634,0.021777221526908634,47,85
activity__seq_activity_state_state_3_ratio__iqr,activity,MCI vs CN,0.0694444477558136,0.06838839501142502,-0.021777221526908634,0.021777221526908634,47,85
sleep__scalar_sleep_efficiency__iqr,sleep,MCI vs CN,8.25,8.0,0.021777221526908634,0.021777221526908634,47,85
activity__scalar_activity_score_training_frequency__recent_early,activity,MCI vs CN,0.0,0.0,0.021526908635794744,0.021526908635794744,47,85
activity__seq_activity_met_iqr__recent_early,activity,MCI vs CN,-0.050000011920928955,-0.050000011920928955,-0.021526908635794744,0.021526908635794744,47,85
activity__scalar_activity_score_training_frequency__q90,activity,MCI vs CN,100.0,100.0,-0.02127659574468085,0.02127659574468085,47,85
activity__seq_activity_met_q10__median,activity,MCI vs CN,0.8999999761581421,0.8999999761581421,-0.02127659574468085,0.02127659574468085,47,85
activity__seq_activity_met_q10__recent_early,activity,MCI vs CN,0.0,0.0,-0.02127659574468085,0.02127659574468085,47,85
sleep__seq_sleep_rmssd_q10__recent_early,sleep,MCI vs CN,0.0,0.0,0.02127659574468085,0.02127659574468085,47,85
mmse__q14_1,MMSE,MCI vs CN,2.0,2.0,-0.02127659574468085,0.02127659574468085,47,85
mmse__q18,MMSE,MCI vs CN,2.0,2.0,-0.02127659574468085,0.02127659574468085,47,85
activity__scalar_activity_medium__median,activity,MCI vs CN,40.0,48.0,-0.020775969962453067,0.020775969962453067,47,85
activity__scalar_activity_steps__median,activity,MCI vs CN,10449.0,9942.0,0.020775969962453067,0.020775969962453067,47,85
activity__seq_activity_state_transition_rate__std,activity,MCI vs CN,0.035994090139865875,0.03701917454600334,-0.020275344180225283,0.020275344180225283,47,85
activity__seq_activity_state_longest_inactive_run__rank_slope,activity,MCI vs CN,-0.696864128112793,-1.4350240230560303,0.020275344180225283,0.020275344180225283,47,85
sleep__scalar_sleep_rem__q10,sleep,MCI vs CN,1242.0,1542.0,-0.020275344180225283,0.020275344180225283,47,85
sleep__seq_sleep_stage_state_2_ratio__recent_early,sleep,MCI vs CN,0.0009374999790452421,0.0010697267716750503,0.020275344180225283,0.020275344180225283,47,85
sleep__scalar_sleep_onset_latency__iqr,sleep,MCI vs CN,525.0,540.0,-0.02002503128911139,0.02002503128911139,47,85
sleep__scalar_sleep_total__mean,sleep,MCI vs CN,23310.625,23275.71484375,0.019774718397997496,0.019774718397997496,47,85
sleep__seq_sleep_hr_q90__iqr,sleep,MCI vs CN,4.0,4.0,0.019774718397997496,0.019774718397997496,47,85
sleep__seq_sleep_rmssd_median__rank_slope,sleep,MCI vs CN,0.0818452388048172,0.03831683099269867,0.019774718397997496,0.019774718397997496,47,85
sleep__seq_sleep_rmssd_iqr__std,sleep,MCI vs CN,4.827417850494385,4.725218772888184,0.019274092615769713,0.019274092615769713,47,85
activity__scalar_activity_score_training_volume__std,activity,MCI vs CN,5.031620979309082,3.970569610595703,0.01902377972465582,0.01902377972465582,47,85
activity__seq_activity_met_q10__std,activity,MCI vs CN,0.21624617278575897,0.19955505430698395,-0.01902377972465582,0.01902377972465582,47,85
sleep__scalar_sleep_rem__recent_early,sleep,MCI vs CN,30.0,0.0,0.01902377972465582,0.01902377972465582,47,85
activity__scalar_activity_medium__q90,activity,MCI vs CN,78.4000015258789,85.30000305175781,-0.01877346683354193,0.01877346683354193,47,85
activity__scalar_activity_score_recovery_time__median,activity,MCI vs CN,100.0,100.0,0.01877346683354193,0.01877346683354193,47,85
activity__scalar_activity_steps__q10,activity,MCI vs CN,5277.7998046875,5697.7001953125,0.01877346683354193,0.01877346683354193,47,85
activity__seq_activity_met_mean__iqr,activity,MCI vs CN,0.1698264479637146,0.17104172706604004,0.01877346683354193,0.01877346683354193,47,85
sleep__scalar_sleep_deep__rank_slope,sleep,MCI vs CN,-173.13299560546875,-124.87726593017578,0.01877346683354193,0.01877346683354193,47,85
sleep__scalar_sleep_score_efficiency__std,sleep,MCI vs CN,15.188749313354492,15.253143310546875,0.01877346683354193,0.01877346683354193,47,85
sleep__clock_bedtime_end_sin__std,sleep,MCI vs CN,0.07987159490585327,0.08423813432455063,-0.01877346683354193,0.01877346683354193,47,85
sleep__seq_sleep_hr_q10__rank_slope,sleep,MCI vs CN,-0.03331992030143738,-0.27272728085517883,-0.01877346683354193,0.01877346683354193,47,85
sleep__seq_sleep_rmssd_mean__q90,sleep,MCI vs CN,39.712223052978516,38.64044189453125,-0.01877346683354193,0.01877346683354193,47,85
activity__scalar_activity_cal_total__std,activity,MCI vs CN,212.4099578857422,203.11366271972656,0.018272841051314142,0.018272841051314142,47,85
sleep__seq_sleep_rmssd_q90__q10,sleep,MCI vs CN,31.450000762939453,31.5,-0.018022528160200252,0.018022528160200252,47,85
activity__scalar_activity_met_min_medium__mean,activity,MCI vs CN,139.9791717529297,151.38710021972656,-0.01777221526908636,0.01777221526908636,47,85
activity__scalar_activity_steps__mean,activity,MCI vs CN,10088.337890625,10341.162109375,0.01777221526908636,0.01777221526908636,47,85
activity__scalar_activity_inactivity_alerts__median,activity,MCI vs CN,0.0,0.0,-0.017521902377972465,0.017521902377972465,47,85
activity__scalar_activity_score_move_every_hour__median,activity,MCI vs CN,100.0,100.0,0.017521902377972465,0.017521902377972465,47,85
activity__seq_activity_state_state_2_ratio__recent_early,activity,MCI vs CN,0.015592181123793125,0.012564889155328274,0.017521902377972465,0.017521902377972465,47,85
activity__seq_activity_met_q90__mean,activity,MCI vs CN,2.285468816757202,2.2895889282226562,0.017271589486858575,0.017271589486858575,47,85
sleep__scalar_sleep_score_total__mean,sleep,MCI vs CN,70.86746978759766,71.24637603759766,0.017271589486858575,0.017271589486858575,47,85
sleep__seq_sleep_rmssd_median__q90,sleep,MCI vs CN,37.70000076293945,36.0,-0.01702127659574468,0.01702127659574468,47,85
sleep__seq_sleep_rmssd_q90__iqr,sleep,MCI vs CN,12.449999809265137,12.300000190734863,-0.016770963704630788,0.016770963704630788,47,85
activity__scalar_activity_rest__q10,activity,MCI vs CN,410.0,413.0,0.016520650813516898,0.016520650813516898,47,85
activity__seq_activity_met_q10__iqr,activity,MCI vs CN,0.0,0.0,-0.016270337922403004,0.016270337922403004,47,85
sleep__seq_sleep_hr_median__std,sleep,MCI vs CN,2.8056650161743164,2.7591259479522705,0.016270337922403004,0.016270337922403004,47,85
activity__scalar_activity_met_min_medium__median,activity,MCI vs CN,128.0,148.0,-0.01602002503128911,0.01602002503128911,47,85
activity__seq_activity_met_std__iqr,activity,MCI vs CN,0.22093051671981812,0.21070384979248047,0.01576971214017522,0.01576971214017522,47,85
activity__scalar_activity_non_wear__mean,activity,MCI vs CN,37.582088470458984,39.10810852050781,-0.015269086357947435,0.015269086357947435,47,85
sleep__scalar_sleep_onset_latency__median,sleep,MCI vs CN,540.0,600.0,-0.015269086357947435,0.015269086357947435,47,85
activity__scalar_activity_met_min_medium__q90,activity,MCI vs CN,253.39999389648438,255.0,-0.015018773466833541,0.015018773466833541,47,85
sleep__scalar_sleep_efficiency__recent_early,sleep,MCI vs CN,-0.5,-0.5,0.015018773466833541,0.015018773466833541,47,85
sleep__scalar_sleep_score_efficiency__iqr,sleep,MCI vs CN,19.0,19.0,0.01476846057571965,0.01476846057571965,47,85
mmse__q16_1,MMSE,MCI vs CN,2.0,2.0,0.01476846057571965,0.01476846057571965,47,85
activity__scalar_activity_medium__std,activity,MCI vs CN,26.83727264404297,25.7437801361084,0.014267834793491864,0.014267834793491864,47,85
sleep__scalar_sleep_hr_average__rank_slope,sleep,MCI vs CN,-0.17451918125152588,-0.16518175601959229,-0.014267834793491864,0.014267834793491864,47,85
sleep__seq_sleep_hr_mean__rank_slope,sleep,MCI vs CN,-0.1743120551109314,-0.16349481046199799,-0.014267834793491864,0.014267834793491864,47,85
activity__seq_activity_state_longest_inactive_run__recent_early,activity,MCI vs CN,0.0,-0.5,0.014017521902377972,0.014017521902377972,47,85
sleep__scalar_sleep_rem__iqr,sleep,MCI vs CN,1987.5,1957.5,0.014017521902377972,0.014017521902377972,47,85
activity__scalar_activity_score_stay_active__recent_early,activity,MCI vs CN,-2.0,-2.0,-0.013516896120150187,0.013516896120150187,47,85
activity__seq_activity_state_active_ratio__iqr,activity,MCI vs CN,0.08127038180828094,0.0842013880610466,0.013516896120150187,0.013516896120150187,47,85
activity__scalar_activity_score_recovery_time__recent_early,activity,MCI vs CN,0.0,0.0,-0.013266583229036295,0.013266583229036295,47,85
sleep__seq_sleep_rmssd_median__iqr,sleep,MCI vs CN,7.875,8.0,-0.013266583229036295,0.013266583229036295,47,85
activity__seq_activity_met_q90__q90,activity,MCI vs CN,2.9000000953674316,2.799999952316284,-0.013016270337922404,0.013016270337922404,47,85
sleep__seq_sleep_hr_q10__std,sleep,MCI vs CN,2.486365556716919,2.4827115535736084,-0.01276595744680851,0.01276595744680851,47,85
sleep__seq_sleep_rmssd_low_high_delta__std,sleep,MCI vs CN,6.614961624145508,6.542946815490723,-0.01276595744680851,0.01276595744680851,47,85
sleep__seq_sleep_rmssd_low_high_delta__rank_slope,sleep,MCI vs CN,-0.9004843235015869,-0.39479610323905945,0.01276595744680851,0.01276595744680851,47,85
sleep__seq_sleep_rmssd_q90__q90,sleep,MCI vs CN,58.400001525878906,56.0,0.012515644555694618,0.012515644555694618,47,85
activity__scalar_activity_met_min_inactive__recent_early,activity,MCI vs CN,0.0,0.0,-0.012265331664580726,0.012265331664580726,47,85
sleep__seq_sleep_stage_state_3_ratio__iqr,sleep,MCI vs CN,0.05771779268980026,0.05862884223461151,-0.012265331664580726,0.012265331664580726,47,85
sleep__seq_sleep_rmssd_std__q10,sleep,MCI vs CN,6.3546881675720215,6.501517295837402,0.011764705882352941,0.011764705882352941,47,85
sleep__seq_sleep_rmssd_median__std,sleep,MCI vs CN,5.817255973815918,6.040645122528076,-0.011764705882352941,0.011764705882352941,47,85
activity__seq_activity_met_mean__mean,activity,MCI vs CN,1.4264640808105469,1.4431201219558716,0.011264080100125156,0.011264080100125156,47,85
activity__seq_activity_met_mean__median,activity,MCI vs CN,1.4213193655014038,1.4322916269302368,0.011013767209011264,0.011013767209011264,47,85
activity__scalar_activity_cal_total__q10,activity,MCI vs CN,2252.800048828125,2272.300048828125,-0.010513141426783479,0.010513141426783479,47,85
sleep__seq_sleep_hr_q10__recent_early,sleep,MCI vs CN,0.0,0.0,0.010513141426783479,0.010513141426783479,47,85
sleep__seq_sleep_hr_q90__rank_slope,sleep,MCI vs CN,-0.4807243347167969,-0.35245901346206665,-0.010262828535669587,0.010262828535669587,47,85
sleep__scalar_sleep_rmssd__std,sleep,MCI vs CN,6.446359634399414,6.488229751586914,0.009762202753441803,0.009762202753441803,47,85
mmse__q19,MMSE,MCI vs CN,2.0,2.0,-0.00951188986232791,0.00951188986232791,47,85
activity__scalar_activity_rest__std,activity,MCI vs CN,89.72447967529297,90.8017349243164,0.008760951188986232,0.008760951188986232,47,85
activity__seq_activity_state_state_4_ratio__q10,activity,MCI vs CN,0.01538531482219696,0.013509233482182026,-0.008760951188986232,0.008760951188986232,47,85
activity__scalar_activity_cal_total__median,activity,MCI vs CN,2506.0,2515.5,0.008260325406758449,0.008260325406758449,47,85
sleep__seq_sleep_hr_iqr__rank_slope,sleep,MCI vs CN,-0.08005427569150925,-0.012772276997566223,0.008260325406758449,0.008260325406758449,47,85
activity__scalar_activity_daily_movement__mean,activity,MCI vs CN,8238.1015625,8602.974609375,-0.007759699624530663,0.007759699624530663,47,85
sleep__scalar_sleep_hr_lowest__std,sleep,MCI vs CN,2.404273748397827,2.386528968811035,0.007759699624530663,0.007759699624530663,47,85
sleep__seq_sleep_rmssd_q90__std,sleep,MCI vs CN,11.12961196899414,10.134023666381836,0.007759699624530663,0.007759699624530663,47,85
activity__scalar_activity_score_meet_daily_targets__mean,activity,MCI vs CN,86.21591186523438,85.53845977783203,0.007509386733416771,0.007509386733416771,47,85
mmse__q12_1,MMSE,MCI vs CN,2.0,2.0,-0.007259073842302879,0.007259073842302879,47,85
activity__scalar_activity_average_met__q10,activity,MCI vs CN,1.318750023841858,1.3125,-0.007008760951188986,0.007008760951188986,47,85
activity__seq_activity_state_state_1_ratio__iqr,activity,MCI vs CN,0.07535866647958755,0.07423628866672516,-0.007008760951188986,0.007008760951188986,47,85
activity__scalar_activity_average_met__mean,activity,MCI vs CN,1.452957034111023,1.4720394611358643,0.006758448060075094,0.006758448060075094,47,85
activity__scalar_activity_cal_total__mean,activity,MCI vs CN,2503.563232421875,2517.267822265625,0.006758448060075094,0.006758448060075094,47,85
activity__seq_activity_met_std__std,activity,MCI vs CN,0.16563266515731812,0.16840606927871704,0.006257822277847309,0.006257822277847309,47,85
sleep__scalar_sleep_deep__iqr,sleep,MCI vs CN,2175.0,2077.5,0.006257822277847309,0.006257822277847309,47,85
activity__scalar_activity_average_met__median,activity,MCI vs CN,1.46875,1.46875,0.005757196495619525,0.005757196495619525,47,85
activity__scalar_activity_score_stay_active__iqr,activity,MCI vs CN,15.0,15.0,0.005757196495619525,0.005757196495619525,47,85
sleep__scalar_sleep_hr_average__std,sleep,MCI vs CN,2.70732045173645,2.715031862258911,0.005757196495619525,0.005757196495619525,47,85
sleep__scalar_sleep_score_total__median,sleep,MCI vs CN,73.0,72.0,-0.005506883604505632,0.005506883604505632,47,85
sleep__seq_sleep_hr_iqr__iqr,sleep,MCI vs CN,2.0,2.0,0.005506883604505632,0.005506883604505632,47,85
activity__scalar_activity_cal_active__q10,activity,MCI vs CN,233.60000610351562,244.39999389648438,-0.005256570713391739,0.005256570713391739,47,85
activity__scalar_activity_cal_active__q90,activity,MCI vs CN,667.5999755859375,645.0,0.005256570713391739,0.005256570713391739,47,85
sleep__clock_bedtime_end_cos__rank_slope,sleep,MCI vs CN,-0.09016614407300949,-0.12054812908172607,-0.005256570713391739,0.005256570713391739,47,85
sleep__seq_sleep_hr_mean__std,sleep,MCI vs CN,2.707270860671997,2.715541124343872,0.005256570713391739,0.005256570713391739,47,85
activity__scalar_activity_score_training_volume__median,activity,MCI vs CN,96.0,97.0,0.0050062578222778474,0.0050062578222778474,47,85
activity__seq_activity_met_q10__q10,activity,MCI vs CN,0.8999999761581421,0.8999999761581421,0.004505632040050063,0.004505632040050063,47,85
sleep__seq_sleep_stage_state_3_ratio__recent_early,sleep,MCI vs CN,0.00364271504804492,0.0005107252509333193,0.004505632040050063,0.004505632040050063,47,85
mmse__q10,MMSE,MCI vs CN,2.0,2.0,0.004505632040050063,0.004505632040050063,47,85
activity__scalar_activity_cal_active__mean,activity,MCI vs CN,434.8292541503906,457.4683532714844,0.00425531914893617,0.00425531914893617,47,85
activity__scalar_activity_daily_movement__q90,activity,MCI vs CN,13088.7998046875,12532.400390625,-0.00425531914893617,0.00425531914893617,47,85
activity__scalar_activity_score__rank_slope,activity,MCI vs CN,-2.3986711502075195,-4.521417140960693,0.00425531914893617,0.00425531914893617,47,85
sleep__scalar_sleep_score_total__std,sleep,MCI vs CN,15.830415725708008,15.712061882019043,0.00425531914893617,0.00425531914893617,47,85
sleep__scalar_sleep_total__median,sleep,MCI vs CN,23580.0,23370.0,0.00425531914893617,0.00425531914893617,47,85
sleep__scalar_sleep_total__std,sleep,MCI vs CN,4180.42529296875,4198.16943359375,-0.00425531914893617,0.00425531914893617,47,85
sleep__seq_sleep_stage_state_4_ratio__std,sleep,MCI vs CN,0.07086772471666336,0.06993541121482849,-0.00425531914893617,0.00425531914893617,47,85
sleep__seq_sleep_stage_active_ratio__std,sleep,MCI vs CN,0.07086772471666336,0.06993541121482849,-0.00425531914893617,0.00425531914893617,47,85
sleep__scalar_sleep_total__q10,sleep,MCI vs CN,17796.0,17970.0,-0.004005006257822278,0.004005006257822278,47,85
sleep__seq_sleep_rmssd_q90__median,sleep,MCI vs CN,43.400001525878906,42.29999923706055,-0.004005006257822278,0.004005006257822278,47,85
sleep__seq_sleep_rmssd_mean__std,sleep,MCI vs CN,6.356997489929199,6.155913829803467,-0.0037546933667083854,0.0037546933667083854,47,85
activity__scalar_activity_low__iqr,activity,MCI vs CN,96.0,96.75,-0.003504380475594493,0.003504380475594493,47,85
activity__scalar_activity_score_recovery_time__q90,activity,MCI vs CN,100.0,100.0,-0.003254067584480601,0.003254067584480601,47,85
activity__scalar_activity_score_training_volume__q10,activity,MCI vs CN,95.0,95.0,-0.002753441802252816,0.002753441802252816,47,85
sleep__scalar_sleep_efficiency__std,sleep,MCI vs CN,6.836754322052002,6.665046215057373,0.002753441802252816,0.002753441802252816,47,85
sleep__scalar_sleep_score__std,sleep,MCI vs CN,8.219432830810547,8.080131530761719,-0.002753441802252816,0.002753441802252816,47,85
sleep__seq_sleep_rmssd_iqr__mean,sleep,MCI vs CN,13.051724433898926,12.534883499145508,0.002753441802252816,0.002753441802252816,47,85
sleep__seq_sleep_rmssd_iqr__q90,sleep,MCI vs CN,19.899999618530273,19.200000762939453,0.002753441802252816,0.002753441802252816,47,85
activity__scalar_activity_score_training_frequency__q10,activity,MCI vs CN,71.0,71.0,0.0022528160200250315,0.0022528160200250315,47,85
sleep__scalar_sleep_score_total__q10,sleep,MCI vs CN,47.400001525878906,50.0,0.0017521902377972466,0.0017521902377972466,47,85
activity__scalar_activity_score_training_volume__mean,activity,MCI vs CN,96.19999694824219,95.98591613769531,0.001501877346683354,0.001501877346683354,47,85
activity__scalar_activity_medium__iqr,activity,MCI vs CN,33.25,35.5,-0.0012515644555694619,0.0012515644555694619,47,85
activity__scalar_activity_score_training_frequency__rank_slope,activity,MCI vs CN,-0.3828514516353607,-0.28488242626190186,0.0012515644555694619,0.0012515644555694619,47,85
activity__scalar_activity_daily_movement__median,activity,MCI vs CN,8042.0,8340.0,-0.000750938673341677,0.000750938673341677,47,85
activity__seq_activity_met_low_high_delta__std,activity,MCI vs CN,0.23821194469928741,0.23421502113342285,0.000750938673341677,0.000750938673341677,47,85
sleep__seq_sleep_rmssd_q90__mean,sleep,MCI vs CN,44.54578399658203,43.27846145629883,-0.000750938673341677,0.000750938673341677,47,85
sleep__scalar_sleep_temperature_delta__q90,sleep,MCI vs CN,0.3199999928474426,0.3100000023841858,-0.0005006257822277847,0.0005006257822277847,47,85
sleep__scalar_sleep_temperature_deviation__q90,sleep,MCI vs CN,0.3199999928474426,0.3100000023841858,-0.0005006257822277847,0.0005006257822277847,47,85
sleep__seq_sleep_rmssd_iqr__median,sleep,MCI vs CN,12.0,12.0,0.0005006257822277847,0.0005006257822277847,47,85
activity__scalar_activity_cal_active__median,activity,MCI vs CN,458.5,435.0,0.00025031289111389235,0.00025031289111389235,47,85
activity__scalar_activity_score_training_frequency__iqr,activity,MCI vs CN,0.0,0.0,0.00025031289111389235,0.00025031289111389235,47,85
sleep__seq_sleep_hr_median__rank_slope,sleep,MCI vs CN,-0.3315363824367523,-0.5827868580818176,0.00025031289111389235,0.00025031289111389235,47,85
activity__scalar_activity_inactivity_alerts__q10,activity,MCI vs CN,0.0,0.0,0.0,0.0,47,85
activity__scalar_activity_rest__q90,activity,MCI vs CN,611.0,618.0,0.0,0.0,47,85
activity__scalar_activity_score_move_every_hour__q90,activity,MCI vs CN,100.0,100.0,0.0,0.0,47,85
activity__seq_activity_met_q10__q90,activity,MCI vs CN,0.8999999761581421,0.8999999761581421,0.0,0.0,47,85
mmse__q02,MMSE,MCI vs CN,2.0,2.0,0.0,0.0,47,85
mmse__q06,MMSE,MCI vs CN,2.0,2.0,0.0,0.0,47,85
mmse__q07,MMSE,MCI vs CN,2.0,2.0,0.0,0.0,47,85
mmse__q11_1,MMSE,MCI vs CN,2.0,2.0,0.0,0.0,47,85
mmse__q11_2,MMSE,MCI vs CN,2.0,2.0,0.0,0.0,47,85
mmse__q11_3,MMSE,MCI vs CN,2.0,2.0,0.0,0.0,47,85
mmse__q12_total,MMSE,MCI vs CN,0.0,0.0,0.0,0.0,47,85
mmse__q14_2,MMSE,MCI vs CN,2.0,2.0,0.0,0.0,47,85
mmse__q16_2,MMSE,MCI vs CN,2.0,2.0,0.0,0.0,47,85
